clip_id|text|normalized_text
GEN_002_001|Kẹnẹ a ma odjuvwu vẹ akpọ kugbe obo re vọnrọ ejobi wan.|Kẹnẹ a ma odjuvwu vẹ akpọ kugbe obo re vọnrọ ejobi wan.
GEN_002_006|ẹkẹvuọvo evwru kọye di muẹ nẹ otọ na kpenu ọ Me rhe kpọrhọ otọ na ejobi -|ẹkẹvuọvo evwru kọye di muẹ nẹ otọ na kpenu ọ Me rhe kpọrhọ otọ na ejobi -
GEN_002_007|kọye Ọrovwohwo Ọghẹnẹ da vwẹ ekpẹn rẹ otọ na vwọ ma ohwo, ọ da wẹn ẹwẹn rẹ arhọ na phihọ iwen rọye, ohwo de hirhe ohwo ọkpokpọ.|kọye Ọrovwohwo Ọghẹnẹ da vwẹ ekpẹn rẹ otọ na vwọ ma ohwo, ọ da wẹn ẹwẹn rẹ arhọ na phihọ iwen rọye, ohwo de hirhe ohwo ọkpokpọ.
GEN_002_010|Urhie da va phia vwẹ Idẹn rere ọrhuọrhuọ udju na, Etiyin ọ da jẹn eghọn ẹne.|Urhie da va phia vwẹ Idẹn rere ọrhuọrhuọ udju na, Etiyin ọ da jẹn eghọn ẹne.
GEN_002_011|Odẹ rẹ ọrẹsosuọ Pishọn, ọna re djẹ nene ubrotọ ri Havila, ra da mrẹ oro;|Odẹ rẹ ọrẹsosuọ Pishọn, ọna re djẹ nene ubrotọ ri Havila, ra da mrẹ oro;
GEN_002_012|oro rẹ otọ na pha yoyovwi; bideliọm vẹ oragha rẹ oniks; je otọ na rhe.|oro rẹ otọ na pha yoyovwi; bideliọm vẹ oragha rẹ oniks; je otọ na rhe.
GEN_002_013|Odẹ rẹ urhie rivẹ ki Gihọn, urhie nana re djẹ wan ubrotọ ri Kush.|Odẹ rẹ urhie rivẹ ki Gihọn, urhie nana re djẹ wan ubrotọ ri Kush.
GEN_002_014|Odẹ rẹ urhie rerha ki Tigris, rọ djẹ nene obọrhe rẹ Asira. Urhie rẹne ki Yufretis.|Odẹ rẹ urhie rerha ki Tigris, rọ djẹ nene obọrhe rẹ Asira. Urhie rẹne ki Yufretis.
GEN_002_015|Ọrovwohwo Ọghẹnẹ da reyọ ohwo na o de phio phihọ udju rẹ Idẹn na rere ọ sẹro rọye.|Ọrovwohwo Ọghẹnẹ da reyọ ohwo na o de phio phihọ udju rẹ Idẹn na rere ọ sẹro rọye.
GEN_002_016|Ọrovwohwo Ọghẹnẹ de ji urhi kẹ ohwo na, nẹ, Wọ sa re omamọ komamọ rẹ udju na obo ri jẹn we;|Ọrovwohwo Ọghẹnẹ de ji urhi kẹ ohwo na, nẹ, Wọ sa re omamọ komamọ rẹ udju na obo ri jẹn we;
GEN_002_018|Ọrovwohwo Ọghẹnẹ da ta, Oyoma rere ọshare ọvo vwọ dia sogono-o, Me ma ọchuko ro fori vwọ kẹ.|Ọrovwohwo Ọghẹnẹ da ta, Oyoma rere ọshare ọvo vwọ dia sogono-o, Me ma ọchuko ro fori vwọ kẹ.
GEN_002_019|Kọye vwẹ evun rẹ otọ na re, Ọrovwohwo Ọghẹnẹ da ma eranvwe keranvwe rẹ aghwa na kugbe ọphran kọphran rẹ enu na, ọ da ghwẹ ayen vwọ kẹ ohwo na sọsa mrẹ obo ro se ayen; obo rẹ ohwo na se eranvwe keranvwe ekpokpọ na, kẹ odẹ yena ese.|Kọye vwẹ evun rẹ otọ na re, Ọrovwohwo Ọghẹnẹ da ma eranvwe keranvwe rẹ aghwa na kugbe ọphran kọphran rẹ enu na, ọ da ghwẹ ayen vwọ kẹ ohwo na sọsa mrẹ obo ro se ayen; obo rẹ ohwo na se eranvwe keranvwe ekpokpọ na, kẹ odẹ yena ese.
GEN_002_020|Ohwo na de mu odẹ kẹ uchuru ejobi, vwọ kẹ ephran rẹ obenu na, ji te eranvwe rẹ aghwa na, ẹkẹvuọvo vwọ kẹ ekpuyovwi rẹ ohwo na a gbe mrẹ ọchuko ro fori vwọ kẹ-ẹ.|Ohwo na de mu odẹ kẹ uchuru ejobi, vwọ kẹ ephran rẹ obenu na, ji te eranvwe rẹ aghwa na, ẹkẹvuọvo vwọ kẹ ekpuyovwi rẹ ohwo na a gbe mrẹ ọchuko ro fori vwọ kẹ-ẹ.
GEN_002_021|Kọye Ọrovwohwo Ọghẹnẹ da vwẹ ovwerhe rode vwo mu ohwo na, rọ vwọ vwerhẹ re ọ da reyọ ubiedada rọye ode ko di;|Kọye Ọrovwohwo Ọghẹnẹ da vwẹ ovwerhe rode vwo mu ohwo na, rọ vwọ vwerhẹ re ọ da reyọ ubiedada rọye ode ko di;
GEN_002_022|ubiedada rẹ Ọrovwohwo Ọghẹnẹ reyọre nẹ oma rẹ ọshare rhe na o da vwọ ma aye ọ da reyọ vwọ kẹ ọshare na.|ubiedada rẹ Ọrovwohwo Ọghẹnẹ reyọre nẹ oma rẹ ọshare rhe na o da vwọ ma aye ọ da reyọ vwọ kẹ ọshare na.
GEN_002_023|Etiyin ọshare na da ta, Ọnana ubeku mẹ kugbe uvwo rẹ uvwo mẹ, ke se nẹ Aye, fikiridie oma rẹ ọshare esiro nurhe.|Etiyin ọshare na da ta, Ọnana ubeku mẹ kugbe uvwo rẹ uvwo mẹ, ke se nẹ Aye, fikiridie oma rẹ ọshare esiro nurhe.
GEN_002_024|Fiki rẹ ọtiọye na ọshare vwọ yan jẹn ọsẹ rọye vẹ oni rọye vwo kọ rhe gbanọ aye rọye, ayen ke dia oma ọvo.|Fiki rẹ ọtiọye na ọshare vwọ yan jẹn ọsẹ rọye vẹ oni rọye vwo kọ rhe gbanọ aye rọye, ayen ke dia oma ọvo.
GEN_002_025|Te ọshare na ve aye rọye da ban phihọ, yẹ oma vo aye-en.|Te ọshare na ve aye rọye da ban phihọ, yẹ oma vo aye-en.
GEN_006_003|Etiyin Ọrovwohwo da ta, Erhi Me sa dia evun rẹ ohwo bẹdẹ-ẹ, fikiridie uvwo oruẹ, ẹkẹvuọvo ẹdẹ rẹ akpọ rọye kẹ ikpe ujosa kọye ọ dia.|Etiyin Ọrovwohwo da ta, Erhi Me sa dia evun rẹ ohwo bẹdẹ-ẹ, fikiridie uvwo oruẹ, ẹkẹvuọvo ẹdẹ rẹ akpọ rọye kẹ ikpe ujosa kọye ọ dia.
GEN_006_004|Yi Nẹfilim evun rẹ akpọ vwẹ ọke yena, kọye vwẹ ukuko rọye re, rẹ emọ rẹ Ọghẹnẹ vwo bru emetẹ rẹ ihwo rẹ akpọ rhire, i de vwiẹ emọ kẹ ayen. Enana kẹ eye egba rẹ awanre, ri kperi usi.|Yi Nẹfilim evun rẹ akpọ vwẹ ọke yena, kọye vwẹ ukuko rọye re, rẹ emọ rẹ Ọghẹnẹ vwo bru emetẹ rẹ ihwo rẹ akpọ rhire, i de vwiẹ emọ kẹ ayen. Enana kẹ eye egba rẹ awanre, ri kperi usi.
GEN_006_009|Enana ke ye orua ri Noa. Noa kẹ ọvwata oruẹ, o vwo eka vwẹ orua rọye na-a; Noa da yan kpahọ Ọghẹnẹ.|Enana ke ye orua ri Noa. Noa kẹ ọvwata oruẹ, o vwo eka vwẹ orua rọye na-a; Noa da yan kpahọ Ọghẹnẹ.
GEN_006_010|Noa de vwo emeshare erha, Shẹm, Ham kugbe Jafet.|Noa de vwo emeshare erha, Shẹm, Ham kugbe Jafet.
GEN_006_011|Akpọ na de rhi gbeku vwẹ obaro rẹ Ọghẹnẹ, akpọ na ke je vọn vẹ ozighi.|Akpọ na de rhi gbeku vwẹ obaro rẹ Ọghẹnẹ, akpọ na ke je vọn vẹ ozighi.
GEN_006_012|Ọghẹnẹ da mrẹ akpọ na, nighe, o de gbeku; fikiridie uvwo ejobi gbeku tughu vwẹ enu rẹ akpọ na.|Ọghẹnẹ da mrẹ akpọ na, nighe, o de gbeku; fikiridie uvwo ejobi gbeku tughu vwẹ enu rẹ akpọ na.
GEN_006_013|Ọghẹnẹ da ta ki Noa, Me guọnọre ne Me guọghọ emu ejobi nẹ akpọ na, kidie akpọ na vọnre vẹ ozighi fiki rẹ ayen, nighe, Me guọghọ ayen vẹ akpọ na.|Ọghẹnẹ da ta ki Noa, Me guọnọre ne Me guọghọ emu ejobi nẹ akpọ na, kidie akpọ na vọnre vẹ ozighi fiki rẹ ayen, nighe, Me guọghọ ayen vẹ akpọ na.
GEN_006_014|Gba vwẹ urhe ri gofa kare okọ, kare ivun phihọ okọ na, wọ nabọ pharọ te obevun te otafe vẹ orhọrhe.|Gba vwẹ urhe ri gofa kare okọ, kare ivun phihọ okọ na, wọ nabọ pharọ te obevun te otafe vẹ orhọrhe.
GEN_006_015|Ọtiọna kọye wo ruo: ugrogro rẹ okọ na kubit uri gbẹ ujori, ohẹhẹre rọye kubit ujuvẹ gbẹ ihwe, ekodo rọye kubit ọgban.|Ọtiọna kọye wo ruo: ugrogro rẹ okọ na kubit uri gbẹ ujori, ohẹhẹre rọye kubit ujuvẹ gbẹ ihwe, ekodo rọye kubit ọgban.
GEN_006_016|Bọ uwevwi phihọ enu rẹ okọ na, re okpenu te kubit ọvo; re wo phi ẹchẹ phihọ okọkọ rọye, gba agbada erha phihọ, ọvo obenu, ọvo uherevie, ọvo obotọ.|Bọ uwevwi phihọ enu rẹ okọ na, re okpenu te kubit ọvo; re wo phi ẹchẹ phihọ okọkọ rọye, gba agbada erha phihọ, ọvo obenu, ọvo uherevie, ọvo obotọ.
GEN_006_018|Ẹkẹvuọvo ke Me vẹ owẹ re ọphọ; ko wọ cha ro evun rẹ okọ na, te owẹ te emọ wẹn, aye wẹn te eya rẹ emọ wẹn.|Ẹkẹvuọvo ke Me vẹ owẹ re ọphọ; ko wọ cha ro evun rẹ okọ na, te owẹ te emọ wẹn, aye wẹn te eya rẹ emọ wẹn.
GEN_006_019|Kugbe emu kemu ejobi ri vwo ẹnwẹn vwẹ akpọ na, ku wọ reyọ ayen ivivẹ, dohwo doghẹre rọye phihọ evun rẹ okọ na, rere ayen vẹ owẹ vwọ sa rhọ, ke dia aye gbe ọshare.|Kugbe emu kemu ejobi ri vwo ẹnwẹn vwẹ akpọ na, ku wọ reyọ ayen ivivẹ, dohwo doghẹre rọye phihọ evun rẹ okọ na, rere ayen vẹ owẹ vwọ sa rhọ, ke dia aye gbe ọshare.
GEN_006_020|Ọphra, dọphra doghẹre rọye, eranvwe, deranvwe doka rọye, obo ri kpono vwẹ otọ na doka rọye, ivẹ oghẹre ọvo eye ri che bru we rhe, re wọ mrasa sivwi ayen rhọ.|Ọphra, dọphra doghẹre rọye, eranvwe, deranvwe doka rọye, obo ri kpono vwẹ otọ na doka rọye, ivẹ oghẹre ọvo eye ri che bru we rhe, re wọ mrasa sivwi ayen rhọ.
GEN_006_021|Je reyọ obo rẹ unu ria demu doka rọye, ghwẹ ayen koko wọ nabọ sẹro rayen; kọ dia emu kẹ wẹ vẹ ayen.|Je reyọ obo rẹ unu ria demu doka rọye, ghwẹ ayen koko wọ nabọ sẹro rayen; kọ dia emu kẹ wẹ vẹ ayen.
GEN_006_022|Noa de ru ọna; o de ru emu ejobi rẹ Ọghẹnẹ dje kẹ nẹ o ru.|Noa de ru ọna; o de ru emu ejobi rẹ Ọghẹnẹ dje kẹ nẹ o ru.
GEN_007_001|Etiyin Ọrovwohwo da ta kẹ Noa, Gba ro evun rẹ okọ na, wẹ kugbe evwruwevwi wẹn ejobi, fikiridie Me mrere nẹ wẹ ọvwata vwẹ obaro mẹ vwẹ evun rẹ uvwiẹ nana.|Etiyin Ọrovwohwo da ta kẹ Noa, Gba ro evun rẹ okọ na, wẹ kugbe evwruwevwi wẹn ejobi, fikiridie Me mrere nẹ wẹ ọvwata vwẹ obaro mẹ vwẹ evun rẹ uvwiẹ nana.
GEN_007_002|Gba reyọ oka rẹ eranvwe ighwrẹ ivivẹ ri tete oma, ọ rẹ ọshare vẹ ọ rẹ aye kugbe eranvwe ivivẹ ri gbe oma, ọ rẹ ọshare vẹ aye rọye;|Gba reyọ oka rẹ eranvwe ighwrẹ ivivẹ ri tete oma, ọ rẹ ọshare vẹ ọ rẹ aye kugbe eranvwe ivivẹ ri gbe oma, ọ rẹ ọshare vẹ aye rọye;
GEN_007_003|kugbe oka rẹ ephra ri obenu na ighwrẹ ivivẹ rhe, ọshare vẹ aye, rere ayen vwo jẹ ghwọrọ kakare nẹ enu rẹ akpọ na.|kugbe oka rẹ ephra ri obenu na ighwrẹ ivivẹ rhe, ọshare vẹ aye, rere ayen vwo jẹ ghwọrọ kakare nẹ enu rẹ akpọ na.
GEN_007_004|Kidie ẹdẹ ighwrẹ chekọ, re Me cha vwọ vwẹ osio rhe akpọ na uvo ujuvẹ kugbe ason ujuvẹ, emu kemu ro vwo ẹnwẹn re Me mare na ejobi ki mi phoro kakare nẹ enu rẹ otọ na.|Kidie ẹdẹ ighwrẹ chekọ, re Me cha vwọ vwẹ osio rhe akpọ na uvo ujuvẹ kugbe ason ujuvẹ, emu kemu ro vwo ẹnwẹn re Me mare na ejobi ki mi phoro kakare nẹ enu rẹ otọ na.
GEN_007_005|Noa de ru emu ejobi rẹ Ọrovwohwo dje kẹ na.|Noa de ru emu ejobi rẹ Ọrovwohwo dje kẹ na.
GEN_007_006|Noa da dia ikpe uri erha ọghwo te vwẹ ọke rẹ oghwe na vwo ku akpọ na.|Noa da dia ikpe uri erha ọghwo te vwẹ ọke rẹ oghwe na vwo ku akpọ na.
GEN_007_007|Te Noa vẹ emọ rọye vẹ aye rọye te eya rẹ emọ rọye vẹ ọye da ro evun rẹ okọ na, rẹ ayen vwo nẹ ughwu rẹ ame na.|Te Noa vẹ emọ rọye vẹ aye rọye te eya rẹ emọ rọye vẹ ọye da ro evun rẹ okọ na, rẹ ayen vwo nẹ ughwu rẹ ame na.
GEN_007_008|Eranvwe ri tete oma, kugbe iri gbe oma, te ephra, te obo ri kpono vwẹ otọ na,|Eranvwe ri tete oma, kugbe iri gbe oma, te ephra, te obo ri kpono vwẹ otọ na,
GEN_007_009|ivivẹ ọshare kugbe aye, vẹ Noa da ro evun rẹ okọ na, kirobo rẹ Ọghẹnẹ dje kẹ Noa.|ivivẹ ọshare kugbe aye, vẹ Noa da ro evun rẹ okọ na, kirobo rẹ Ọghẹnẹ dje kẹ Noa.
GEN_007_010|Ẹdẹ ighwrẹ vwọ wan nu oghwe na de rhi ku akpọ na.|Ẹdẹ ighwrẹ vwọ wan nu oghwe na de rhi ku akpọ na.
GEN_007_011|Vwẹ ikpe uri erha rẹ akpọ ri Noa, vwẹ emeranvwe rivẹ, vwẹ ẹdẹ ihwe gbẹ ighwrẹ rẹ emeranvwe na, vwẹ ẹdẹ vuọvo yena, ogbugbu kugbe ikokodo rẹ akpọ na da va phia, evakpo rẹ obo odjuvwu na de rhie phihọ.|Vwẹ ikpe uri erha rẹ akpọ ri Noa, vwẹ emeranvwe rivẹ, vwẹ ẹdẹ ihwe gbẹ ighwrẹ rẹ emeranvwe na, vwẹ ẹdẹ vuọvo yena, ogbugbu kugbe ikokodo rẹ akpọ na da va phia, evakpo rẹ obo odjuvwu na de rhie phihọ.
GEN_007_012|Osio da rhọ phihọ akpọ uvo ujuvẹ kugbe ason ujuvẹ.|Osio da rhọ phihọ akpọ uvo ujuvẹ kugbe ason ujuvẹ.
GEN_007_013|Vwẹ ẹdẹ ọvuọvo na Noa vẹ emọ rọye, Shẹm vi Ham kugbe Jafẹt, aye ri Noa vẹ eya erha rẹ emọ rọye ejobi da ro evun rẹ okọ,|Vwẹ ẹdẹ ọvuọvo na Noa vẹ emọ rọye, Shẹm vi Ham kugbe Jafẹt, aye ri Noa vẹ eya erha rẹ emọ rọye ejobi da ro evun rẹ okọ,
GEN_007_014|te ayen kugbe eranvwe keranvwe, deranvwe doka, te uchuru duchuru doka rọye, dọphra doka rọye.|te ayen kugbe eranvwe keranvwe, deranvwe doka, te uchuru duchuru doka rọye, dọphra doka rọye.
GEN_007_016|Ayen da ruọ, ọshare vẹ aye rẹ emama na ejobi, kirobo rẹ Ọghẹnẹ dje kẹ, Ọrovwohwo de huho gbe.|Ayen da ruọ, ọshare vẹ aye rẹ emama na ejobi, kirobo rẹ Ọghẹnẹ dje kẹ, Ọrovwohwo de huho gbe.
GEN_007_017|Oghwe na de ku ẹdẹ ujuvẹ vwẹ enu rẹ akpọ na, ame na de bu phihọ, o de mu okọ na kpenu, ọ da kpare kpenu phenephene.|Oghwe na de ku ẹdẹ ujuvẹ vwẹ enu rẹ akpọ na, ame na de bu phihọ, o de mu okọ na kpenu, ọ da kpare kpenu phenephene.
GEN_007_019|Ame na de rhi bu gangan o de rhi reghe igbenu ride ejobi ri otọ rẹ akpọ na,|Ame na de rhi bu gangan o de rhi reghe igbenu ride ejobi ri otọ rẹ akpọ na,
GEN_007_020|ame na vwo reghe igbenu na nu, ọ ke rha je kpare kubit ihwiori.|ame na vwo reghe igbenu na nu, ọ ke rha je kpare kubit ihwiori.
GEN_007_022|kemu kemu rọ otọ ọyaya na rọ vwẹ unwe nwẹn ejobi de ghwure.|kemu kemu rọ otọ ọyaya na rọ vwẹ unwe nwẹn ejobi de ghwure.
GEN_007_023|O de phoro kemu kemu ejobi ro vwo arhọ re yan vwẹ enu rẹ otọ na no, ohwo, eranvwe, obo ri kpono, ephra rẹ enu; e de phoro ayen nẹ akpọ na, Noa ọvo kọye ri chekọ, kugbe ihwo re vẹ ọye gba herọ vwẹ evun rẹ oko na.|O de phoro kemu kemu ejobi ro vwo arhọ re yan vwẹ enu rẹ otọ na no, ohwo, eranvwe, obo ri kpono, ephra rẹ enu; e de phoro ayen nẹ akpọ na, Noa ọvo kọye ri chekọ, kugbe ihwo re vẹ ọye gba herọ vwẹ evun rẹ oko na.
GEN_007_024|Ame na de reghe akpọ na ẹdẹ ujuvẹ gbẹ ihwe.|Ame na de reghe akpọ na ẹdẹ ujuvẹ gbẹ ihwe.
GEN_008_001|Ẹkẹvuọvo Ọghẹnẹ da rhe karohọ Noa vẹ eranvwe rẹ aghwa na ejobi kugbe uchuru ejobi re vẹ ọye gba ro evun rẹ okọ na Ọghẹnẹ da vwẹ odju rhe nẹ o gbe dju enu rẹ akpọ na, ame na de rhi rhirẹn,|Ẹkẹvuọvo Ọghẹnẹ da rhe karohọ Noa vẹ eranvwe rẹ aghwa na ejobi kugbe uchuru ejobi re vẹ ọye gba ro evun rẹ okọ na Ọghẹnẹ da vwẹ odju rhe nẹ o gbe dju enu rẹ akpọ na, ame na de rhi rhirẹn,
GEN_008_003|ame na de si reyọ kọke kọke. Vwẹ oba rẹ ẹdẹ ujori gbẹ ujuvẹ gbẹ ihwe re, ame na da rhe kpọ;|ame na de si reyọ kọke kọke. Vwẹ oba rẹ ẹdẹ ujori gbẹ ujuvẹ gbẹ ihwe re, ame na da rhe kpọ;
GEN_008_005|Ame na kẹ ẹkpọ ẹkpọ bẹsiẹ ro rhi vwo te emeranvwe rẹ ihwe vwẹ ẹdẹ rẹ ẹsosuọ rẹ emeranvwe na, enu rẹ igbenu na ejobi da rhe kpọ phia.|Ame na kẹ ẹkpọ ẹkpọ bẹsiẹ ro rhi vwo te emeranvwe rẹ ihwe vwẹ ẹdẹ rẹ ẹsosuọ rẹ emeranvwe na, enu rẹ igbenu na ejobi da rhe kpọ phia.
GEN_008_006|Vwẹ ẹdẹ ujuvẹ vwọ wan nu Noa de rhie evakpo rẹ okọ na rọ kare na,|Vwẹ ẹdẹ ujuvẹ vwọ wan nu Noa de rhie evakpo rẹ okọ na rọ kare na,
GEN_008_007|o de siobọ nẹ okpemu, o da rha kpenẹ kpenẹ bẹsiẹ rẹ ame na rhe vwọ kpọ nẹ akpọ na.|o de siobọ nẹ okpemu, o da rha kpenẹ kpenẹ bẹsiẹ rẹ ame na rhe vwọ kpọ nẹ akpọ na.
GEN_008_008|Ọ da rhoma siobọ nẹ inekuku ro re ni sẹ ame na kpọ nẹ otọ na re;|Ọ da rhoma siobọ nẹ inekuku ro re ni sẹ ame na kpọ nẹ otọ na re;
GEN_008_013|Vwẹ evun rẹ ikpe uri erha gbẹ ọvo, vwẹ emeranvwe rẹ ẹsosuọ, ẹdẹ rẹ ẹsosuọ rẹ emeranvwe na, ame na da kpọ nẹ otọ na kakare; Noa da fan uwevwi rẹ okọ na nu, o vwo ni, nighe, enu rẹ otọ na ejobi kpọre.|Vwẹ evun rẹ ikpe uri erha gbẹ ọvo, vwẹ emeranvwe rẹ ẹsosuọ, ẹdẹ rẹ ẹsosuọ rẹ emeranvwe na, ame na da kpọ nẹ otọ na kakare; Noa da fan uwevwi rẹ okọ na nu, o vwo ni, nighe, enu rẹ otọ na ejobi kpọre.
GEN_008_015|Ọghẹnẹ da ta ki Noa,|Ọghẹnẹ da ta ki Noa,
GEN_008_016|Gba yan phia nẹ evun rẹ okọ na, wẹ te aye wẹn, vẹ emọ wẹn te eya rẹ emọ wẹn|Gba yan phia nẹ evun rẹ okọ na, wẹ te aye wẹn, vẹ emọ wẹn te eya rẹ emọ wẹn
GEN_008_019|Keranvwe keranvwe, kemu kemu ro kpono, kọphra kọphra, kemu kemu ro yan vwẹ akpọ na, e da yan otuotu nẹ evun rẹ okọ na rhe.|Keranvwe keranvwe, kemu kemu ro kpono, kọphra kọphra, kemu kemu ro yan vwẹ akpọ na, e da yan otuotu nẹ evun rẹ okọ na rhe.
GEN_008_020|Noa da so agbada kẹ Ọrovwohwo, ọ da reyọ eranvwe keranvwe ro tete oma, kugbe kọphra kọphra ro tete oma, o de ze izobo rẹ ẹtorhẹ vwẹ enu rẹ agbada na.|Noa da so agbada kẹ Ọrovwohwo, ọ da reyọ eranvwe keranvwe ro tete oma, kugbe kọphra kọphra ro tete oma, o de ze izobo rẹ ẹtorhẹ vwẹ enu rẹ agbada na.
GEN_008_022|Ọke rẹ akpọ na dia krite na, ọke ekankọn kugbe ọke orhọ ekpae kugbe oheri, ọkeuvo kugbe ohwahwa, uvo kugbe ason se re bẹdẹ-ẹ.|Ọke rẹ akpọ na dia krite na, ọke ekankọn kugbe ọke orhọ ekpae kugbe oheri, ọkeuvo kugbe ohwahwa, uvo kugbe ason se re bẹdẹ-ẹ.
GEN_009_002|Oshọ wẹn kugbe udidi wẹn ko mu eranvwe keranvwe rẹ akpọ na, ji te ọphra kọphra rọ obenu na, emu kemu ejobi ro kpono vwẹ otọ na kugbe erin rẹ ame; mi phi ayen ejobi phihọ obọ wẹn,|Oshọ wẹn kugbe udidi wẹn ko mu eranvwe keranvwe rẹ akpọ na, ji te ọphra kọphra rọ obenu na, emu kemu ejobi ro kpono vwẹ otọ na kugbe erin rẹ ame; mi phi ayen ejobi phihọ obọ wẹn,
GEN_009_003|emu kemu ejobi rọ yan ro vwo arhọ kọ dia emuọre kẹ wẹ, kirobo Me vwẹ ifọn kẹ wẹ na, Me je kẹ wẹ emu ejobi.|emu kemu ejobi rọ yan ro vwo arhọ kọ dia emuọre kẹ wẹ, kirobo Me vwẹ ifọn kẹ wẹ na, Me je kẹ wẹ emu ejobi.
GEN_009_004|Ẹkẹvuọvo wọ ria uvwo vẹ arhọ rọye-e, kọye ọbara rọye.|Ẹkẹvuọvo wọ ria uvwo vẹ arhọ rọye-e, kọye ọbara rọye.
GEN_009_006|Ohwo ro sun ọbara rẹ ohwo te otọ, ohwo ọfa ji sun ọbara rọye te otọ, kidie Ọghẹnẹ ma ohwo vwẹ uhoho rọye.|Ohwo ro sun ọbara rẹ ohwo te otọ, ohwo ọfa ji sun ọbara rọye te otọ, kidie Ọghẹnẹ ma ohwo vwẹ uhoho rọye.
GEN_009_007|Vwọ kẹ ovwan, we vwiẹ ri we bu phihọ, we vwiẹ buebu vwẹ akpọ na ru we bu phihọ.|Vwọ kẹ ovwan, we vwiẹ ri we bu phihọ, we vwiẹ buebu vwẹ akpọ na ru we bu phihọ.
GEN_009_008|Etiyin Ọghẹnẹ da ta kẹ Noa vẹ emọ rọye,|Etiyin Ọghẹnẹ da ta kẹ Noa vẹ emọ rọye,
GEN_009_009|Nighe, ke Me vẹ owẹ cha re ọphọ kugbe uvwiẹ wẹn rọ cha vwẹ obuko wẹn,|Nighe, ke Me vẹ owẹ cha re ọphọ kugbe uvwiẹ wẹn rọ cha vwẹ obuko wẹn,
GEN_009_010|kugbe eranvwe keranvwe ekpokpọ re vẹ owẹ gba herọ, uche ri nene uwe nẹ evun rẹ okọ na rhe.|kugbe eranvwe keranvwe ekpokpọ re vẹ owẹ gba herọ, uche ri nene uwe nẹ evun rẹ okọ na rhe.
GEN_009_011|Me vẹ owẹ ke re ọphọ, ne Me gbe cha vwẹ ame rẹ oghwe vwo hwe uvwo ejobi ọfa eyẹ vwọ vwẹ oghwe vwọ ghwọrọ akpọ na ọfa-a.|Me vẹ owẹ ke re ọphọ, ne Me gbe cha vwẹ ame rẹ oghwe vwo hwe uvwo ejobi ọfa eyẹ vwọ vwẹ oghwe vwọ ghwọrọ akpọ na ọfa-a.
GEN_009_012|Ọghẹnẹ da ta, Ọnana kọ cha dia oka rọ ọphọ na re Me vẹ owẹ kugbe eranvwe keranvwe rọ herọ re Me mare na cha re, kugbe uvwiẹ rọ cha vwẹ obaro wẹ;|Ọghẹnẹ da ta, Ọnana kọ cha dia oka rọ ọphọ na re Me vẹ owẹ kugbe eranvwe keranvwe rọ herọ re Me mare na cha re, kugbe uvwiẹ rọ cha vwẹ obaro wẹ;
GEN_009_015|ke Me karohọ ọphọ rọ herọ vwẹ uvwre mẹ vẹ owẹ kugbe eranvwe keranvwe rọ herọ re Me mare ejobi, ame na gbi che hirhe oma phihọ oghwe rọ ghwọrọ ohwo ọfa-a.|ke Me karohọ ọphọ rọ herọ vwẹ uvwre mẹ vẹ owẹ kugbe eranvwe keranvwe rọ herọ re Me mare ejobi, ame na gbi che hirhe oma phihọ oghwe rọ ghwọrọ ohwo ọfa-a.
GEN_009_016|Ọke rẹ aphoro na da obenu, ki mi no ke Me karohọ ọphọ ri bẹdẹ rọ uvwre rẹ Ọghẹnẹ kugbe eranvwe keranvwe ekpokpọ rọ herọ re Me mare vwẹ akpọ na.|Ọke rẹ aphoro na da obenu, ki mi no ke Me karohọ ọphọ ri bẹdẹ rọ uvwre rẹ Ọghẹnẹ kugbe eranvwe keranvwe ekpokpọ rọ herọ re Me mare vwẹ akpọ na.
GEN_009_017|Ọghẹnẹ da ta ki Noa, Ọnana kẹ oka rẹ ọphọ na ri mi vwo mu vwẹ uvwre mẹ kugbe uvwo ejobi rọ enu rẹ akpọ na.|Ọghẹnẹ da ta ki Noa, Ọnana kẹ oka rẹ ọphọ na ri mi vwo mu vwẹ uvwre mẹ kugbe uvwo ejobi rọ enu rẹ akpọ na.
GEN_009_019|Enana erha na keye emọ ri Noa; enana erha na keye ri vwiẹ akpọ na soso.|Enana erha na keye emọ ri Noa; enana erha na keye ri vwiẹ akpọ na soso.
GEN_009_020|Noa kọye ọghwẹrẹ rẹ ẹsosuọ rọ tu voro otọ na. Ọ da kọn ogba ri vain,|Noa kọye ọghwẹrẹ rẹ ẹsosuọ rọ tu voro otọ na. Ọ da kọn ogba ri vain,
GEN_009_021|ọ da da udi ri vain na, udi de muo, o de shevwerhẹ otọ rẹ utughẹ rọye vẹ ẹbẹba.|ọ da da udi ri vain na, udi de muo, o de shevwerhẹ otọ rẹ utughẹ rọye vẹ ẹbẹba.
GEN_009_022|Ham, rẹ ọsẹ ri Kenan, da mrẹ ẹba rẹ ọsẹ rọye, o de rhi gbe ikun kẹ iniọvo rọye vwẹ otafe.|Ham, rẹ ọsẹ ri Kenan, da mrẹ ẹba rẹ ọsẹ rọye, o de rhi gbe ikun kẹ iniọvo rọye vwẹ otafe.
GEN_009_025|ọ da ta, Eka ki Kenan, ọviẹn rẹ ọviẹn wọ dia kẹ iniọvo wẹn.|ọ da ta, Eka ki Kenan, ọviẹn rẹ ọviẹn wọ dia kẹ iniọvo wẹn.
GEN_009_026|Ọ da je ta, Ọrovwohwo rẹ Ọghẹnẹ mẹ bruba kẹ Shẹm, gbe ji Kenan dia ọviẹn rọye.|Ọ da je ta, Ọrovwohwo rẹ Ọghẹnẹ mẹ bruba kẹ Shẹm, gbe ji Kenan dia ọviẹn rọye.
GEN_009_027|Ọghẹnẹ hẹre ishamwa ri Jafẹt, e jọ dia itughẹ ri Shẹm, e je Kenan dia ọviẹn rọye.|Ọghẹnẹ hẹre ishamwa ri Jafẹt, e jọ dia itughẹ ri Shẹm, e je Kenan dia ọviẹn rọye.
GEN_009_028|Noa da rhoma dia akpọ na ikpe uri gbẹ ujughwrẹ gbẹ ihwe, vwẹ ọke rẹ oghwe na vwo kunu.|Noa da rhoma dia akpọ na ikpe uri gbẹ ujughwrẹ gbẹ ihwe, vwẹ ọke rẹ oghwe na vwo kunu.
GEN_009_029|Ẹdẹ rẹ akpọ ri Noa ejobi da dia ikpe uri ẹne gbẹ ujughwrẹ gbẹ ihwe o de ghwu.|Ẹdẹ rẹ akpọ ri Noa ejobi da dia ikpe uri ẹne gbẹ ujughwrẹ gbẹ ihwe o de ghwu.
GEN_011_001|Asakiephana akpọ na ejobi kẹ ephẹrẹ ọvo kugbe emeta tutuno.|Asakiephana akpọ na ejobi kẹ ephẹrẹ ọvo kugbe emeta tutuno.
GEN_011_002|Ọke rẹ ihwo vwọ kua nẹ abọ rẹ ọnre da vacha re, ayen da rhe mrẹ uphephe ọvo vwẹ otọ ri Shinar ayen da dia Etiyin.|Ọke rẹ ihwo vwọ kua nẹ abọ rẹ ọnre da vacha re, ayen da rhe mrẹ uphephe ọvo vwẹ otọ ri Shinar ayen da dia Etiyin.
GEN_011_008|Kọye Ọrovwohwo da hra ayen nene enu rẹ akpọ na ejobi, ayen gbe bọn orere na ọfa-a.|Kọye Ọrovwohwo da hra ayen nene enu rẹ akpọ na ejobi, ayen gbe bọn orere na ọfa-a.
GEN_011_009|Fiki rẹ ọtiọye na e de se odẹ rọye Babẹl, fikiridie Etiyin Ọrovwohwo de zighi ephẹrẹ rẹ akpọ na ejobi, kẹ Etiyin rhe Ọrovwohwo da hra ayen nene enu rẹ akpọ na ejobi.|Fiki rẹ ọtiọye na e de se odẹ rọye Babẹl, fikiridie Etiyin Ọrovwohwo de zighi ephẹrẹ rẹ akpọ na ejobi, kẹ Etiyin rhe Ọrovwohwo da hra ayen nene enu rẹ akpọ na ejobi.
GEN_011_010|Enana keye uvwiẹ ri Shẹm. Ọke ri Shẹm vwọ ghwo te ẹgbukpe ujori re, ọ da rhe dia ọsẹ ri Arpakshad, ikpe ivẹ rẹ oghwe na vwọ kpọnu;|Enana keye uvwiẹ ri Shẹm. Ọke ri Shẹm vwọ ghwo te ẹgbukpe ujori re, ọ da rhe dia ọsẹ ri Arpakshad, ikpe ivẹ rẹ oghwe na vwọ kpọnu;
GEN_011_011|Shẹm ke rha rhe dia ro vwo vwiẹ Arpakshad nu ikpe uri ivẹ gbẹ ujori, o de vwiẹ emeshare vẹ emetẹ.|Shẹm ke rha rhe dia ro vwo vwiẹ Arpakshad nu ikpe uri ivẹ gbẹ ujori, o de vwiẹ emeshare vẹ emetẹ.
GEN_011_012|Ọke rẹ Arpakshad vwọ dia ikpe ọgban gbẹ iyori re ọ da rhe dia ọsẹ ri Shelah;|Ọke rẹ Arpakshad vwọ dia ikpe ọgban gbẹ iyori re ọ da rhe dia ọsẹ ri Shelah;
GEN_011_013|Arpakshad vwo vwiẹ Shelah nu ọ da dia ikpe uri ivẹ gbẹ erha, o de rhe vwiẹ emeshare vẹ emetẹ.|Arpakshad vwo vwiẹ Shelah nu ọ da dia ikpe uri ivẹ gbẹ erha, o de rhe vwiẹ emeshare vẹ emetẹ.
GEN_011_014|Ri Shelah vwọ dia ikpe ọgban re, ọ da rhe dia ọsẹ rẹ Eber;|Ri Shelah vwọ dia ikpe ọgban re, ọ da rhe dia ọsẹ rẹ Eber;
GEN_011_015|ri Shelah vwo vwiẹ Eber nu, ọ da dia ikpe uri ivẹ gbẹ erha, o de vwiẹ emeshare vẹ emetẹ.|ri Shelah vwo vwiẹ Eber nu, ọ da dia ikpe uri ivẹ gbẹ erha, o de vwiẹ emeshare vẹ emetẹ.
GEN_011_016|Rẹ Eber vwọ dia ikpe ọgban gbẹ ẹne re, ọ da rhe dia ọsẹ ri Pẹlẹg,|Rẹ Eber vwọ dia ikpe ọgban gbẹ ẹne re, ọ da rhe dia ọsẹ ri Pẹlẹg,
GEN_011_017|rẹ Eber vwo vwiẹ Pẹlẹg nu ọ da dia ikpe uri ivẹ gbẹ ọgban, o de vwiẹ emeshare vẹ emetẹ.|rẹ Eber vwo vwiẹ Pẹlẹg nu ọ da dia ikpe uri ivẹ gbẹ ọgban, o de vwiẹ emeshare vẹ emetẹ.
GEN_011_018|Ri Pẹlẹg vwọ dia ikpe ọgban re, ọ da rhe dia ọsẹ ri Reu;|Ri Pẹlẹg vwọ dia ikpe ọgban re, ọ da rhe dia ọsẹ ri Reu;
GEN_011_019|Ri Pẹlẹg vwo vwiẹ Reu nu ọ da dia ikpe uri gbẹ irhiri, o de vwiẹ emeshare vẹ emetẹ.|Ri Pẹlẹg vwo vwiẹ Reu nu ọ da dia ikpe uri gbẹ irhiri, o de vwiẹ emeshare vẹ emetẹ.
GEN_011_020|Ri Reu vwọ dia ikpe ọgban gbẹ ivẹ re, ọ da rhe dia ọsẹ ri Serug,|Ri Reu vwọ dia ikpe ọgban gbẹ ivẹ re, ọ da rhe dia ọsẹ ri Serug,
GEN_011_021|ri Reu vwo vwiẹ Serug nu ọ da dia ikpe uri gbẹ ighwrẹ, o de vwiẹ emeshare vẹ emetẹ.|ri Reu vwo vwiẹ Serug nu ọ da dia ikpe uri gbẹ ighwrẹ, o de vwiẹ emeshare vẹ emetẹ.
GEN_011_022|Ri Serug vwọ dia ikpe ọgban re, ọ da rhe dia ọsẹ ri Nahọr,|Ri Serug vwọ dia ikpe ọgban re, ọ da rhe dia ọsẹ ri Nahọr,
GEN_011_023|Ri Serug vwo vwiẹ Nahọr nu, ọ da dia ikpe uri, ọ de vwiẹ emeshare vẹ emetẹ.|Ri Serug vwo vwiẹ Nahọr nu, ọ da dia ikpe uri, ọ de vwiẹ emeshare vẹ emetẹ.
GEN_011_024|Ọke ri Nahọr vwọ dia ikpe uje gbẹ irhiri re, ọ da rhe dia ọsẹ ri Terah;|Ọke ri Nahọr vwọ dia ikpe uje gbẹ irhiri re, ọ da rhe dia ọsẹ ri Terah;
GEN_011_025|ri Nahọr vwo vwiẹ Terah nu ọ da dia ikpe ujori gbẹ ihwe gbẹ irhiri, o de vwiẹ emeshare vẹ emetẹ.|ri Nahọr vwo vwiẹ Terah nu ọ da dia ikpe ujori gbẹ ihwe gbẹ irhiri, o de vwiẹ emeshare vẹ emetẹ.
GEN_011_026|Ri Terah vwọ dia ikpe ujorha gbẹ ihwe re, ọ da rhe dia ọsẹ rẹ Ebram, Nahọr, kugbe Haran.|Ri Terah vwọ dia ikpe ujorha gbẹ ihwe re, ọ da rhe dia ọsẹ rẹ Ebram, Nahọr, kugbe Haran.
GEN_011_027|Enana keye uvwiẹ ri Terah. Terah ọye ọsẹ rẹ Ebram, Nahọr kugbe Haran; Haran kọye ọsẹ ri Lọt.|Enana keye uvwiẹ ri Terah. Terah ọye ọsẹ rẹ Ebram, Nahọr kugbe Haran; Haran kọye ọsẹ ri Lọt.
GEN_011_029|Ebram vi Nahọr da reyọ eya, odẹ rẹ aye rẹ Ebram ki Serai, odẹ re aye ri Nahọr ki Milka, ọmọtẹ ri Haran ọsẹ ri Milka vẹ Iska.|Ebram vi Nahọr da reyọ eya, odẹ rẹ aye rẹ Ebram ki Serai, odẹ re aye ri Nahọr ki Milka, ọmọtẹ ri Haran ọsẹ ri Milka vẹ Iska.
GEN_011_030|Serai kẹ ẹga, o vwiẹ ọmọ-ọ.|Serai kẹ ẹga, o vwiẹ ọmọ-ọ.
GEN_011_032|Ẹdẹ rẹ akpọ ri Terah ejobi da dia ikpe uri gbe iyori, Terah de ghwu vwi Haran.|Ẹdẹ rẹ akpọ ri Terah ejobi da dia ikpe uri gbe iyori, Terah de ghwu vwi Haran.
GEN_012_001|Asakiephana Ọrovwohwo da ta kẹ Ebram, Yanran nẹ orho wẹn kugbe ekru wẹn kugbe uwevwi rẹ ọsẹ wẹn vwo kpo otọ ri mi che dje kẹ wẹ.|Asakiephana Ọrovwohwo da ta kẹ Ebram, Yanran nẹ orho wẹn kugbe ekru wẹn kugbe uwevwi rẹ ọsẹ wẹn vwo kpo otọ ri mi che dje kẹ wẹ.
GEN_012_002|Ki mi ru we vwọ dia ẹgborho buebu, ki mi bruphihọ kẹ wẹ, ki mi ru odẹ wẹn rho, eriyin na ku wọ dia ebruphihọ.|Ki mi ru we vwọ dia ẹgborho buebu, ki mi bruphihọ kẹ wẹ, ki mi ru odẹ wẹn rho, eriyin na ku wọ dia ebruphihọ.
GEN_012_003|Ki mi bruba kẹ ihwo ri bruba kẹ wẹ, oro harhe owẹ ke Me harhọ; vwẹ oma wẹn irere rẹ akpọ na ejobi de vwo ebruphihọ kẹ oma rayen.|Ki mi bruba kẹ ihwo ri bruba kẹ wẹ, oro harhe owẹ ke Me harhọ; vwẹ oma wẹn irere rẹ akpọ na ejobi de vwo ebruphihọ kẹ oma rayen.
GEN_012_004|Kọye Ebram da yanran, kirobo rẹ Ọrovwohwo ta kẹ, Lọt vẹ ọye da yan usun. Ebram da dia ikpe ujorha gbẹ ihwiori vwẹ ọke ro vwo vrẹn ni Haran.|Kọye Ebram da yanran, kirobo rẹ Ọrovwohwo ta kẹ, Lọt vẹ ọye da yan usun. Ebram da dia ikpe ujorha gbẹ ihwiori vwẹ ọke ro vwo vrẹn ni Haran.
GEN_012_005|Ebram da reyọ Serai rẹ aye rọye, kugbe Lọt rẹ ọmọ rẹ oniọvo. rọye, kugbe ekuakua ri rhere ejobi, kugbe ihwo ro vwori vwi Haran, ayen vwo te otọ ri Kenan nu. Ọke rẹ ayen vwo te otọ ri Kenan,|Ebram da reyọ Serai rẹ aye rọye, kugbe Lọt rẹ ọmọ rẹ oniọvo. rọye, kugbe ekuakua ri rhere ejobi, kugbe ihwo ro vwori vwi Haran, ayen vwo te otọ ri Kenan nu. Ọke rẹ ayen vwo te otọ ri Kenan,
GEN_012_006|Ebram de ki otọ na re te asan re se Shikẹm, re te ọhahe ri Morẹh. Vwẹ ọke yena yẹ ihwo ri Kenan ji otọ na.|Ebram de ki otọ na re te asan re se Shikẹm, re te ọhahe ri Morẹh. Vwẹ ọke yena yẹ ihwo ri Kenan ji otọ na.
GEN_012_008|O de vrẹn nẹ Etiyin vwo kpo enu rẹ ugbenu rọ obọrhe ri Bẹtẹl, ọ da bọn utughẹ rọye, yi Bẹtẹl obọhwere, Ai da rha obọrhe; Etiyin ọ da so agbada kẹ Ọrovwohwo o de se odẹ rẹ Ọrovwohwo na.|O de vrẹn nẹ Etiyin vwo kpo enu rẹ ugbenu rọ obọrhe ri Bẹtẹl, ọ da bọn utughẹ rọye, yi Bẹtẹl obọhwere, Ai da rha obọrhe; Etiyin ọ da so agbada kẹ Ọrovwohwo o de se odẹ rẹ Ọrovwohwo na.
GEN_012_009|Ebram da rhoma mu oyan họ ọ da garo vi obi Nẹgẹb.|Ebram da rhoma mu oyan họ ọ da garo vi obi Nẹgẹb.
GEN_012_010|Vwẹ ọke nana owẹvwe de rhi fi vwẹ otọ na. Etiyin Ebram de kpo Ijipt ra dia fikiridie owẹvwe na firi gangan vwẹ otọ na.|Vwẹ ọke nana owẹvwe de rhi fi vwẹ otọ na. Etiyin Ebram de kpo Ijipt ra dia fikiridie owẹvwe na firi gangan vwẹ otọ na.
GEN_012_011|Ọke ro che vwo te otọ rẹ Ijipt re, ọ da ta kẹ Serai rẹ aye rọye, Me riẹnre nẹ wẹ aye vẹ erhuvwu siẹ re de ni we.|Ọke ro che vwo te otọ rẹ Ijipt re, ọ da ta kẹ Serai rẹ aye rọye, Me riẹnre nẹ wẹ aye vẹ erhuvwu siẹ re de ni we.
GEN_012_013|Gba ta kẹ ayen nẹ wẹ oniọvo mẹ, rere o vwo yovwi kẹ vwẹ fiki wẹ, rere Me mrasan rhọ fiki wẹ.|Gba ta kẹ ayen nẹ wẹ oniọvo mẹ, rere o vwo yovwi kẹ vwẹ fiki wẹ, rere Me mrasan rhọ fiki wẹ.
GEN_012_014|Ọke rẹ Ebram vwo te Ijipt re, ihwo rẹ Ijipt da mrẹ aye na nẹ oyovwiri gangan.|Ọke rẹ Ebram vwo te Ijipt re, ihwo rẹ Ijipt da mrẹ aye na nẹ oyovwiri gangan.
GEN_012_015|Rẹ emọ rẹ ovie Fero, vwọ mrẹ, ayen de jiro ki Fero. A da reyọ aye na vwo rhe Fero.|Rẹ emọ rẹ ovie Fero, vwọ mrẹ, ayen de jiro ki Fero. A da reyọ aye na vwo rhe Fero.
GEN_012_017|Ọrovwohwo da vwẹ emiavwe mu Fero kugbe =uwevwi rọye ejobi fiki Serai aye rẹ Ebram.|Ọrovwohwo da vwẹ emiavwe mu Fero kugbe =uwevwi rọye ejobi fiki Serai aye rẹ Ebram.
GEN_012_018|Etiyin Fero de se Ebram, ọ da ta, Ọnana die wo ru kẹ vwẹ na? Kidie wọ gbe ta kẹ vwẹ nẹ aye wẹ-ẹn?|Etiyin Fero de se Ebram, ọ da ta, Ọnana die wo ru kẹ vwẹ na? Kidie wọ gbe ta kẹ vwẹ nẹ aye wẹ-ẹn?
GEN_012_019|Die wọ vwọ tanẹ oniọvo mẹ? rọ da nẹrhẹ ovwẹ reyọ vwo ru aye? Nighe aye wẹn na, reyọ ru wọ yanran.|Die wọ vwọ tanẹ oniọvo mẹ? rọ da nẹrhẹ ovwẹ reyọ vwo ru aye? Nighe aye wẹn na, reyọ ru wọ yanran.
GEN_012_020|Fero da kpokpa kẹ ihwo rọye kpahe Ebram, ayen de suo ro ughere, te aye rọye kugbe ihwo ro vwori ejobi.|Fero da kpokpa kẹ ihwo rọye kpahe Ebram, ayen de suo ro ughere, te aye rọye kugbe ihwo ro vwori ejobi.
GEN_013_001|Etiyin Ebram de vrẹn nẹ Ijipt, te ọye vẹ aye rọye, kugbe obo ro vwori ejobi, ọ vẹ Lọt usun, vwo kpo obi Nẹgẹb.|Etiyin Ebram de vrẹn nẹ Ijipt, te ọye vẹ aye rọye, kugbe obo ro vwori ejobi, ọ vẹ Lọt usun, vwo kpo obi Nẹgẹb.
GEN_013_002|Asakiephana Ebram feri gangan vwẹ uchuru, idọnọ efuanfon kugbe oro.|Asakiephana Ebram feri gangan vwẹ uchuru, idọnọ efuanfon kugbe oro.
GEN_013_003|O de vrẹn nẹ Nẹgẹb ọ da yan rhiri re te Bẹtẹl, re te asan rọ bọn utughẹ rọye phihọ ẹsosuọ, uvwre ri Bẹtẹl vẹ Ai,|O de vrẹn nẹ Nẹgẹb ọ da yan rhiri re te Bẹtẹl, re te asan rọ bọn utughẹ rọye phihọ ẹsosuọ, uvwre ri Bẹtẹl vẹ Ai,
GEN_013_005|Lọt, vẹ Ebram gba usun na, ji vwo igegede kugbe uchuru vẹ itughẹ,|Lọt, vẹ Ebram gba usun na, ji vwo igegede kugbe uchuru vẹ itughẹ,
GEN_013_006|ọtiọye na otọ na gbe gba aye-en, kidie ayen vwo eyere buebu, ayen gbe sa dia kugbe-e,|ọtiọye na otọ na gbe gba aye-en, kidie ayen vwo eyere buebu, ayen gbe sa dia kugbe-e,
GEN_013_007|oseghe kọ rhe dia vwe uvwre rẹ isuigodẹ rẹ Ebram vẹ isuigodẹ ri Lọt. Ọke yena ihwo ri Kenan kugbe ihwo ri Pẹriz je otọ na.|oseghe kọ rhe dia vwe uvwre rẹ isuigodẹ rẹ Ebram vẹ isuigodẹ ri Lọt. Ọke yena ihwo ri Kenan kugbe ihwo ri Pẹriz je otọ na.
GEN_013_008|Ebram da ta ki Lọt, E gbi jẹ oseghe dia uvwre wẹ vẹ ọmẹ-ẹ kugbe uvwre rẹ isuigodẹ wẹn vẹ emẹ-ẹ, kidie avwanre iniọvo.|Ebram da ta ki Lọt, E gbi jẹ oseghe dia uvwre wẹ vẹ ọmẹ-ẹ kugbe uvwre rẹ isuigodẹ wẹn vẹ emẹ-ẹ, kidie avwanre iniọvo.
GEN_013_009|Ọ dia otọ na ejobi ri obaro wẹ na-a? Hẹriẹ oma wẹn nu vwe. Wo de kpo obọrhe, ki mi kpo obọhwẹre, eye wo de kpo obọhwẹre, ki mi kpo obọrhe.|Ọ dia otọ na ejobi ri obaro wẹ na-a? Hẹriẹ oma wẹn nu vwe. Wo de kpo obọrhe, ki mi kpo obọhwẹre, eye wo de kpo obọhwẹre, ki mi kpo obọrhe.
GEN_013_010|Lọt da kpare opharo, ọ da mrẹ ushekpotọ ri Jọdan na rọ pha djidjiro wọnwọn kiri udju rẹ Ọrovwohwo, kiri otọ rẹ Ijipt vwẹ ọke re de kpo obi Zoar, kẹ enẹ ọ epha tavwe rẹ Ọrovwohwo ke rhe ghwọrọ Sodọm vi Gomora.|Lọt da kpare opharo, ọ da mrẹ ushekpotọ ri Jọdan na rọ pha djidjiro wọnwọn kiri udju rẹ Ọrovwohwo, kiri otọ rẹ Ijipt vwẹ ọke re de kpo obi Zoar, kẹ enẹ ọ epha tavwe rẹ Ọrovwohwo ke rhe ghwọrọ Sodọm vi Gomora.
GEN_013_011|Lọt ke jẹ ushekpotọ ri Jọdan na kẹ oma rọye, Lọt de nene obọrhe, kọye ayen da hẹriẹ oma nẹ ohwohwo|Lọt ke jẹ ushekpotọ ri Jọdan na kẹ oma rọye, Lọt de nene obọrhe, kọye ayen da hẹriẹ oma nẹ ohwohwo
GEN_013_012|Ebram da dia otọ ri Kenan, yi Lọt ra dia uherevie rẹ irere rẹ ushekpotọ na, o de mu erhọ kẹrẹ Sodọm.|Ebram da dia otọ ri Kenan, yi Lọt ra dia uherevie rẹ irere rẹ ushekpotọ na, o de mu erhọ kẹrẹ Sodọm.
GEN_013_014|Ọrovwohwo da ta kẹ Ebram, ri Lọt vwọ yanran nu nẹ, Kpare ẹro wẹn kpenu, vwẹ asan wọ epha na, ri wo ni obenu vẹ obotọ te obọrhe vẹ obọhwẹre,|Ọrovwohwo da ta kẹ Ebram, ri Lọt vwọ yanran nu nẹ, Kpare ẹro wẹn kpenu, vwẹ asan wọ epha na, ri wo ni obenu vẹ obotọ te obọrhe vẹ obọhwẹre,
GEN_013_015|kidie otọ na ejobi re wọ mrẹ na Me vwẹ ayen kẹ wẹ kugbe uvwiẹ wẹn bẹdẹ.|kidie otọ na ejobi re wọ mrẹ na Me vwẹ ayen kẹ wẹ kugbe uvwiẹ wẹn bẹdẹ.
GEN_013_016|Mi ru uvwiẹ wẹn bu kiri ibiekpẹn rẹ otọ na, kọye ohwo de se kere ibiekpẹn rẹ otọ na, ko ji se kere uvwiẹ wẹn.|Mi ru uvwiẹ wẹn bu kiri ibiekpẹn rẹ otọ na, kọye ohwo de se kere ibiekpẹn rẹ otọ na, ko ji se kere uvwiẹ wẹn.
GEN_013_017|Vrẹn, yan nene ugrogro rẹ otọ na te ohẹhẹre rọye, kidie wẹn Me vwọ kẹ.|Vrẹn, yan nene ugrogro rẹ otọ na te ohẹhẹre rọye, kidie wẹn Me vwọ kẹ.
GEN_013_018|Ebram da ghwiẹ utughẹ rọye, ọ da rhe dia kẹrẹ ọhahe ri Mamre, rọ kẹrẹ Hebrọn, kẹ Etiyin ọ da so agbada kẹ Ọrovwohwo.|Ebram da ghwiẹ utughẹ rọye, ọ da rhe dia kẹrẹ ọhahe ri Mamre, rọ kẹrẹ Hebrọn, kẹ Etiyin ọ da so agbada kẹ Ọrovwohwo.
GEN_014_001|Ọke rẹ Amrafel vwọ ovie ri Shinar, Ariọk ke ovie re Elasai, Chedor-laomer kẹ ovie rẹ Elam, Tidal kẹ ovie ri Goiim,|Ọke rẹ Amrafel vwọ ovie ri Shinar, Ariọk ke ovie re Elasai, Chedor-laomer kẹ ovie rẹ Elam, Tidal kẹ ovie ri Goiim,
GEN_014_002|ivie nana da kpare ofovwi bru Bera ovie ri Sodọm, Birsha ovie ri Gomora, Shinab ovie rẹ Adma, Shimeba ovie ri Zeboim, kugbe ovie ri Bẹla (kọye Zoar)|ivie nana da kpare ofovwi bru Bera ovie ri Sodọm, Birsha ovie ri Gomora, Shinab ovie rẹ Adma, Shimeba ovie ri Zeboim, kugbe ovie ri Bẹla (kọye Zoar)
GEN_014_003|Enana ejobi da rhe ghwẹ koko vwẹ ushekpotọ ri Sidim (kọye urhie rẹ ughweri).|Enana ejobi da rhe ghwẹ koko vwẹ ushekpotọ ri Sidim (kọye urhie rẹ ughweri).
GEN_014_004|Ikpe ihwivẹ soso ọye ayen ga Chedor-laomer, ẹkẹvuọvo ikpe rẹ ihwerha re, ophu de rhi mu ayen kpahọ.|Ikpe ihwivẹ soso ọye ayen ga Chedor-laomer, ẹkẹvuọvo ikpe rẹ ihwerha re, ophu de rhi mu ayen kpahọ.
GEN_014_005|Vwẹ ikpe ihwẹne rẹ Chedor-laomer kugbe ivie re vẹ ọye gba obọ na da rhe re họnre Rifem vwi Ashterof-karnaim, Zuzim vwi Ham, Emim vwi Shaveh-kiria-taim,|Vwẹ ikpe ihwẹne rẹ Chedor-laomer kugbe ivie re vẹ ọye gba obọ na da rhe re họnre Rifem vwi Ashterof-karnaim, Zuzim vwi Ham, Emim vwi Shaveh-kiria-taim,
GEN_014_007|ayen da rhoma rhe ri te Enmish-pat (kọye Kadẹsh) ayen da ghwọrọ aghwa rẹ Amalẹk ejobi kugbe aghwa rẹ Amọr re dia Haz-azon-tamar.|ayen da rhoma rhe ri te Enmish-pat (kọye Kadẹsh) ayen da ghwọrọ aghwa rẹ Amalẹk ejobi kugbe aghwa rẹ Amọr re dia Haz-azon-tamar.
GEN_014_008|Etiyin ovie ri Sodọm, ovie ri Gomora, ovie ri Adma, ovie ri Zeboim, kugbe ovie ri Bẹla (kọye Zoar), ayen da yan phia ra gbara oma vwẹ ushekpotọ ri Sidim|Etiyin ovie ri Sodọm, ovie ri Gomora, ovie ri Adma, ovie ri Zeboim, kugbe ovie ri Bẹla (kọye Zoar), ayen da yan phia ra gbara oma vwẹ ushekpotọ ri Sidim
GEN_014_009|vi Chedor-laomer ovie ri Elam, Tidal ovie ri Goiim, Amrafel ovie ri Shinar, kugbe Ariọk ovie rẹ Elasar, ivie ẹne so iyori|vi Chedor-laomer ovie ri Elam, Tidal ovie ri Goiim, Amrafel ovie ri Shinar, kugbe Ariọk ovie rẹ Elasar, ivie ẹne so iyori
GEN_014_010|Ushekpotọ ri Sidim na vọnre vẹ egọdọ ri mu avwrogbo, ọke rẹ ivie ri Sodọm vi Gomora vwọ djẹ re, ẹvo de she phihọ egọdọ na, iri chekọ da djẹ kpo obo ugbenu.|Ushekpotọ ri Sidim na vọnre vẹ egọdọ ri mu avwrogbo, ọke rẹ ivie ri Sodọm vi Gomora vwọ djẹ re, ẹvo de she phihọ egọdọ na, iri chekọ da djẹ kpo obo ugbenu.
GEN_014_011|Kọye ivwighrẹ na da ghwẹ ekuakua ri Sodọm vi Gomora reyọ, kugbe emuọre rayen ejobi ayen da yanran kpo,|Kọye ivwighrẹ na da ghwẹ ekuakua ri Sodọm vi Gomora reyọ, kugbe emuọre rayen ejobi ayen da yanran kpo,
GEN_014_012|ayen ji mu Lọt rhe, ọmọ rẹ oniọvo rẹ Ebram, rọ dia Sodọm, vẹ eyenre rọye, ayen de kpo.|ayen ji mu Lọt rhe, ọmọ rẹ oniọvo rẹ Ebram, rọ dia Sodọm, vẹ eyenre rọye, ayen de kpo.
GEN_014_013|Kọye ọvo vwẹ usun rẹ ayen re djẹ vabọ da rhe, re vuẹ Ebram ri Hibru na, rọ dia kẹrẹ ọhahe ri Mamre rẹ ohwo ri Amọr, oniọvo rẹ Eskol kugbe Aner, enana vẹ Ebraham kẹ obọ.|Kọye ọvo vwẹ usun rẹ ayen re djẹ vabọ da rhe, re vuẹ Ebram ri Hibru na, rọ dia kẹrẹ ọhahe ri Mamre rẹ ohwo ri Amọr, oniọvo rẹ Eskol kugbe Aner, enana vẹ Ebraham kẹ obọ.
GEN_014_014|Ọke rẹ Ebram vwo nyo nẹ emu omoni rọye ighuvwun, o de sun otu rẹ ofovwi rọye phia rọ nabọ yono, re ji vwiẹ vwẹ uwevwi rọye, uri gbẹ ujori, gbẹ ihwe gbẹ ẹrenre, ayen da vwọ tua ayen rhi te Dan.|Ọke rẹ Ebram vwo nyo nẹ emu omoni rọye ighuvwun, o de sun otu rẹ ofovwi rọye phia rọ nabọ yono, re ji vwiẹ vwẹ uwevwi rọye, uri gbẹ ujori, gbẹ ihwe gbẹ ẹrenre, ayen da vwọ tua ayen rhi te Dan.
GEN_014_015|Vwẹ ason re ayen da ghare oma, te ọye vẹ idibo rọye, ayen de ke ayen phihọ, ayen da vwọ tua ayen re te Hobah, rọ obenu ri Damaskọs.|Vwẹ ason re ayen da ghare oma, te ọye vẹ idibo rọye, ayen de ke ayen phihọ, ayen da vwọ tua ayen re te Hobah, rọ obenu ri Damaskọs.
GEN_014_016|Etiyin o de mie ayen eyenre na ejobi, ọ da reyọ Lọt omoni rọye vẹ eyenre rọye, kugbe eya na vẹ ihwo na ejobi.|Etiyin o de mie ayen eyenre na ejobi, ọ da reyọ Lọt omoni rọye vẹ eyenre rọye, kugbe eya na vẹ ihwo na ejobi.
GEN_014_018|Melkizẹdẹk ovie ri Salẹm da vwẹ ọkuọka vi wain vwo rhe, ọye orherẹn rẹ Ọghẹnẹ ro Me Kpenu.|Melkizẹdẹk ovie ri Salẹm da vwẹ ọkuọka vi wain vwo rhe, ọye orherẹn rẹ Ọghẹnẹ ro Me Kpenu.
GEN_014_019|Ọ da nẹ ẹrhovwo kẹ tanẹ, Ebruba kẹ Ebram vwẹ oma rẹ Ọghẹnẹ ro Me Kpenu, rọ ma odjuvwu vẹ akpọ;|Ọ da nẹ ẹrhovwo kẹ tanẹ, Ebruba kẹ Ebram vwẹ oma rẹ Ọghẹnẹ ro Me Kpenu, rọ ma odjuvwu vẹ akpọ;
GEN_014_020|Ebruba kẹ Ọghẹnẹ ro Me Kpenu, rọ reyọ ivwighrẹ wẹn phihọ owẹ obọ. Ebram da vwẹ ẹkẹn ihwe rẹ ekuakua na ejobi kẹ.|Ebruba kẹ Ọghẹnẹ ro Me Kpenu, rọ reyọ ivwighrẹ wẹn phihọ owẹ obọ. Ebram da vwẹ ẹkẹn ihwe rẹ ekuakua na ejobi kẹ.
GEN_014_021|Ovie ri Sodọm da ta kẹ, Ebram, Vwẹ ihwo na kẹ vwẹ, ẹkẹvuọvo gba reyọ ekuakua na kẹ oma wẹn.|Ovie ri Sodọm da ta kẹ, Ebram, Vwẹ ihwo na kẹ vwẹ, ẹkẹvuọvo gba reyọ ekuakua na kẹ oma wẹn.
GEN_014_022|Ẹkẹvuọvo Ebram da ta kẹ ovie ri Sodọm, Mi vẹ kẹ Ọrovwohwo Ọghẹnẹ ro Me Kpenu nure, ọ rọ ma odjuvwu vẹ akpọ,|Ẹkẹvuọvo Ebram da ta kẹ ovie ri Sodọm, Mi vẹ kẹ Ọrovwohwo Ọghẹnẹ ro Me Kpenu nure, ọ rọ ma odjuvwu vẹ akpọ,
GEN_014_023|nẹ Me sa reyọ ogẹ rẹ oruru-u, eyẹ ufi rẹ isabatoo, eyẹ kemu kemu rọ dia ọwẹ-ẹn, wọ da rha tanẹ, Mẹvwẹ nẹrhẹ Ebram fe.|nẹ Me sa reyọ ogẹ rẹ oruru-u, eyẹ ufi rẹ isabatoo, eyẹ kemu kemu rọ dia ọwẹ-ẹn, wọ da rha tanẹ, Mẹvwẹ nẹrhẹ Ebram fe.
GEN_014_024|Me sa reyọ emuọvo-o jokpa rẹ emu rẹ emeshare mẹ na rere, kugbe ẹkẹn rẹ ihwo ri nene uvwe, jẹn Aner, Eskol, kugbe Mamre reyọ ẹkẹn rayen.|Me sa reyọ emuọvo-o jokpa rẹ emu rẹ emeshare mẹ na rere, kugbe ẹkẹn rẹ ihwo ri nene uvwe, jẹn Aner, Eskol, kugbe Mamre reyọ ẹkẹn rayen.
GEN_015_002|Ẹkẹvuọvo Ebram da ta, E Ọrovwohwo Ọghẹnẹ, kidie wọ kẹ vwẹ, fikiridie mi ji vwo ọmọ-ọ, ohwo rọ re uku rẹ uwevwi mẹ kẹ Ẹliẹza ri Damaskọs?|Ẹkẹvuọvo Ebram da ta, E Ọrovwohwo Ọghẹnẹ, kidie wọ kẹ vwẹ, fikiridie mi ji vwo ọmọ-ọ, ohwo rọ re uku rẹ uwevwi mẹ kẹ Ẹliẹza ri Damaskọs?
GEN_015_003|Ebram da ta, Nighe, wọ je kẹ vwẹ ọmọ-ọ, ọviẹn re vwiẹ vwẹ uwevwi mẹ kọye cha re uku mẹ.|Ebram da ta, Nighe, wọ je kẹ vwẹ ọmọ-ọ, ọviẹn re vwiẹ vwẹ uwevwi mẹ kọye cha re uku mẹ.
GEN_015_005|Ọ da reyọ rhe otafe ọ da ta, Gbe ni enu na, ru wo keri isio na, su wo se kere ayen. Etiyin ọ da ta kẹ, Ọtiọye uvwiẹ wẹn cha dia.|Ọ da reyọ rhe otafe ọ da ta, Gbe ni enu na, ru wo keri isio na, su wo se kere ayen. Etiyin ọ da ta kẹ, Ọtiọye uvwiẹ wẹn cha dia.
GEN_015_006|O de se Ọrovwohwo gbuyota, o de kere vwọ kẹ nẹ ọvwata o ruẹ.|O de se Ọrovwohwo gbuyota, o de kere vwọ kẹ nẹ ọvwata o ruẹ.
GEN_015_008|Ẹkẹvuọvo ọ da ta, E Ọrovwohwo Ọghẹnẹ, komavọ mi ru riẹn nẹ mi che vwo otọ na?|Ẹkẹvuọvo ọ da ta, E Ọrovwohwo Ọghẹnẹ, komavọ mi ru riẹn nẹ mi che vwo otọ na?
GEN_015_009|Ọ da ta kẹ, Reyọ upene rẹ erhuẹn rẹ ikperha, ẹvwe aye rẹ ikperha, egbo rẹ ikperha, inekuku, kugbe eme erurẹ.|Ọ da ta kẹ, Reyọ upene rẹ erhuẹn rẹ ikperha, ẹvwe aye rẹ ikperha, egbo rẹ ikperha, inekuku, kugbe eme erurẹ.
GEN_015_010|Ọ da ghwe aye ejobi vwo rhe, ọ da bẹrẹ ayen ivivẹ, o de mu ayen ohwohwo kpahe ohwo, ẹkẹvuọvo ephra na ọ gbe bẹrẹ ayen ivivẹ-ẹ.|Ọ da ghwe aye ejobi vwo rhe, ọ da bẹrẹ ayen ivivẹ, o de mu ayen ohwohwo kpahe ohwo, ẹkẹvuọvo ephra na ọ gbe bẹrẹ ayen ivivẹ-ẹ.
GEN_015_012|Rẹ ọnre vwo kpotọ re, ovwerhẹ rode de mu Ebram, o vwo ni, oshọ rode vẹ egho de rhi rhuro.|Rẹ ọnre vwo kpotọ re, ovwerhẹ rode de mu Ebram, o vwo ni, oshọ rode vẹ egho de rhi rhuro.
GEN_015_013|Etiyin Ọrovwohwo da ta kẹ Ebram, Riẹn gbagba nẹ uvwiẹ wẹn che suosuo vwẹ otọ rẹ ihwo efa, ke dia eviẹn vwẹ oboyi, ke shenyẹ ayen ikpe uri ivẹ,|Etiyin Ọrovwohwo da ta kẹ Ebram, Riẹn gbagba nẹ uvwiẹ wẹn che suosuo vwẹ otọ rẹ ihwo efa, ke dia eviẹn vwẹ oboyi, ke shenyẹ ayen ikpe uri ivẹ,
GEN_015_015|Vwọ kẹ oma wẹn, ku wo rhivwi bru esẹ wẹn ra egberhẹnẹdẹ, ke shi we vẹ uyovwi esha hẹrẹhẹrẹ.|Vwọ kẹ oma wẹn, ku wo rhivwi bru esẹ wẹn ra egberhẹnẹdẹ, ke shi we vẹ uyovwi esha hẹrẹhẹrẹ.
GEN_015_017|Ọke rẹ ọnre vwo she nu rẹ ebri vwo mu re, nighe, ubrochẹ vẹ erhanre ro bru ivwirhi vẹ ukpe rọ la da va nẹ uvwre rẹ ibro rẹ eranvwe na rhe.|Ọke rẹ ọnre vwo she nu rẹ ebri vwo mu re, nighe, ubrochẹ vẹ erhanre ro bru ivwirhi vẹ ukpe rọ la da va nẹ uvwre rẹ ibro rẹ eranvwe na rhe.
GEN_015_018|Vwẹ ẹdẹ yena Ọrovwohwo vẹ Ebram da re ọphọ tanẹ, Uvwiẹ wẹn Me vwẹ otọ nana kẹ, nẹ urhie rẹ Ijipt re te urhie rode na, urhie ri Yufretis.|Vwẹ ẹdẹ yena Ọrovwohwo vẹ Ebram da re ọphọ tanẹ, Uvwiẹ wẹn Me vwẹ otọ nana kẹ, nẹ urhie rẹ Ijipt re te urhie rode na, urhie ri Yufretis.
GEN_015_019|Otọ rẹ ihwo ri Ken, ihwo ri Keniz, ihwo ri Kadmon,|Otọ rẹ ihwo ri Ken, ihwo ri Keniz, ihwo ri Kadmon,
GEN_015_020|ihwo ri Hẹt, ihwo ri Pẹriz, ihwo ri Rifrem,|ihwo ri Hẹt, ihwo ri Pẹriz, ihwo ri Rifrem,
GEN_015_021|ihwo rẹ Amọn, ihwo ri Kenan, ihwo ri Girgash kugbe ihwo ri Jebu.|ihwo rẹ Amọn, ihwo ri Kenan, ihwo ri Girgash kugbe ihwo ri Jebu.
GEN_017_002|Ke Me vẹ owẹ re ọphọ, ku wo vwiẹ buebu gangan.|Ke Me vẹ owẹ re ọphọ, ku wo vwiẹ buebu gangan.
GEN_017_004|Nighe, ọphọ mẹ vẹ owẹ herọ, ku wọ cha dia ọsẹ rẹ ẹgborho buebu.|Nighe, ọphọ mẹ vẹ owẹ herọ, ku wọ cha dia ọsẹ rẹ ẹgborho buebu.
GEN_017_005|E gbi se we Ebram ọfa-a, ẹkẹvuọvo ke se we Ebraham, fikiridie mi ru we vwọ dia ọsẹ rẹ ẹgborho buebu.|E gbi se we Ebram ọfa-a, ẹkẹvuọvo ke se we Ebraham, fikiridie mi ru we vwọ dia ọsẹ rẹ ẹgborho buebu.
GEN_017_006|Mi ru we vwọ dia ọgbọmiọvwọ, ẹgborho ride ki nẹ agada wẹn rhe, ivie ki nẹ oma wẹn rhe.|Mi ru we vwọ dia ọgbọmiọvwọ, ẹgborho ride ki nẹ agada wẹn rhe, ivie ki nẹ oma wẹn rhe.
GEN_017_007|Ọphọ na kọ dia uvwre mẹ vẹ owẹ kugbe uvwiẹ wẹn rọ cha vwẹ obuko wẹn; kọ dia ọphọ re rara, kọ dia Ọghẹnẹ kẹ wẹn kugbe uvwiẹ wẹn rọ cha obuko wẹ.|Ọphọ na kọ dia uvwre mẹ vẹ owẹ kugbe uvwiẹ wẹn rọ cha vwẹ obuko wẹn; kọ dia ọphọ re rara, kọ dia Ọghẹnẹ kẹ wẹn kugbe uvwiẹ wẹn rọ cha obuko wẹ.
GEN_017_008|Ke Me vwọ kẹ wẹ kugbe uvwiẹ wẹn rọ cha obuko wẹ, otọ nana rẹ ovwan da ọrharha na, otọ ri Kenan ejobi, kọ dia ẹkẹn uku wẹn bẹdẹ, ke Me dia Ọghẹnẹ rayen.|Ke Me vwọ kẹ wẹ kugbe uvwiẹ wẹn rọ cha obuko wẹ, otọ nana rẹ ovwan da ọrharha na, otọ ri Kenan ejobi, kọ dia ẹkẹn uku wẹn bẹdẹ, ke Me dia Ọghẹnẹ rayen.
GEN_017_009|Ọghẹnẹ da ta kẹ Ebraham, Vwọ kẹ wẹ, ku wọ sẹro rẹ ọphọ mẹ na, te owẹ vẹ emọ wẹn kugbe uvwiẹ wẹn ejobi re cha vwẹ obuko wẹn.|Ọghẹnẹ da ta kẹ Ebraham, Vwọ kẹ wẹ, ku wọ sẹro rẹ ọphọ mẹ na, te owẹ vẹ emọ wẹn kugbe uvwiẹ wẹn ejobi re cha vwẹ obuko wẹn.
GEN_017_010|Ọnana kọye ọphọ mẹ na, ru wọ sẹro rọye na, rọ uvwre mẹ vẹ owẹ kugbe emọ wẹn re cha obuko wẹn na: Kọshare kọshare rọ uvwre rẹ ovwan kọ yanvwe.|Ọnana kọye ọphọ mẹ na, ru wọ sẹro rọye na, rọ uvwre mẹ vẹ owẹ kugbe emọ wẹn re cha obuko wẹn na: Kọshare kọshare rọ uvwre rẹ ovwan kọ yanvwe.
GEN_017_011|Ku wọ yanvwe ohọrọ rẹ ẹsosuọ rẹ oma wẹn, kọ cha dia oka rẹ ọphọ rọ uvwre mẹ vẹ owẹ.|Ku wọ yanvwe ohọrọ rẹ ẹsosuọ rẹ oma wẹn, kọ cha dia oka rẹ ọphọ rọ uvwre mẹ vẹ owẹ.
GEN_017_013|Te ọ re vwiẹri vwẹ uwevwi wẹn kugbe ọ ra vwẹ igho dẹ, ka yanvwọ. Kọye ọphọ mẹ na kọ dia oma wẹn dia ọphọ re rara.|Te ọ re vwiẹri vwẹ uwevwi wẹn kugbe ọ ra vwẹ igho dẹ, ka yanvwọ. Kọye ọphọ mẹ na kọ dia oma wẹn dia ọphọ re rara.
GEN_017_014|Kọshare kọshare ra yanvwe jovwo-o rọ gbe rha yanvwe ohọrọ rẹ ẹsosuọ rẹ oma rọye-e, ke bro kufia nẹ usun rẹ ihwo rọye, yọ chọ urhi rẹ ọphọ mẹ na.|Kọshare kọshare ra yanvwe jovwo-o rọ gbe rha yanvwe ohọrọ rẹ ẹsosuọ rẹ oma rọye-e, ke bro kufia nẹ usun rẹ ihwo rọye, yọ chọ urhi rẹ ọphọ mẹ na.
GEN_017_015|Ọghẹnẹ da ta kẹ Ebraham, Vwọ kẹ Serai rẹ aye wẹn, wo gbi se Serai ọfa-a, ẹkẹvuọvo Sera kọye dia odẹ rọye.|Ọghẹnẹ da ta kẹ Ebraham, Vwọ kẹ Serai rẹ aye wẹn, wo gbi se Serai ọfa-a, ẹkẹvuọvo Sera kọye dia odẹ rọye.
GEN_017_016|Ke Me nẹ ẹrhovwo kẹ, ọ rọ marho ke Me kẹ ọmọ vwiẹ kẹ wẹ; ki mi bruphihọ kẹ, ko dia oni rẹ ẹgborho buebu; ivie rẹ ihwo ki nẹ agada rọye rhe.|Ke Me nẹ ẹrhovwo kẹ, ọ rọ marho ke Me kẹ ọmọ vwiẹ kẹ wẹ; ki mi bruphihọ kẹ, ko dia oni rẹ ẹgborho buebu; ivie rẹ ihwo ki nẹ agada rọye rhe.
GEN_017_017|Etiyin Ebraham de gbe opharo otọ ọ da hwẹ, ọ da ta kẹ oma rọye, Kẹ ohwo rọ ghwo te ikpe ujori nure na se vwiẹ ọmọ? Ki Sera rẹ ikpe ujọne gbe ihwe na ji se vwiẹ ọmọ rhe?|Etiyin Ebraham de gbe opharo otọ ọ da hwẹ, ọ da ta kẹ oma rọye, Kẹ ohwo rọ ghwo te ikpe ujori nure na se vwiẹ ọmọ? Ki Sera rẹ ikpe ujọne gbe ihwe na ji se vwiẹ ọmọ rhe?
GEN_017_018|Ebraham da ta kẹ Ọghẹnẹ, E mane ke wan rhọvwe nẹ Ishmael dia obaro wẹn vwonẹ;|Ebraham da ta kẹ Ọghẹnẹ, E mane ke wan rhọvwe nẹ Ishmael dia obaro wẹn vwonẹ;
GEN_017_019|Ọghẹnẹ da ta, Ẹjo, ẹkẹvuọvo Sera rẹ aye wẹn na che vwiẹ ọmọshare kẹ wẹ, ku wo se odẹ rọye Aizik. Ọphọ mẹ na kọ sẹ nene kọ dia ọphọ re rara kẹ vẹ uvwiẹ rọye rọ cha vwẹ obuko rọye.|Ọghẹnẹ da ta, Ẹjo, ẹkẹvuọvo Sera rẹ aye wẹn na che vwiẹ ọmọshare kẹ wẹ, ku wo se odẹ rọye Aizik. Ọphọ mẹ na kọ sẹ nene kọ dia ọphọ re rara kẹ vẹ uvwiẹ rọye rọ cha vwẹ obuko rọye.
GEN_017_020|Vwọ kẹ Ishmael, mi nyo we; nighe, mi bruphihọ kẹ, kọ dia ọmiọvwọ ko ji bu gangan; kọ dia isun ihwivẹ, kọ dia ẹgborho rode.|Vwọ kẹ Ishmael, mi nyo we; nighe, mi bruphihọ kẹ, kọ dia ọmiọvwọ ko ji bu gangan; kọ dia isun ihwivẹ, kọ dia ẹgborho rode.
GEN_017_021|Ẹkẹvuọvo Aizik ọye ọphọ mẹ cha sẹ nene, ri Sera che vwiẹ kẹ vwẹ eghẹre ọtiọnana ukpe ọfa.|Ẹkẹvuọvo Aizik ọye ọphọ mẹ cha sẹ nene, ri Sera che vwiẹ kẹ vwẹ eghẹre ọtiọnana ukpe ọfa.
GEN_017_022|Ọke rẹ Ọghẹnẹ vẹ ọye vwọ ta ota ejobi nu, Ọghẹnẹ da yanran kpenu jẹ Ebraham vwo.|Ọke rẹ Ọghẹnẹ vẹ ọye vwọ ta ota ejobi nu, Ọghẹnẹ da yanran kpenu jẹ Ebraham vwo.
GEN_017_024|Ebraham da dia ikpe ọvo nuro ujori ọ ghwo te vwẹ ọke rọ vwọ yanvwe.|Ebraham da dia ikpe ọvo nuro ujori ọ ghwo te vwẹ ọke rọ vwọ yanvwe.
GEN_017_026|Vwẹ ẹdẹ yena ọvuọvo na ọye Ebraham vẹ ọmọ rọye Ishmael yanvwere;|Vwẹ ẹdẹ yena ọvuọvo na ọye Ebraham vẹ ọmọ rọye Ishmael yanvwere;
GEN_019_002|ọ da ta, Ọrovwovwe vwẹriẹ rhe, Me rẹ wẹ, uwevwi rẹ odibo wẹn re wọ dia Etiyin ason na, re wa hworhẹ awọ rẹ ovwan, re ọke de rhie irhiọke wa ke yanran. Ayen da ta, Ẹjo, evun rẹ urhuvwu na avwanre cha vwerhẹ.|ọ da ta, Ọrovwovwe vwẹriẹ rhe, Me rẹ wẹ, uwevwi rẹ odibo wẹn re wọ dia Etiyin ason na, re wa hworhẹ awọ rẹ ovwan, re ọke de rhie irhiọke wa ke yanran. Ayen da ta, Ẹjo, evun rẹ urhuvwu na avwanre cha vwerhẹ.
GEN_019_003|Ẹkẹvuọvo ọda rẹ ayen gangan; kọye ayen da vwẹriẹ bro kpo uwevwi rọye, o de chere emu kẹ ayen, ọ da kaka ikara ro jephuo, ayen da re.|Ẹkẹvuọvo ọda rẹ ayen gangan; kọye ayen da vwẹriẹ bro kpo uwevwi rọye, o de chere emu kẹ ayen, ọ da kaka ikara ro jephuo, ayen da re.
GEN_019_004|Ẹkẹvuọvo tavwe rẹ ayen ki rhi sherhẹ, eshare rẹ orere na, eshare ri Sodọm, te omotete te ọkpako, ihwo na ejobi tototo, de sogodogo riariẹ uwevwi na;|Ẹkẹvuọvo tavwe rẹ ayen ki rhi sherhẹ, eshare rẹ orere na, eshare ri Sodọm, te omotete te ọkpako, ihwo na ejobi tototo, de sogodogo riariẹ uwevwi na;
GEN_019_005|ayen de se Lọt, nẹ, Ke eshare ri wo uwevwi wẹn ason na rhọ? Reyọ ayen phia kẹ avwanre, rere avwanre vughe ayen.|ayen de se Lọt, nẹ, Ke eshare ri wo uwevwi wẹn ason na rhọ? Reyọ ayen phia kẹ avwanre, rere avwanre vughe ayen.
GEN_019_006|Lọt da ro otafe ra vwa ihwo na, ọ da kare ẹchẹ gbe erhorha na,|Lọt da ro otafe ra vwa ihwo na, ọ da kare ẹchẹ gbe erhorha na,
GEN_019_007|ọ da ta, Me rẹ ovwan, imoni mẹ, we ruẹ emu umwemwu tiọnana-a.|ọ da ta, Me rẹ ovwan, imoni mẹ, we ruẹ emu umwemwu tiọnana-a.
GEN_019_010|Ẹkẹvuọvo ihwo na da riẹn obọ vwo kpono Lọt ro uwevwi, ayen de huhu ẹchẹ.|Ẹkẹvuọvo ihwo na da riẹn obọ vwo kpono Lọt ro uwevwi, ayen de huhu ẹchẹ.
GEN_019_011|Ayen da vwẹ egho rhurhu ihwo ri bi koko anurhoro na ẹro, te emọ te ekpako, ki ruẹ rhurhu vwẹ abọ guọnọ anurhoro.|Ayen da vwẹ egho rhurhu ihwo ri bi koko anurhoro na ẹro, te emọ te ekpako, ki ruẹ rhurhu vwẹ abọ guọnọ anurhoro.
GEN_019_012|Etiyin ihwo na da ta ki Lọt Wo ji vwo ohwo ọfa vwẹ etinẹ? Egọ, emeshare, emetẹ eyẹ ohwo ọfa vwẹ orere na, sio nẹ asan na,|Etiyin ihwo na da ta ki Lọt Wo ji vwo ohwo ọfa vwẹ etinẹ? Egọ, emeshare, emetẹ eyẹ ohwo ọfa vwẹ orere na, sio nẹ asan na,
GEN_019_014|Etiyin Lọt da yan phia ra vuẹ egọ rọye nẹ, We vrẹn jọphẹre, ru we vrẹn nẹ etinẹ na, kidie Ọrovwohwo cha ghwọrọ orere na. Ẹkẹvuọvo egọ rọye da vwẹ ota na roro ehwẹjẹ.|Etiyin Lọt da yan phia ra vuẹ egọ rọye nẹ, We vrẹn jọphẹre, ru we vrẹn nẹ etinẹ na, kidie Ọrovwohwo cha ghwọrọ orere na. Ẹkẹvuọvo egọ rọye da vwẹ ota na roro ehwẹjẹ.
GEN_019_015|Rẹ ọke rhi vwo rhie re, emakashe na ki bru Lọt okpakpa nẹ, Vrẹn, reyọ aye wẹn kugbe emetẹ wẹn ivẹ na ri etinẹ na, ayen da rha ghwọrọ vwẹ evun rẹ ẹguọghọ rẹ orere na.|Rẹ ọke rhi vwo rhie re, emakashe na ki bru Lọt okpakpa nẹ, Vrẹn, reyọ aye wẹn kugbe emetẹ wẹn ivẹ na ri etinẹ na, ayen da rha ghwọrọ vwẹ evun rẹ ẹguọghọ rẹ orere na.
GEN_019_016|Ẹkẹvuọvo ko gbe eghẹrẹ, kọye ihwo na de shabọ vwọ kugbe aye rọye kugbe emetẹ rọye ive na, ọ da yọnrọn ayen obọ, Ọrovwohwo ki nẹ aruẹdọ rọye, ayen da reyọ kpono nẹ evun rẹ orere na.|Ẹkẹvuọvo ko gbe eghẹrẹ, kọye ihwo na de shabọ vwọ kugbe aye rọye kugbe emetẹ rọye ive na, ọ da yọnrọn ayen obọ, Ọrovwohwo ki nẹ aruẹdọ rọye, ayen da reyọ kpono nẹ evun rẹ orere na.
GEN_019_020|Nighe, orere rọ oboyi na kẹrobọ ra dje ra, o ke je havwe. Ju vwe djẹ kpo Etiyin - ọ dia ọhahavwe? - erhi mẹ kọ rhọ;|Nighe, orere rọ oboyi na kẹrobọ ra dje ra, o ke je havwe. Ju vwe djẹ kpo Etiyin - ọ dia ọhahavwe? - erhi mẹ kọ rhọ;
GEN_019_021|Ọ da ta kẹ, Nighe, Me je rhọvwe oyare nana kẹ wẹ rhe, Me gbe ghwọrọ orere na ro wọ tare na-a.|Ọ da ta kẹ, Nighe, Me je rhọvwe oyare nana kẹ wẹ rhe, Me gbe ghwọrọ orere na ro wọ tare na-a.
GEN_019_022|Jọphẹre, djẹ kpo Etiyin, kidie Me che ru emuọvo-o bẹsiẹ ru wo vwo te Etiyin. Fiki rẹ ọtiọye na e de se odẹ rẹ orere na Zoar.|Jọphẹre, djẹ kpo Etiyin, kidie Me che ru emuọvo-o bẹsiẹ ru wo vwo te Etiyin. Fiki rẹ ọtiọye na e de se odẹ rẹ orere na Zoar.
GEN_019_025|ọ da ghwọrọ irere yena ejobi, vẹ ishekpotọ na ejobi, kugbe ẹbe re djẹ vwẹ otọ na ejobi.|ọ da ghwọrọ irere yena ejobi, vẹ ishekpotọ na ejobi, kugbe ẹbe re djẹ vwẹ otọ na ejobi.
GEN_019_026|Ẹkẹvuọvo aye ri Lọt rọ ka obuko de ni obuko, o de hirhe phihọ ẹrhẹnre rẹ ughweraka.|Ẹkẹvuọvo aye ri Lọt rọ ka obuko de ni obuko, o de hirhe phihọ ẹrhẹnre rẹ ughweraka.
GEN_019_027|Ebraham da yan vwẹ irhiọke ride vwo kpo asan ro de mudia vwẹ obaro rẹ Ọrovwohwo na,|Ebraham da yan vwẹ irhiọke ride vwo kpo asan ro de mudia vwẹ obaro rẹ Ọrovwohwo na,
GEN_019_028|ọ da kpare opharo ni Sodọm vi Gomora kugbe ishekpotọ na, nighe, o vwo ni, ivwirhi rẹ orho na de bru kpenu kerẹ erhanre re etu.|ọ da kpare opharo ni Sodọm vi Gomora kugbe ishekpotọ na, nighe, o vwo ni, ivwirhi rẹ orho na de bru kpenu kerẹ erhanre re etu.
GEN_019_029|Ke eriyin ọ epha, vwẹ ọke rẹ Ọghẹnẹ vwọ guọghọ irere rẹ ishekpotọ na, Ọghẹnẹ da karohọ Ebraham, o de si Lọt nu uherevie rẹ erhanre na, vwẹ ọke ra vwọ torhẹ orere ri Lọt diare.|Ke eriyin ọ epha, vwẹ ọke rẹ Ọghẹnẹ vwọ guọghọ irere rẹ ishekpotọ na, Ọghẹnẹ da karohọ Ebraham, o de si Lọt nu uherevie rẹ erhanre na, vwẹ ọke ra vwọ torhẹ orere ri Lọt diare.
GEN_019_030|Ọke yena Lọt de vrẹn ni Zoar, vwo kpo enu rẹ ugbenu ọ vẹ emetẹ rọye ivẹ na, fiki rẹ oshọ rọ vwọ dia Zoar muro; evun rẹ emwa kọye ọ vẹ emetẹ rọye ivẹ na diare.|Ọke yena Lọt de vrẹn ni Zoar, vwo kpo enu rẹ ugbenu ọ vẹ emetẹ rọye ivẹ na, fiki rẹ oshọ rọ vwọ dia Zoar muro; evun rẹ emwa kọye ọ vẹ emetẹ rọye ivẹ na diare.
GEN_019_033|Etiyin ayen da vwẹ idi kẹ ọsẹ rayen da ason yena; oro ọkpako de bru ọsẹ rọye kpo ovwerhẹ, ọ riẹn ọke ro vwo sherhẹẹ ọ je riẹn ọke ro vwo vrẹ-ẹn.|Etiyin ayen da vwẹ idi kẹ ọsẹ rayen da ason yena; oro ọkpako de bru ọsẹ rọye kpo ovwerhẹ, ọ riẹn ọke ro vwo sherhẹẹ ọ je riẹn ọke ro vwo vrẹ-ẹn.
GEN_019_034|Vwẹ ẹdẹ rivẹ, oro ọkpako da ta kẹ ọ rẹ otete, Nighe, Me vẹ ọsẹ Me ri gbe sherhẹ ason rọ wanre na, jẹ a je vwẹ udi kẹ da vwẹ ason na rhe, rere wọ vẹ ọye je vwerhẹ rhe, rere vwẹ oma rọye uvwiẹ rẹ avwanre vwo je fue.|Vwẹ ẹdẹ rivẹ, oro ọkpako da ta kẹ ọ rẹ otete, Nighe, Me vẹ ọsẹ Me ri gbe sherhẹ ason rọ wanre na, jẹ a je vwẹ udi kẹ da vwẹ ason na rhe, rere wọ vẹ ọye je vwerhẹ rhe, rere vwẹ oma rọye uvwiẹ rẹ avwanre vwo je fue.
GEN_019_035|Etiyin ayen da je vwẹ udi kẹ ọsẹ rayen da vwẹ ason yena rhe, ọ rẹ otete vrẹnri, ọ vẹ ọye de shevwerhẹ, ọ riẹn ọke ro vwo sherhẹ-ẹ ọ je riẹn ọke ro vwo vrẹ-ẹn.|Etiyin ayen da je vwẹ udi kẹ ọsẹ rayen da vwẹ ason yena rhe, ọ rẹ otete vrẹnri, ọ vẹ ọye de shevwerhẹ, ọ riẹn ọke ro vwo sherhẹ-ẹ ọ je riẹn ọke ro vwo vrẹ-ẹn.
GEN_019_036|Enẹ kọye emetẹ ri Lọt ivẹ na wan oma rẹ ọsẹ rayen mrevun.|Enẹ kọye emetẹ ri Lọt ivẹ na wan oma rẹ ọsẹ rayen mrevun.
GEN_019_038|Ọ rẹ otete de ji vwiẹ ọmọshare, o de se odẹ rọye Ben-ammi, kọye ọsẹ rẹ ihwo rẹ Ammọn rhi te nonẹ na.|Ọ rẹ otete de ji vwiẹ ọmọshare, o de se odẹ rọye Ben-ammi, kọye ọsẹ rẹ ihwo rẹ Ammọn rhi te nonẹ na.
GEN_020_001|Nẹ Etiyin Ebraham de mu oyan ọ da garo ni ẹbẹre ri Nẹgẹb, ọ da ra dia uvwre ri Kadẹsh vi Shur, ubrakpọ ri Gẹra kọye o de di muẹ yan.|Nẹ Etiyin Ebraham de mu oyan ọ da garo ni ẹbẹre ri Nẹgẹb, ọ da ra dia uvwre ri Kadẹsh vi Shur, ubrakpọ ri Gẹra kọye o de di muẹ yan.
GEN_020_002|Ebraham da ta kẹ Sera rẹ aye rọye, Wẹ oniọvo mẹ, Abimẹlẹk ovie ri Gẹra de ji ukọ ra reyọ Sera.|Ebraham da ta kẹ Sera rẹ aye rọye, Wẹ oniọvo mẹ, Abimẹlẹk ovie ri Gẹra de ji ukọ ra reyọ Sera.
GEN_020_003|Ẹkẹvuọvo Ọghẹnẹ de bru Abimẹlẹk rhe vwẹ evwerhẹ vwẹ ason, ọ da ta kẹ, Nighe, orivwi wọ epha na, fiki rẹ aye ru wọ reyọre na, kidie aye rẹ ohwo ọfa o ruẹ.|Ẹkẹvuọvo Ọghẹnẹ de bru Abimẹlẹk rhe vwẹ evwerhẹ vwẹ ason, ọ da ta kẹ, Nighe, orivwi wọ epha na, fiki rẹ aye ru wọ reyọre na, kidie aye rẹ ohwo ọfa o ruẹ.
GEN_020_004|Vwẹ ọke yena yẹ Abimẹlẹk ji si kẹrẹ-ẹ, Etiyin ọ da ta Ọrovwohwo, ku wo di hwe ohwo ekueku?|Vwẹ ọke yena yẹ Abimẹlẹk ji si kẹrẹ-ẹ, Etiyin ọ da ta Ọrovwohwo, ku wo di hwe ohwo ekueku?
GEN_020_005|Ọ dianẹ ọye ọvo re ta kẹ vwẹ nẹ, Oniọvo mẹ? Okpuyovwi rẹ aye na da je tanẹ, Oniọvo mẹ. Vwẹ ọvwata rẹ udu mẹ kugbe abọ ọfuanfon mẹ ọye mi vwo ru ọna.|Ọ dianẹ ọye ọvo re ta kẹ vwẹ nẹ, Oniọvo mẹ? Okpuyovwi rẹ aye na da je tanẹ, Oniọvo mẹ. Vwẹ ọvwata rẹ udu mẹ kugbe abọ ọfuanfon mẹ ọye mi vwo ru ọna.
GEN_020_006|Etiyin Ọghẹnẹ da ta kẹ vwẹ evun rẹ evwerhẹ, Uyota, Me riẹnre nẹ evun ọfuanfon wo vwo ru Ọnana, yẹ omẹvwẹ re sorọ ru wo vwo jẹ umwemwu eruo kpahọ ovwẹ, fiki rẹ ọtiọye na mi gbi ji wọ vwẹ obọ te-e.|Etiyin Ọghẹnẹ da ta kẹ vwẹ evun rẹ evwerhẹ, Uyota, Me riẹnre nẹ evun ọfuanfon wo vwo ru Ọnana, yẹ omẹvwẹ re sorọ ru wo vwo jẹ umwemwu eruo kpahọ ovwẹ, fiki rẹ ọtiọye na mi gbi ji wọ vwẹ obọ te-e.
GEN_020_007|Gba vwẹ aye rẹ ohwo na vwọ kẹ; fikiridie ọmraro o ruẹ, kọ nẹ ẹrhovwo kẹ wẹ, kọye wọ rhọre. Ẹkẹvuọvo wọ rha vwọ kẹ-ẹ, gba riẹn tanẹ ughwu kọye wo ghwu, wẹ kugbe ekru wẹn ejobi.|Gba vwẹ aye rẹ ohwo na vwọ kẹ; fikiridie ọmraro o ruẹ, kọ nẹ ẹrhovwo kẹ wẹ, kọye wọ rhọre. Ẹkẹvuọvo wọ rha vwọ kẹ-ẹ, gba riẹn tanẹ ughwu kọye wo ghwu, wẹ kugbe ekru wẹn ejobi.
GEN_020_008|Kọye Abimẹlẹk de vrẹn vwẹ irhiọke ride, o de se idibo rọye, o de gbe ikun nana ejobi kẹ ayen, oshọ de mu ayen gangan.|Kọye Abimẹlẹk de vrẹn vwẹ irhiọke ride, o de se idibo rọye, o de gbe ikun nana ejobi kẹ ayen, oshọ de mu ayen gangan.
GEN_020_009|Etiyin Abimẹlẹk de se Ebraham, ọ da ta kẹ, Die wo ru kẹ avwanre na? Kidie mi ru we, ru wọ vwọ nẹrhẹ ovwẹ vẹ uvie mẹ ru umwemwu rode tiọnana? Wo ru obo rẹ ohwo e ru-u vwọ kẹ vwẹ.|Etiyin Abimẹlẹk de se Ebraham, ọ da ta kẹ, Die wo ru kẹ avwanre na? Kidie mi ru we, ru wọ vwọ nẹrhẹ ovwẹ vẹ uvie mẹ ru umwemwu rode tiọnana? Wo ru obo rẹ ohwo e ru-u vwọ kẹ vwẹ.
GEN_020_010|Abimẹlẹk da ta kẹ Ebraham, Die wo rori vwo ru emu nana?|Abimẹlẹk da ta kẹ Ebraham, Die wo rori vwo ru emu nana?
GEN_020_012|Uyota oniọvo mẹ o ghine ruẹ, ọmọtẹ rẹ ọsẹ mẹ ẹkẹvuọvo ọ dia ọmọ rẹ oni mẹ-ẹ, kọye mi de vwo ru aye.|Uyota oniọvo mẹ o ghine ruẹ, ọmọtẹ rẹ ọsẹ mẹ ẹkẹvuọvo ọ dia ọmọ rẹ oni mẹ-ẹ, kọye mi de vwo ru aye.
GEN_020_013|Vwẹ ọke rẹ Ọghẹnẹ vwọ tani mi suosuo nẹ uwevwi rẹ ọsẹ mẹ, Me da ta kẹ, Ọnana kọye ẹse ri wo ru kẹ vwẹ, kasan kasan rẹ avwanre yan te, gba ta kpahọ vwẹ nẹ, Oniọvo mẹ o ruẹ.|Vwẹ ọke rẹ Ọghẹnẹ vwọ tani mi suosuo nẹ uwevwi rẹ ọsẹ mẹ, Me da ta kẹ, Ọnana kọye ẹse ri wo ru kẹ vwẹ, kasan kasan rẹ avwanre yan te, gba ta kpahọ vwẹ nẹ, Oniọvo mẹ o ruẹ.
GEN_020_014|Kọye Abimẹlẹk da reyọ ogodẹ vẹ irhuẹn kugbe eviẹn rẹ eshare vẹ erẹ eya, ọ da vwẹ ayen kẹ Ebraham, o de siobọ nẹ Sera rẹ aye rọye na vwọ kẹ.|Kọye Abimẹlẹk da reyọ ogodẹ vẹ irhuẹn kugbe eviẹn rẹ eshare vẹ erẹ eya, ọ da vwẹ ayen kẹ Ebraham, o de siobọ nẹ Sera rẹ aye rọye na vwọ kẹ.
GEN_020_015|Etiyin Abimẹlẹk da ta, Nighe, otọ mẹ na rhie phihọ kẹ wẹ, asan ro je we vwọ gba dia.|Etiyin Abimẹlẹk da ta, Nighe, otọ mẹ na rhie phihọ kẹ wẹ, asan ro je we vwọ gba dia.
GEN_020_017|Etiyin Ebraham da nẹ ẹrhovwo kẹ Ọghẹnẹ, Ọghẹnẹ de sivwi Abimẹlẹk, o de ji sivwi aye rọye kugbe eviẹn rẹ eya ro vwori ejobi, kọye ayen de vwiẹ emọ.|Etiyin Ebraham da nẹ ẹrhovwo kẹ Ọghẹnẹ, Ọghẹnẹ de sivwi Abimẹlẹk, o de ji sivwi aye rọye kugbe eviẹn rẹ eya ro vwori ejobi, kọye ayen de vwiẹ emọ.
GEN_020_018|Fikiridie Ọrovwohwo bru eya rẹ uwevwi rẹ Abimẹlẹk uvwiẹ fiki ri Sera rẹ aye rẹ Ebraham rọ reyọre.|Fikiridie Ọrovwohwo bru eya rẹ uwevwi rẹ Abimẹlẹk uvwiẹ fiki ri Sera rẹ aye rẹ Ebraham rọ reyọre.
GEN_021_001|Ọrovwohwo de bru Sera rhe kirobo rọ ta kẹ jovwo, Ọrovwohwo de ru kẹ Sera kirobo ro vẹ kẹ.|Ọrovwohwo de bru Sera rhe kirobo rọ ta kẹ jovwo, Ọrovwohwo de ru kẹ Sera kirobo ro vẹ kẹ.
GEN_021_002|Sera da mrevun, o de vwiẹ ọmọshare kẹ Ebraham vwẹ uyovwi esha na vwẹ ọke rẹ Ọghẹnẹ vẹ phihọ kẹ na.|Sera da mrevun, o de vwiẹ ọmọshare kẹ Ebraham vwẹ uyovwi esha na vwẹ ọke rẹ Ọghẹnẹ vẹ phihọ kẹ na.
GEN_021_003|Ebraham de se odẹ rẹ ọmọ na re vwiẹ kẹ na, ri Sera vwiẹ kẹ na Aizik.|Ebraham de se odẹ rẹ ọmọ na re vwiẹ kẹ na, ri Sera vwiẹ kẹ na Aizik.
GEN_021_004|Ebraham da yanvwọ ọmọ rọye Aizik rọ vwọ gba ẹdẹ ẹrenren, kiri urhi rẹ Ọghẹnẹ ji kẹ|Ebraham da yanvwọ ọmọ rọye Aizik rọ vwọ gba ẹdẹ ẹrenren, kiri urhi rẹ Ọghẹnẹ ji kẹ
GEN_021_005|Ebraham da dia ikpe ujori vwẹ ọke re vwo vwiẹ ọmọ rọye Aizik kẹ.|Ebraham da dia ikpe ujori vwẹ ọke re vwo vwiẹ ọmọ rọye Aizik kẹ.
GEN_021_006|Etiyin Sera da ta, Ọghẹnẹ ma ehwẹ kẹ vwẹ; kohwo kohwo ro nyori ejobi kọ cha hwẹ vwẹ.|Etiyin Sera da ta, Ọghẹnẹ ma ehwẹ kẹ vwẹ; kohwo kohwo ro nyori ejobi kọ cha hwẹ vwẹ.
GEN_021_007|Ọ da ta, Kono re ata kẹ Ebraham nẹ Sera cha vwẹ evie kẹ ọmọ? Dede na yi mi vwiẹ ọmọ kẹ vwẹ uyovwi esha na.|Ọ da ta, Kono re ata kẹ Ebraham nẹ Sera cha vwẹ evie kẹ ọmọ? Dede na yi mi vwiẹ ọmọ kẹ vwẹ uyovwi esha na.
GEN_021_010|Ọ da ta kẹ Ebraham, Djẹ aye na ọviẹn na vẹ ọmọ rọye kufia, kidie ọmọ rẹ aye nana rẹ ọviẹn na vẹ ọmọ mẹ Aizik se koko re uku-u.|Ọ da ta kẹ Ebraham, Djẹ aye na ọviẹn na vẹ ọmọ rọye kufia, kidie ọmọ rẹ aye nana rẹ ọviẹn na vẹ ọmọ mẹ Aizik se koko re uku-u.
GEN_021_011|Emu nana de tun Ebraham oma vwi fiki rẹ ọmọ rọye.|Emu nana de tun Ebraham oma vwi fiki rẹ ọmọ rọye.
GEN_021_013|Ki mi ji ru rere ẹgborho vwo nẹ oma rẹ ọmọ rẹ aye rẹ ọviẹn na rhe, fikiridie ọmọ obọ wẹn oruẹ.|Ki mi ji ru rere ẹgborho vwo nẹ oma rẹ ọmọ rẹ aye rẹ ọviẹn na rhe, fikiridie ọmọ obọ wẹn oruẹ.
GEN_021_014|Kọye Ebraham de vrẹn vwẹ irhiọke ride, ọ da reyọ ikara vẹ ophiẹn rẹ ame, ọ da vwọ kẹ Hagar, ọ da vwọ ya igabọ, kugbe ọmọ na, o de ji ayen yanran. O de vrẹn yanran ko di muẹ yan vwẹ aghwa ri Bẹẹrsheba.|Kọye Ebraham de vrẹn vwẹ irhiọke ride, ọ da reyọ ikara vẹ ophiẹn rẹ ame, ọ da vwọ kẹ Hagar, ọ da vwọ ya igabọ, kugbe ọmọ na, o de ji ayen yanran. O de vrẹn yanran ko di muẹ yan vwẹ aghwa ri Bẹẹrsheba.
GEN_021_015|Ọke rẹ ame rọ evun rẹ ophiẹn na vwo re nu, o de mu ọmọ na phihọ otọ rẹ etu.|Ọke rẹ ame rọ evun rẹ ophiẹn na vwo re nu, o de mu ọmọ na phihọ otọ rẹ etu.
GEN_021_017|Ọghẹnẹ de nyo oviẹ rẹ ọmọ na, Etiyin amakashe rẹ Ọghẹnẹ de se Hagar nẹ obo odjuvwu rhe, ọ da ta kẹ, Die ri kpokpo uwe, Hagar? Wọ djẹ oshọ-ọ, kidie Ọghẹnẹ nyo urhuru rẹ ọmọ na vwẹ asan rọ epha.|Ọghẹnẹ de nyo oviẹ rẹ ọmọ na, Etiyin amakashe rẹ Ọghẹnẹ de se Hagar nẹ obo odjuvwu rhe, ọ da ta kẹ, Die ri kpokpo uwe, Hagar? Wọ djẹ oshọ-ọ, kidie Ọghẹnẹ nyo urhuru rẹ ọmọ na vwẹ asan rọ epha.
GEN_021_018|Vrẹn wọ kpare ọmọ na, ru wọ yọnrọn kokoroko vwẹ obọ wẹn, kidie mi che ruo phihọ ẹgborho rode|Vrẹn wọ kpare ọmọ na, ru wọ yọnrọn kokoroko vwẹ obọ wẹn, kidie mi che ruo phihọ ẹgborho rode
GEN_021_019|Etiyin Ọghẹnẹ de rhie ẹro rọye, ọ da mrẹ orhare rẹ ame, ọ da yanran, re vo ame vọn ophiẹn rọye, ọ da vwọ kẹ ọmọ na da.|Etiyin Ọghẹnẹ de rhie ẹro rọye, ọ da mrẹ orhare rẹ ame, ọ da yanran, re vo ame vọn ophiẹn rọye, ọ da vwọ kẹ ọmọ na da.
GEN_021_020|Ọghẹnẹ vẹ ọmọ na da herọ, ọ da rhe rho, ọ dia evun rẹ aghwa, o de rhi hirhe ọsedada.|Ọghẹnẹ vẹ ọmọ na da herọ, ọ da rhe rho, ọ dia evun rẹ aghwa, o de rhi hirhe ọsedada.
GEN_021_021|Ọ da dia aghwa ri Paran, oni rọye da reyọ ọmọtẹ rẹ Ijipt vwọ kẹ vwọ rọvwọ|Ọ da dia aghwa ri Paran, oni rọye da reyọ ọmọtẹ rẹ Ijipt vwọ kẹ vwọ rọvwọ
GEN_021_022|Vwẹ ọke yena, Abimẹlẹk vi Fikol rẹ onotu rẹ ofovwi rọye da ta kẹ Ebraham, Ọghẹnẹ vẹ owẹ herọ vwẹ emu kemu ri wo ruẹ ejobi,|Vwẹ ọke yena, Abimẹlẹk vi Fikol rẹ onotu rẹ ofovwi rọye da ta kẹ Ebraham, Ọghẹnẹ vẹ owẹ herọ vwẹ emu kemu ri wo ruẹ ejobi,
GEN_021_023|Vwẹ etinẹ na gba vwẹ Ọghẹnẹ duvwu iyori nẹ wo shenyẹ vwẹ ekueku eyẹ ọmọ mẹ eyẹ uvwiẹ mẹ, ẹkẹvuọvo obo re Me vwẹ obo tete uwe na, eriyin wo ji ru kẹ vwẹ kugbe otọ nana ru wọ diare jovwo na.|Vwẹ etinẹ na gba vwẹ Ọghẹnẹ duvwu iyori nẹ wo shenyẹ vwẹ ekueku eyẹ ọmọ mẹ eyẹ uvwiẹ mẹ, ẹkẹvuọvo obo re Me vwẹ obo tete uwe na, eriyin wo ji ru kẹ vwẹ kugbe otọ nana ru wọ diare jovwo na.
GEN_021_024|Ebraham da ta, Mi duvwo.|Ebraham da ta, Mi duvwo.
GEN_021_025|Ọke rẹ Ebraham vwo gu kẹ Abimẹlẹk kpahe orhare rẹ ame rẹ idibo rẹ Abimẹlẹk gborhori.|Ọke rẹ Ebraham vwo gu kẹ Abimẹlẹk kpahe orhare rẹ ame rẹ idibo rẹ Abimẹlẹk gborhori.
GEN_021_026|Abimẹlẹk da ta, Me riẹn ohwo ro ru emu nana-a; wọ ta kẹ vwẹ jovwo-o, mi ji nyo ota nana rhi te nonẹ na-a.|Abimẹlẹk da ta, Me riẹn ohwo ro ru emu nana-a; wọ ta kẹ vwẹ jovwo-o, mi ji nyo ota nana rhi te nonẹ na-a.
GEN_021_027|Etiyin Ebraham da reyọ ogodẹ kugbe erhuẹn ọ da vwẹ ayen kẹ Abimẹlẹk, ayen ihwo ivẹ na da re ọphọ.|Etiyin Ebraham da reyọ ogodẹ kugbe erhuẹn ọ da vwẹ ayen kẹ Abimẹlẹk, ayen ihwo ivẹ na da re ọphọ.
GEN_021_028|Ebraham da reyọ upene rẹ igodẹ rẹ eya ighwrẹ vwẹ ohri rẹ uchuru rọye na phihọ orhọ.|Ebraham da reyọ upene rẹ igodẹ rẹ eya ighwrẹ vwẹ ohri rẹ uchuru rọye na phihọ orhọ.
GEN_021_029|Abimẹlẹk da ta kẹ Ebraham, Kidie otọ rẹ upene rẹ igodẹ rẹ eya ighwrẹ ru wọ vwọ orhọ na?|Abimẹlẹk da ta kẹ Ebraham, Kidie otọ rẹ upene rẹ igodẹ rẹ eya ighwrẹ ru wọ vwọ orhọ na?
GEN_021_030|O da ta, Igodẹ rẹ eya nana ighwrẹ na gba reyọ ayen mie vwe, rere e dia iseri nẹ mẹvwẹ ri ghine tọn orhare na.|O da ta, Igodẹ rẹ eya nana ighwrẹ na gba reyọ ayen mie vwe, rere e dia iseri nẹ mẹvwẹ ri ghine tọn orhare na.
GEN_021_032|Etiyin ayen da re ọphọ vwi Bẹẹrsheba Abimẹlẹk vẹ Fikol rẹ onotu rẹ ofovwi rọye de vrẹn ayen da rhoma rhivwi kpo otọ ri Filistia.|Etiyin ayen da re ọphọ vwi Bẹẹrsheba Abimẹlẹk vẹ Fikol rẹ onotu rẹ ofovwi rọye de vrẹn ayen da rhoma rhivwi kpo otọ ri Filistia.
GEN_021_033|Ebraham da kọn oghriki phihọ Bẹẹrsheba, o de se odẹ rẹ Ọrovwohwo vwẹ Etiyin, Ọghẹnẹ ri bẹvwẹdẹ na.|Ebraham da kọn oghriki phihọ Bẹẹrsheba, o de se odẹ rẹ Ọrovwohwo vwẹ Etiyin, Ọghẹnẹ ri bẹvwẹdẹ na.
GEN_021_034|Ebraham da dia otọ ri Filistia na krekri.|Ebraham da dia otọ ri Filistia na krekri.
GEN_022_001|Rẹ imu nana ejobi vwọ wan nu Ọghẹnẹ da davwe Ebraham ni, ọ da ta kẹ, Ebraham; O de nyo nẹ, Mẹvwẹ na.|Rẹ imu nana ejobi vwọ wan nu Ọghẹnẹ da davwe Ebraham ni, ọ da ta kẹ, Ebraham; O de nyo nẹ, Mẹvwẹ na.
GEN_022_002|Ọ da ta, Reyọ ọmọ wẹn ọmọ wẹn ọvuọvo na Aizik, rẹ ivun rọye vwerha owẹ na, re wọ yanran kpo otọ ri Moriah, rẹ wọ dia Etiyin de vwo ze izobo rẹ ẹtorhẹ vwẹ enu rẹ ugbenu ọvo na ri mi che dje kẹ wẹ.|Ọ da ta, Reyọ ọmọ wẹn ọmọ wẹn ọvuọvo na Aizik, rẹ ivun rọye vwerha owẹ na, re wọ yanran kpo otọ ri Moriah, rẹ wọ dia Etiyin de vwo ze izobo rẹ ẹtorhẹ vwẹ enu rẹ ugbenu ọvo na ri mi che dje kẹ wẹ.
GEN_022_003|Etiyin Ebraham de vrẹn vwẹ irhiọke ride, ọ da jẹn ufi phihọ ekẹtẹkẹtẹ rọye, ọ da reyọ emeshare rọye ivẹ vwọ boma, kugbe ọmọ rọye Aizik, o de kru ekrirhe re ze izobo rẹ ẹtorhẹ na, o de vrẹn vwo kpo asan rẹ Ọghẹnẹ dje kẹ na.|Etiyin Ebraham de vrẹn vwẹ irhiọke ride, ọ da jẹn ufi phihọ ekẹtẹkẹtẹ rọye, ọ da reyọ emeshare rọye ivẹ vwọ boma, kugbe ọmọ rọye Aizik, o de kru ekrirhe re ze izobo rẹ ẹtorhẹ na, o de vrẹn vwo kpo asan rẹ Ọghẹnẹ dje kẹ na.
GEN_022_004|Vwẹ ẹdẹ rẹ erha Ebraham da kparo ọ da mrẹ asan na vwẹ ogboko.|Vwẹ ẹdẹ rẹ erha Ebraham da kparo ọ da mrẹ asan na vwẹ ogboko.
GEN_022_005|Etiyin Ebraham da ta kẹ emeshare rọye na, We mudia etinẹ kẹrẹ ekẹtẹkẹtẹ na, mẹvwẹ vẹ ọmọ na ke yanran kpo oboyi kpo ẹga rere avwanre ki rhivwi bru ovwan rhe.|Etiyin Ebraham da ta kẹ emeshare rọye na, We mudia etinẹ kẹrẹ ekẹtẹkẹtẹ na, mẹvwẹ vẹ ọmọ na ke yanran kpo oboyi kpo ẹga rere avwanre ki rhivwi bru ovwan rhe.
GEN_022_007|Aizik da ta kẹ Ebraham rẹ ọsẹ rọye, Ọsẹ mẹ; O de nyo nẹ, Mẹvwẹ na mọmẹ, Ọ da ta, Nighe, erhanre kugbe irhe, ẹkẹvuọvo kẹ egbo rẹ izobo rẹ ẹtorhẹ na kẹ ọrhọ?|Aizik da ta kẹ Ebraham rẹ ọsẹ rọye, Ọsẹ mẹ; O de nyo nẹ, Mẹvwẹ na mọmẹ, Ọ da ta, Nighe, erhanre kugbe irhe, ẹkẹvuọvo kẹ egbo rẹ izobo rẹ ẹtorhẹ na kẹ ọrhọ?
GEN_022_009|Ọke rẹ ayen rhi vwo te asan rẹ Ọghẹnẹ ta kẹ na, Ebraham da so agbada vwẹ Etiyin, ọ da rhuẹrẹ irhe na phihọ, ọ da gba Aizik rẹ ọmọ rọye na o de muo kpahe enu rẹ agbada na, rọ enu rẹ irhe na.|Ọke rẹ ayen rhi vwo te asan rẹ Ọghẹnẹ ta kẹ na, Ebraham da so agbada vwẹ Etiyin, ọ da rhuẹrẹ irhe na phihọ, ọ da gba Aizik rẹ ọmọ rọye na o de muo kpahe enu rẹ agbada na, rọ enu rẹ irhe na.
GEN_022_010|Etiyin Ebraham da kpare obọ, ọ da reyọ aphia ro che vwo bru ọmọ rọye na.|Etiyin Ebraham da kpare obọ, ọ da reyọ aphia ro che vwo bru ọmọ rọye na.
GEN_022_011|Ẹkẹvuọvo amakashe rẹ Ọrovwohwo de se nẹ obo odjuvwu rhe, ọ da ta, Ebraham! Ebraham! O de nyo nẹ, Mẹvwẹ na.|Ẹkẹvuọvo amakashe rẹ Ọrovwohwo de se nẹ obo odjuvwu rhe, ọ da ta, Ebraham! Ebraham! O de nyo nẹ, Mẹvwẹ na.
GEN_022_012|Ọ da ta, Wọ ghwe obọ kpahe ọmọ na eyẹ wo ru emuọvo kẹ-ẹ, kidie Ọnana Me vwọ riẹn nu wọ djẹ oshọ rẹ Ọghẹnẹ, ru wọ vwẹ ọmọ wẹn na, ọmọ vuọvo wẹn na vwọ djahe obuko kẹ vwẹ-ẹ.|Ọ da ta, Wọ ghwe obọ kpahe ọmọ na eyẹ wo ru emuọvo kẹ-ẹ, kidie Ọnana Me vwọ riẹn nu wọ djẹ oshọ rẹ Ọghẹnẹ, ru wọ vwẹ ọmọ wẹn na, ọmọ vuọvo wẹn na vwọ djahe obuko kẹ vwẹ-ẹ.
GEN_022_013|Ebraham da kpare opharo, o vwo ni, obuko rọye ọ da mrẹ egbo, rẹ ighoro rọye gbahọ etu, Ebraham da yanran ra reyọ egbo na, kọye o vwo ze izobo rẹ ẹtorhẹ vwẹ ẹdia rẹ ọmọ rọye.|Ebraham da kpare opharo, o vwo ni, obuko rọye ọ da mrẹ egbo, rẹ ighoro rọye gbahọ etu, Ebraham da yanran ra reyọ egbo na, kọye o vwo ze izobo rẹ ẹtorhẹ vwẹ ẹdia rẹ ọmọ rọye.
GEN_022_014|Kọye Ebraham de se odẹ rẹ asan na Ọrovwohwo re sa kẹ: eriyin ọ epha rhi te nonẹ na, Vwẹ enu rẹ ugbenu rẹ Ọrovwohwo Etiyin a da mrẹ.|Kọye Ebraham de se odẹ rẹ asan na Ọrovwohwo re sa kẹ: eriyin ọ epha rhi te nonẹ na, Vwẹ enu rẹ ugbenu rẹ Ọrovwohwo Etiyin a da mrẹ.
GEN_022_016|ọ da ta, Me vwẹ oma mẹ duvwu iyori, eriyin Ọrovwohwo tare, fikiridie wo ru Ọnana, wọ sa vwẹ ọmọ wẹn, ọmọ vuọvo wẹn na vwọ djahe obuko kẹ vwẹ-ẹ,|ọ da ta, Me vwẹ oma mẹ duvwu iyori, eriyin Ọrovwohwo tare, fikiridie wo ru Ọnana, wọ sa vwẹ ọmọ wẹn, ọmọ vuọvo wẹn na vwọ djahe obuko kẹ vwẹ-ẹ,
GEN_022_018|vwẹ oma rẹ uvwiẹ wẹn ọye ẹgborho rẹ akpọ na ejobi wan vwo ebruphihọ kẹ oma rẹ ayen, fikiridie wo mu ọghọ kẹ urhuru mẹ.|vwẹ oma rẹ uvwiẹ wẹn ọye ẹgborho rẹ akpọ na ejobi wan vwo ebruphihọ kẹ oma rẹ ayen, fikiridie wo mu ọghọ kẹ urhuru mẹ.
GEN_022_019|Etiyin Ebraham de rhivwi bru emeshare rọye ra, ayen da yan usun kpo Bẹẹrsheba; Ebraham da dia Bẹẹrsheba.|Etiyin Ebraham de rhivwi bru emeshare rọye ra, ayen da yan usun kpo Bẹẹrsheba; Ebraham da dia Bẹẹrsheba.
GEN_022_020|Ọke rẹ imu nana ejobi vwọ wan nu, a da ta kẹ Ebraham, Nighe, Milkah rhoma rhi vwiẹ emọ kẹ Nahọr rẹ oniọvo wẹn,|Ọke rẹ imu nana ejobi vwọ wan nu, a da ta kẹ Ebraham, Nighe, Milkah rhoma rhi vwiẹ emọ kẹ Nahọr rẹ oniọvo wẹn,
GEN_022_021|Uz rẹ ọmọkpako, Buz rẹ oniọvo rọye, Kemuẹl ọsẹ rẹ Aram,|Uz rẹ ọmọkpako, Buz rẹ oniọvo rọye, Kemuẹl ọsẹ rẹ Aram,
GEN_022_022|Kesed, Hazo, Pildash, Jidlaf, kugbe Bẹtuẹl.|Kesed, Hazo, Pildash, Jidlaf, kugbe Bẹtuẹl.
GEN_022_023|Bẹtuẹl kọye ọsẹ ri Rebeka. Enana ẹrenren na Milkah vwiẹ kẹ Nahọr oniọvo rẹ Ebraham.|Bẹtuẹl kọye ọsẹ ri Rebeka. Enana ẹrenren na Milkah vwiẹ kẹ Nahọr oniọvo rẹ Ebraham.
GEN_022_024|Ọsẹ rọye re se Reumah de rhe vwiẹ Teban, Gaham Tahash, kugbe Maʼakah.|Ọsẹ rọye re se Reumah de rhe vwiẹ Teban, Gaham Tahash, kugbe Maʼakah.
GEN_023_001|Sera tọnre ọ da dia akpọ ikpe ujosa gbẹ ighwrẹ, ena kọye ikpe ri Sera.|Sera tọnre ọ da dia akpọ ikpe ujosa gbẹ ighwrẹ, ena kọye ikpe ri Sera.
GEN_023_002|Sera de ghwu vwi Kiriatharba (kọye Hebrọn) vwẹ otọ ri Kenan. Ebraham de vweri Sera ọ da viẹ kẹ.|Sera de ghwu vwi Kiriatharba (kọye Hebrọn) vwẹ otọ ri Kenan. Ebraham de vweri Sera ọ da viẹ kẹ.
GEN_023_003|Ebraham de vrẹn nẹ asan orivwi na, o da ta kẹ ihwo ri Hẹt na,|Ebraham de vrẹn nẹ asan orivwi na, o da ta kẹ ihwo ri Hẹt na,
GEN_023_004|Mẹvwẹ ọrharha ro won ovwan, wa kẹ vwẹ otọ vwẹ ọgbẹ rẹ ovwan na, rere mi shi orivwi mẹ phihọ.|Mẹvwẹ ọrharha ro won ovwan, wa kẹ vwẹ otọ vwẹ ọgbẹ rẹ ovwan na, rere mi shi orivwi mẹ phihọ.
GEN_023_005|Ihwo ri Hẹt na da kpahe kẹ Ebraham,|Ihwo ri Hẹt na da kpahe kẹ Ebraham,
GEN_023_006|Nyo avwanre, ọrovwavwanre; wẹ ọgba kugbe ovwiodje vwẹ ohri rẹ avwanre. Shi orivwi wẹn vwẹ ushi ro Me yovwi vwẹ ọgbọ na, ohwo rọ se kẹ wẹ herọ-ọ eyẹ ohwo sa kpọ wẹ unu-u.|Nyo avwanre, ọrovwavwanre; wẹ ọgba kugbe ovwiodje vwẹ ohri rẹ avwanre. Shi orivwi wẹn vwẹ ushi ro Me yovwi vwẹ ọgbọ na, ohwo rọ se kẹ wẹ herọ-ọ eyẹ ohwo sa kpọ wẹ unu-u.
GEN_023_007|Ebraham de vrẹn o de diguẹ kẹ ihwo ri Hẹt na, re dia ihwo rẹ otọ na.|Ebraham de vrẹn o de diguẹ kẹ ihwo ri Hẹt na, re dia ihwo rẹ otọ na.
GEN_023_008|Ọ da ta kẹ ayen, Ovwan da rhọvwe nẹ mi shi orivwi mẹ na nẹ obaro mẹ, wa gba kerhọ, re ovwan rẹ Efrọn rẹ ọmọ ri Zohar,|Ọ da ta kẹ ayen, Ovwan da rhọvwe nẹ mi shi orivwi mẹ na nẹ obaro mẹ, wa gba kerhọ, re ovwan rẹ Efrọn rẹ ọmọ ri Zohar,
GEN_023_009|rere ọ kẹ vwẹ ẹmwa ri Mak-pela ro rhere na; ọ he obo oba rẹ otọ na. Uchunu ro muru ejobi e jo se vwẹ irharo rẹ ovwan re Me hwa, rọ dia ẹkẹn rẹ ogbe.|rere ọ kẹ vwẹ ẹmwa ri Mak-pela ro rhere na; ọ he obo oba rẹ otọ na. Uchunu ro muru ejobi e jo se vwẹ irharo rẹ ovwan re Me hwa, rọ dia ẹkẹn rẹ ogbe.
GEN_023_011|Ẹjo, ọrovwovwe, kerhọ mọ; Me kẹ wẹ otọ na, Me je kẹ wẹ ẹmwa rọ herọ, vwẹ irharo rẹ emọ rẹ ihwo mẹ mi de siobọ no kẹ wẹ, shi orivwi wẹn phihọ.|Ẹjo, ọrovwovwe, kerhọ mọ; Me kẹ wẹ otọ na, Me je kẹ wẹ ẹmwa rọ herọ, vwẹ irharo rẹ emọ rẹ ihwo mẹ mi de siobọ no kẹ wẹ, shi orivwi wẹn phihọ.
GEN_023_012|Etiyin Ebraham de shiguẹ otọ kẹ ihwo rẹ otọ na.|Etiyin Ebraham de shiguẹ otọ kẹ ihwo rẹ otọ na.
GEN_023_013|Ebraham da ta kẹ Efrọn vwẹ irharo rẹ ihwo rẹ otọ na, Ẹkẹvuọvo odẹ je we, gba kerhọ mẹ, Me hwa unu rẹ igho rẹ otọ na muru kẹ wẹ; reyọ mie vwe, rere mi shi orivwi mẹ vwọ Etiyin.|Ebraham da ta kẹ Efrọn vwẹ irharo rẹ ihwo rẹ otọ na, Ẹkẹvuọvo odẹ je we, gba kerhọ mẹ, Me hwa unu rẹ igho rẹ otọ na muru kẹ wẹ; reyọ mie vwe, rere mi shi orivwi mẹ vwọ Etiyin.
GEN_023_014|Efrọn da kpahe kẹ Ebraham,|Efrọn da kpahe kẹ Ebraham,
GEN_023_015|Ọrovwovwe, kerhọ mẹ, ubrotọ ra shẹre shẹkẹl uri ivẹ rẹ idọnọ efuanfon, kidie ọyena firi vwẹ uvwre mẹ vẹ owẹ? Shi orivwi wẹn phihọ|Ọrovwovwe, kerhọ mẹ, ubrotọ ra shẹre shẹkẹl uri ivẹ rẹ idọnọ efuanfon, kidie ọyena firi vwẹ uvwre mẹ vẹ owẹ? Shi orivwi wẹn phihọ
GEN_023_016|Ebraham vẹ Efrọn da rhọvwe kugbe; Ebraham da vwavwe idọnọ efuanfon na kẹ Efrọn uchunu ro seri na vwẹ irharo rẹ ihwo ri Hẹt na, shẹkẹl uri ivẹ rẹ idọnọ efuanfon, kiri unu rẹ ineki vwanvwa ọke yena.|Ebraham vẹ Efrọn da rhọvwe kugbe; Ebraham da vwavwe idọnọ efuanfon na kẹ Efrọn uchunu ro seri na vwẹ irharo rẹ ihwo ri Hẹt na, shẹkẹl uri ivẹ rẹ idọnọ efuanfon, kiri unu rẹ ineki vwanvwa ọke yena.
GEN_023_017|Ọtiọye na otọ ri Efrọn rọ i Mak-pela, rọ obọrhe ri Mamre, otọ na kugbe ẹmwa rọ herọ, kugbe irhe rẹ otọ na ejobi, o de siobọ no,|Ọtiọye na otọ ri Efrọn rọ i Mak-pela, rọ obọrhe ri Mamre, otọ na kugbe ẹmwa rọ herọ, kugbe irhe rẹ otọ na ejobi, o de siobọ no,
GEN_023_018|kẹ Ebraham rọ dia ẹkẹn rọye vwẹ irharo rẹ ihwo ri Hẹt na, kugbe ihwo rẹ orere na re rhe ughere na ejobi.|kẹ Ebraham rọ dia ẹkẹn rọye vwẹ irharo rẹ ihwo ri Hẹt na, kugbe ihwo rẹ orere na re rhe ughere na ejobi.
GEN_023_019|Re enana ejobi vwọ wan nu, Ebraham de shi Sera rẹ aye rọye phihọ ẹmwa rọ otọ ri Mak-pela, vwẹ obọrhe ri Mamre (kọye Hebrọn) vwẹ otọ ri Kenan.|Re enana ejobi vwọ wan nu, Ebraham de shi Sera rẹ aye rọye phihọ ẹmwa rọ otọ ri Mak-pela, vwẹ obọrhe ri Mamre (kọye Hebrọn) vwẹ otọ ri Kenan.
GEN_023_020|Te otọ na kugbe ẹmwa rọ herọ ke siobọ no kẹ Ebraham rọ dia ẹkẹn rẹ ogbẹ, re ihwo ri Hẹt vwọ kẹ.|Te otọ na kugbe ẹmwa rọ herọ ke siobọ no kẹ Ebraham rọ dia ẹkẹn rẹ ogbẹ, re ihwo ri Hẹt vwọ kẹ.
GEN_024_001|Asakiephana Ebraham ghworo, ọ tọnre gangan; Ọrovwohwo de bruphihọ kẹ Ebraham vwẹ emu buebu|Asakiephana Ebraham ghworo, ọ tọnre gangan; Ọrovwohwo de bruphihọ kẹ Ebraham vwẹ emu buebu
GEN_024_002|Ebraham da ta kẹ odibo rọye, rọ dia ọkpako vwẹ uwevwi rọye, rọ vwẹ ẹro te emu ro vwori ejobi, Phi obọ wẹn phihọ obotọ rẹ ekpoghowọ mẹ,|Ebraham da ta kẹ odibo rọye, rọ dia ọkpako vwẹ uwevwi rọye, rọ vwẹ ẹro te emu ro vwori ejobi, Phi obọ wẹn phihọ obotọ rẹ ekpoghowọ mẹ,
GEN_024_004|ẹkẹvuọvo ku wo kpo orho mẹ kpo uvwiẹ mẹ, kẹ Etiyin wọ da reyọ aye kẹ ọmọ mẹ Aizik.|ẹkẹvuọvo ku wo kpo orho mẹ kpo uvwiẹ mẹ, kẹ Etiyin wọ da reyọ aye kẹ ọmọ mẹ Aizik.
GEN_024_005|Odibo na da ta kẹ, Kẹ ọke rẹ aye na gbe rha rhọvwe nene uvwe rhe otọ nana-a, ke Me rha rhoma reyọ ọmọ wẹn rhivwi kpo otọ ru wo nurhe na?|Odibo na da ta kẹ, Kẹ ọke rẹ aye na gbe rha rhọvwe nene uvwe rhe otọ nana-a, ke Me rha rhoma reyọ ọmọ wẹn rhivwi kpo otọ ru wo nurhe na?
GEN_024_006|Ebraham da ta kẹ nẹ, E ja mrẹ nẹ wọ rhoma reyọ ọmọ mẹ kpo oboyi-i.|Ebraham da ta kẹ nẹ, E ja mrẹ nẹ wọ rhoma reyọ ọmọ mẹ kpo oboyi-i.
GEN_024_007|Ọrovwohwo Ọghẹnẹ rẹ odjuvwu, rọ reyọ ovwẹ nẹ uwevwi rẹ ọsẹ mẹ rhe kugbe otọ re de vwiẹ vwẹ na, ọ rọ ta ota kẹ vwẹ na nẹ, Uvwiẹ wẹn Me vwẹ otọ nana kẹ, o che ji amakashe rọye karo kẹ wẹ, kẹ oboyi wọ da reyọ aye kẹ ọmọ mẹ.|Ọrovwohwo Ọghẹnẹ rẹ odjuvwu, rọ reyọ ovwẹ nẹ uwevwi rẹ ọsẹ mẹ rhe kugbe otọ re de vwiẹ vwẹ na, ọ rọ ta ota kẹ vwẹ na nẹ, Uvwiẹ wẹn Me vwẹ otọ nana kẹ, o che ji amakashe rọye karo kẹ wẹ, kẹ oboyi wọ da reyọ aye kẹ ọmọ mẹ.
GEN_024_008|Ẹkẹvuọvo aye na gbe rhọvwe nene uwe-e, yẹ iyori mẹ na gbi se mu we-e; ẹkẹvuọvo wọ reyọ ọmọ mẹ vwo rhivwi kpo oboyi kakaka-a.|Ẹkẹvuọvo aye na gbe rhọvwe nene uwe-e, yẹ iyori mẹ na gbi se mu we-e; ẹkẹvuọvo wọ reyọ ọmọ mẹ vwo rhivwi kpo oboyi kakaka-a.
GEN_024_009|Etiyin odibo na de phi obọ phihọ ekpoghowọ rẹ Ebraham rẹ onini rọye o de duvwu iyori fiki rẹ ota nana.|Etiyin odibo na de phi obọ phihọ ekpoghowọ rẹ Ebraham rẹ onini rọye o de duvwu iyori fiki rẹ ota nana.
GEN_024_010|Etiyin odibo na da reyọ iyesi ihwe rẹ onini rọye ọ da yanran, ọ da reyọ oghoghẹre rẹ ekuakua ra vwọ phare ọkon mie onini rọye, o de vrẹn ọ da yanran kpo Mẹsopotemia, vwo kpo orere ri Nahọr.|Etiyin odibo na da reyọ iyesi ihwe rẹ onini rọye ọ da yanran, ọ da reyọ oghoghẹre rẹ ekuakua ra vwọ phare ọkon mie onini rọye, o de vrẹn ọ da yanran kpo Mẹsopotemia, vwo kpo orere ri Nahọr.
GEN_024_012|Ọ da ta, E Ọrovwohwo, Ọghẹnẹ rẹ onini mẹ Ebraham, ju vwe phi kparobọ nonẹ, Me rẹ wẹ, re wọ vwẹ evuesiri wẹn na vwọ nẹ onini mẹ Ebraham.|Ọ da ta, E Ọrovwohwo, Ọghẹnẹ rẹ onini mẹ Ebraham, ju vwe phi kparobọ nonẹ, Me rẹ wẹ, re wọ vwẹ evuesiri wẹn na vwọ nẹ onini mẹ Ebraham.
GEN_024_013|Nighere, Mi re mudia asan ogbugbu rẹ ame na re, rẹ emetẹ rẹ ihwo rẹ orere na de che vo ame.|Nighere, Mi re mudia asan ogbugbu rẹ ame na re, rẹ emetẹ rẹ ihwo rẹ orere na de che vo ame.
GEN_024_015|Ọ je ghwa ta ota nẹ unu na, nighe, Rebeka, ọmọtẹ ri Bẹtuẹl ọmọ ri Milka, rẹ aye rẹ Nahọr rẹ oniọvo rẹ Ebraham, ọ rọ yan cha vẹ ochẹ rẹ ame vwẹ igabọ.|Ọ je ghwa ta ota nẹ unu na, nighe, Rebeka, ọmọtẹ ri Bẹtuẹl ọmọ ri Milka, rẹ aye rẹ Nahọr rẹ oniọvo rẹ Ebraham, ọ rọ yan cha vẹ ochẹ rẹ ame vwẹ igabọ.
GEN_024_016|Ọmọtẹ na vwo erhuvwu gangan, ọmọtobe, rọ je riẹn ọshare-e. Kọ yanran kpo obo ogbugbu na, o de vo ame vọn ochẹ na, kọ yan cha.|Ọmọtẹ na vwo erhuvwu gangan, ọmọtobe, rọ je riẹn ọshare-e. Kọ yanran kpo obo ogbugbu na, o de vo ame vọn ochẹ na, kọ yan cha.
GEN_024_017|Eriyin odibo na da djẹ bro, ọ da ta, Biko kẹ vwẹ ama ame rẹ ochẹ wẹn na da.|Eriyin odibo na da djẹ bro, ọ da ta, Biko kẹ vwẹ ama ame rẹ ochẹ wẹn na da.
GEN_024_018|Ọ da ta, Da, ọrovwovwe; o de wo ochẹ na kpata kpata, ọ da vwẹ ame kẹ da.|Ọ da ta, Da, ọrovwovwe; o de wo ochẹ na kpata kpata, ọ da vwẹ ame kẹ da.
GEN_024_019|Ọke rọ vwọ ke da nu, ọ da ta, Mi ji vo kẹ iyesi wẹn na rere ayen je da.|Ọke rọ vwọ ke da nu, ọ da ta, Mi ji vo kẹ iyesi wẹn na rere ayen je da.
GEN_024_020|Kpata kpata na o de ghwe rhurie ame na phihọ odo, ọ da ghwa djẹ yanran re vo vwọ kẹ iyesi na.|Kpata kpata na o de ghwe rhurie ame na phihọ odo, ọ da ghwa djẹ yanran re vo vwọ kẹ iyesi na.
GEN_024_021|Ọshare na da fọ ko di no rọ vwọ riẹn se Ọghẹnẹ phi erhuvwu phihọ oyan rọye na eyẹ ẹjo.|Ọshare na da fọ ko di no rọ vwọ riẹn se Ọghẹnẹ phi erhuvwu phihọ oyan rọye na eyẹ ẹjo.
GEN_024_022|Ọke rẹ iyesi na vwọ da ame nu, ọshare na da reyọ isa rẹ oro rọ họhọ te ubro ri shikẹl, kugbe umuobọ ivẹ re họhọ te shikẹl rẹ oro ihwe,|Ọke rẹ iyesi na vwọ da ame nu, ọshare na da reyọ isa rẹ oro rọ họhọ te ubro ri shikẹl, kugbe umuobọ ivẹ re họhọ te shikẹl rẹ oro ihwe,
GEN_024_025|Ọ da rhoma ta, Avwanre vwo egbri kugbe ẹbe eyaya buebu, kugbe uwevwi re wo phihọ.|Ọ da rhoma ta, Avwanre vwo egbri kugbe ẹbe eyaya buebu, kugbe uwevwi re wo phihọ.
GEN_024_026|Ọshare na de gbe uyovwi otọ ọ da ga Ọrovwohwo,|Ọshare na de gbe uyovwi otọ ọ da ga Ọrovwohwo,
GEN_024_027|ọ da ta, Ebruphihọ kẹ Ọrovwohwo Ọghẹnẹ rẹ onini mẹ Ebraham, ro se siobọ nẹ ẹguọnọ ro jẹrhẹriẹ kugbe evuesiri ro vwo kpahe onini mẹ. Vwọ kẹ vwẹ, Ọrovwohwo ri sun vwe vwẹ idjerhe rhi te uwevwi rẹ omoni rẹ onini mẹ.|ọ da ta, Ebruphihọ kẹ Ọrovwohwo Ọghẹnẹ rẹ onini mẹ Ebraham, ro se siobọ nẹ ẹguọnọ ro jẹrhẹriẹ kugbe evuesiri ro vwo kpahe onini mẹ. Vwọ kẹ vwẹ, Ọrovwohwo ri sun vwe vwẹ idjerhe rhi te uwevwi rẹ omoni rẹ onini mẹ.
GEN_024_028|Etiyin ọmọtẹ na da djẹ re gbe ikun rẹ emu nana ejobi kẹ ihwo rẹ uwevwi rẹ oni rọye.|Etiyin ọmọtẹ na da djẹ re gbe ikun rẹ emu nana ejobi kẹ ihwo rẹ uwevwi rẹ oni rọye.
GEN_024_029|Rebeka vwo oniọvo re se Laban; Laban da djẹ bru ohwo na, vwẹ obo ogbugbu na.|Rebeka vwo oniọvo re se Laban; Laban da djẹ bru ohwo na, vwẹ obo ogbugbu na.
GEN_024_030|Ọke rọ rhe vwọ mrẹ isa na kugbe umuobọ na vwẹ obọ rẹ oniọvo rọye, o ki rhe ji nyo ikun ri Rebeka gberi nẹ, Enẹ ohwo na ta kẹ vwẹ, o da yan bru ohwo na; o vwo ni, ọ da mrẹ ohwo na ro mudia kẹrẹ iyesi na vwẹ akakọ rẹ ogbugbu na.|Ọke rọ rhe vwọ mrẹ isa na kugbe umuobọ na vwẹ obọ rẹ oniọvo rọye, o ki rhe ji nyo ikun ri Rebeka gberi nẹ, Enẹ ohwo na ta kẹ vwẹ, o da yan bru ohwo na; o vwo ni, ọ da mrẹ ohwo na ro mudia kẹrẹ iyesi na vwẹ akakọ rẹ ogbugbu na.
GEN_024_031|Ọ da ta kẹ, Ro uwevwi, wẹ rẹ Ọrovwohwo bruba kẹ na die wo vwo mudia ughere? Kidie Me rhuẹrẹ uwevwi nure kugbe asan vwọ kẹ iyesi wẹn.|Ọ da ta kẹ, Ro uwevwi, wẹ rẹ Ọrovwohwo bruba kẹ na die wo vwo mudia ughere? Kidie Me rhuẹrẹ uwevwi nure kugbe asan vwọ kẹ iyesi wẹn.
GEN_024_033|O de mu emu kẹ nọ re, ẹkẹvuọvo ọ da ta, Me sa re emu re bẹsiẹ Me vwọ yan uwevwi mẹ nu. O da ta, Gba ta.|O de mu emu kẹ nọ re, ẹkẹvuọvo ọ da ta, Me sa re emu re bẹsiẹ Me vwọ yan uwevwi mẹ nu. O da ta, Gba ta.
GEN_024_034|Etiyin ọ da ta, Mẹvwẹ odibo rẹ Ebraham.|Etiyin ọ da ta, Mẹvwẹ odibo rẹ Ebraham.
GEN_024_035|Ọrovwohwo nabọ bruphihọ kẹ onini mẹ gangan, kẹ okpohwo rode, ọ vwẹ uchuru kẹ vẹ ekru rẹ eranvwe, idọnọ efuanfon vẹ iro, idibo rẹ eshare kugbe erẹ eya, iyesi kugbe ekẹtẹkẹtẹ.|Ọrovwohwo nabọ bruphihọ kẹ onini mẹ gangan, kẹ okpohwo rode, ọ vwẹ uchuru kẹ vẹ ekru rẹ eranvwe, idọnọ efuanfon vẹ iro, idibo rẹ eshare kugbe erẹ eya, iyesi kugbe ekẹtẹkẹtẹ.
GEN_024_036|Sera rẹ aye rẹ onini mẹ de rhi vwiẹ ọmọ kẹ vwẹ uyovwi esha na, ọmọ na kọye ọ ghwẹ efe rọye ejobi kẹ.|Sera rẹ aye rẹ onini mẹ de rhi vwiẹ ọmọ kẹ vwẹ uyovwi esha na, ọmọ na kọye ọ ghwẹ efe rọye ejobi kẹ.
GEN_024_037|Onini mẹ da tanẹ mi duvwu iyori, tanẹ, Wọ reyọ aye kẹ ọmọ mẹ na vwẹ usun rẹ emetẹ ri Kenan na-a, re Me dia otọ rayen na,|Onini mẹ da tanẹ mi duvwu iyori, tanẹ, Wọ reyọ aye kẹ ọmọ mẹ na vwẹ usun rẹ emetẹ ri Kenan na-a, re Me dia otọ rayen na,
GEN_024_038|ẹkẹvuọvo kpo uwevwi rẹ ọsẹ mẹ kugbe ekru mẹ, ra reyọ aye kẹ ọmọ mẹ.|ẹkẹvuọvo kpo uwevwi rẹ ọsẹ mẹ kugbe ekru mẹ, ra reyọ aye kẹ ọmọ mẹ.
GEN_024_039|Me da ta kẹ onini mẹ, Kẹ ọke rẹ aye na gbi nene uvwe-e, komavọ?|Me da ta kẹ onini mẹ, Kẹ ọke rẹ aye na gbi nene uvwe-e, komavọ?
GEN_024_040|Ẹkẹvuọvo ọ da ta kẹ vwẹ, Ọrovwohwo na re Me yan nene na, ko ji amakashe rọye nene uwe kọ kẹ wẹ aruesiri rọye vwẹ idjerhe wẹn ejobi, ku wọ reyọ aye kẹ ọmọ mẹ vwẹ evun rẹ ekru mẹ kugbe uwevwi rẹ ọsẹ mẹ;|Ẹkẹvuọvo ọ da ta kẹ vwẹ, Ọrovwohwo na re Me yan nene na, ko ji amakashe rọye nene uwe kọ kẹ wẹ aruesiri rọye vwẹ idjerhe wẹn ejobi, ku wọ reyọ aye kẹ ọmọ mẹ vwẹ evun rẹ ekru mẹ kugbe uwevwi rẹ ọsẹ mẹ;
GEN_024_041|kọye iyori na vwo ju we emuo, wo de te ekru mẹ re ayen gbe mrẹ aye vwọ kẹ wẹ-ẹ, ye iyori mẹ na gbi mu we-e.|kọye iyori na vwo ju we emuo, wo de te ekru mẹ re ayen gbe mrẹ aye vwọ kẹ wẹ-ẹ, ye iyori mẹ na gbi mu we-e.
GEN_024_042|Nonẹ na ki mi rhi te ogbugbu na, Me da ta, Ọrovwohwo, Ọghẹnẹ rẹ onini mẹ Ebraham, vwẹ enẹ na aruesiri wẹn de se nene uvwe vwẹ idjerhe re Me ra na,|Nonẹ na ki mi rhi te ogbugbu na, Me da ta, Ọrovwohwo, Ọghẹnẹ rẹ onini mẹ Ebraham, vwẹ enẹ na aruesiri wẹn de se nene uvwe vwẹ idjerhe re Me ra na,
GEN_024_043|nighe, mi re mudia vwẹ oma rẹ ogbugbu rẹ ame na; gbe jẹ ọmọtẹ ro rhi vo ame, re Me cha ta kẹ nẹ, Biko kẹ vwẹ ame rẹ ochẹ wẹn na da,|nighe, mi re mudia vwẹ oma rẹ ogbugbu rẹ ame na; gbe jẹ ọmọtẹ ro rhi vo ame, re Me cha ta kẹ nẹ, Biko kẹ vwẹ ame rẹ ochẹ wẹn na da,
GEN_024_044|rọ wẹnẹ unu kẹ vwẹ nẹ, Da, re mi ji vo kẹ iyesi wẹn rhe, gbe jẹ ọyena dia aye rẹ Ọrovwohwo rhuẹrẹ phihọ kẹ ọmọ rẹ onini mẹ.|rọ wẹnẹ unu kẹ vwẹ nẹ, Da, re mi ji vo kẹ iyesi wẹn rhe, gbe jẹ ọyena dia aye rẹ Ọrovwohwo rhuẹrẹ phihọ kẹ ọmọ rẹ onini mẹ.
GEN_024_045|Me je ghwa ta nẹ unu na-a, nighe, Rebeka da ghwa yanrhe vẹ ochẹ vwẹ igabọ, ọ da yan kpo obo ogbugbu na re vo ame. Me da ta kẹ, Biko kẹ vwẹ ame da.|Me je ghwa ta nẹ unu na-a, nighe, Rebeka da ghwa yanrhe vẹ ochẹ vwẹ igabọ, ọ da yan kpo obo ogbugbu na re vo ame. Me da ta kẹ, Biko kẹ vwẹ ame da.
GEN_024_046|Kpata kpata na o de ghwe wo ochẹ na nẹ igabọ rọye, ọ da ta, Da, re Me je kẹ iyesi wẹn na da rhe. Kọye Me da da, ọ da je kẹ iyesi na rhe.|Kpata kpata na o de ghwe wo ochẹ na nẹ igabọ rọye, ọ da ta, Da, re Me je kẹ iyesi wẹn na da rhe. Kọye Me da da, ọ da je kẹ iyesi na rhe.
GEN_024_047|Me da nọ nẹ, Wẹ ọmọtẹ rẹ ono? Ọ da ta, Ọmọtẹ ri Bẹtuẹl, ọmọ ri Nahọr ri Milka vwiẹ kẹ. Kọye mi de ku isa na phihọ abọ.|Me da nọ nẹ, Wẹ ọmọtẹ rẹ ono? Ọ da ta, Ọmọtẹ ri Bẹtuẹl, ọmọ ri Nahọr ri Milka vwiẹ kẹ. Kọye mi de ku isa na phihọ abọ.
GEN_024_048|Etiyin mi de gbe uyovwi kpotọ Me da ga Ọrovwohwo, mi de bruphihọ kẹ Ọrovwohwo, Ọghẹnẹ rẹ onini mẹ Ebraham, ro sun vwe wan idjerhe esiri ra reyọ ọmọtẹ rẹ uwevwi rẹ onini mẹ vwọ kẹ ọmọ rọye.|Etiyin mi de gbe uyovwi kpotọ Me da ga Ọrovwohwo, mi de bruphihọ kẹ Ọrovwohwo, Ọghẹnẹ rẹ onini mẹ Ebraham, ro sun vwe wan idjerhe esiri ra reyọ ọmọtẹ rẹ uwevwi rẹ onini mẹ vwọ kẹ ọmọ rọye.
GEN_024_049|Vwẹ etinẹ na, ọ da dianẹ wo ghine mu ọghọ kẹ onini mẹ gba ta kẹ vwẹ, ọ rha dia eriyi-in, ta kẹ vwẹ, rere mi ghwe kpo obọrhe eyẹ obọhwẹre.|Vwẹ etinẹ na, ọ da dianẹ wo ghine mu ọghọ kẹ onini mẹ gba ta kẹ vwẹ, ọ rha dia eriyi-in, ta kẹ vwẹ, rere mi ghwe kpo obọrhe eyẹ obọhwẹre.
GEN_024_050|Etiyin Laban vi Bẹtuẹl da kpahe, Emu na obọ rẹ Ọrovwohwo o nurhe; avwanre sa kpahe ota ọbrabra eyẹ ọresiri kẹ wẹ-ẹ.|Etiyin Laban vi Bẹtuẹl da kpahe, Emu na obọ rẹ Ọrovwohwo o nurhe; avwanre sa kpahe ota ọbrabra eyẹ ọresiri kẹ wẹ-ẹ.
GEN_024_051|Nighe, Rebeka ọye obaro wẹ na, reyọ re re wọ yanran, re ọ dia aye rẹ ọmọ rẹ onini wẹn, kirobo rẹ Ọrovwohwo tare.|Nighe, Rebeka ọye obaro wẹ na, reyọ re re wọ yanran, re ọ dia aye rẹ ọmọ rẹ onini wẹn, kirobo rẹ Ọrovwohwo tare.
GEN_024_053|Odibo rọye da ghwẹ ejọrọ rẹ idọnọ kugbe oro, kugbe emwa, vwọ kẹ Rebeka; ọ da je kẹ iniọvo rọye kugbe oni rọye ekuakua rẹ osẹvwe ghaghare.|Odibo rọye da ghwẹ ejọrọ rẹ idọnọ kugbe oro, kugbe emwa, vwọ kẹ Rebeka; ọ da je kẹ iniọvo rọye kugbe oni rọye ekuakua rẹ osẹvwe ghaghare.
GEN_024_054|Te ọye te ihwo rọye ke re e ke da, ayen da vwerhẹ ason yena vwẹ Etiyin. Rẹ ayen vwo vrẹn vwẹ irhiọke ọ da ta, Gbe jẹ avwanre kpo bru onini mẹ.|Te ọye te ihwo rọye ke re e ke da, ayen da vwerhẹ ason yena vwẹ Etiyin. Rẹ ayen vwo vrẹn vwẹ irhiọke ọ da ta, Gbe jẹ avwanre kpo bru onini mẹ.
GEN_024_055|Oniọvo rọye kugbe oni rọye da tanẹ, Jẹn ọmọ na hẹrhẹ tavwe, kiri emu rẹ ason ihwe; rẹ ẹdẹ na da wan nu ro ki kpo.|Oniọvo rọye kugbe oni rọye da tanẹ, Jẹn ọmọ na hẹrhẹ tavwe, kiri emu rẹ ason ihwe; rẹ ẹdẹ na da wan nu ro ki kpo.
GEN_024_057|Ayen da ta, Avwanre se ọmọtẹ na rere a nọ.|Ayen da ta, Avwanre se ọmọtẹ na rere a nọ.
GEN_024_058|Ayen de se Rebeka, ayen da ta kẹ, Wọ vẹ ohwo nana kpo? Ọ da tanẹ, Me vẹ ọye kpo.|Ayen de se Rebeka, ayen da ta kẹ, Wọ vẹ ohwo nana kpo? Ọ da tanẹ, Me vẹ ọye kpo.
GEN_024_059|Etiyin ayen de siobọ ni Rebeka ọ vẹ ọmọtẹ rọye, te odibo rẹ Ebraham vẹ ihwo rọye.|Etiyin ayen de siobọ ni Rebeka ọ vẹ ọmọtẹ rọye, te odibo rẹ Ebraham vẹ ihwo rọye.
GEN_024_060|Ayen da nẹ ẹrhovwo kẹ Rebeka tanẹ, Oniọvo rẹ avwanre, gba dia oni rẹ emọ uriori asako uriori ihwe, rere uvwiẹ wẹn vwẹ anurhoro rẹ ivwighrẹ rayen vwọ riuku.|Ayen da nẹ ẹrhovwo kẹ Rebeka tanẹ, Oniọvo rẹ avwanre, gba dia oni rẹ emọ uriori asako uriori ihwe, rere uvwiẹ wẹn vwẹ anurhoro rẹ ivwighrẹ rayen vwọ riuku.
GEN_024_061|Etiyin Rebeka vẹ ikọpha rọye de vrẹn ayen da gua iyesi rayen eshare na da vwọ kpahe ayen; kẹnẹ odibo na reyọ Rebeka, ayen de kpo.|Etiyin Rebeka vẹ ikọpha rọye de vrẹn ayen da gua iyesi rayen eshare na da vwọ kpahe ayen; kẹnẹ odibo na reyọ Rebeka, ayen de kpo.
GEN_024_062|Vwẹ ọke nana Aizik rhoma nẹ Beer-lahai-roi rhire, kọ dia obi Nẹgẹb.|Vwẹ ọke nana Aizik rhoma nẹ Beer-lahai-roi rhire, kọ dia obi Nẹgẹb.
GEN_024_064|Rebeka vwọ kpararo, kọ mrẹ Aizik, o de wotọ rhe,|Rebeka vwọ kpararo, kọ mrẹ Aizik, o de wotọ rhe,
GEN_024_065|ọ da ta kẹ idibo na nẹ, Didi ọshare oboyi na, ro yan bru avwanre cha na? Odibo na da ta, Onini mẹ. Etiyin ọ da reyọ oga rọye vwo rhurhu.|ọ da ta kẹ idibo na nẹ, Didi ọshare oboyi na, ro yan bru avwanre cha na? Odibo na da ta, Onini mẹ. Etiyin ọ da reyọ oga rọye vwo rhurhu.
GEN_024_066|Odibo na da ta kẹ Aizik emu ejobi ro ruru.|Odibo na da ta kẹ Aizik emu ejobi ro ruru.
GEN_024_067|Etiyin Aizik da reyọ Rebeka kpo uwevwi rọye, o da rhe dia aye rọye, evun rọye da vwerhọ, oma rẹ Aizik da rhe sasa rẹ oni rọye vwo ghwu nu.|Etiyin Aizik da reyọ Rebeka kpo uwevwi rọye, o da rhe dia aye rọye, evun rọye da vwerhọ, oma rẹ Aizik da rhe sasa rẹ oni rọye vwo ghwu nu.
GEN_025_001|Ebraham da reyọ aye ọfa, re se odẹ rọye Kẹtura.|Ebraham da reyọ aye ọfa, re se odẹ rọye Kẹtura.
GEN_025_002|O de vwiẹ Zimran, Jokshan, Medan, Midian, Ishbak, kugbe Shua.|O de vwiẹ Zimran, Jokshan, Medan, Midian, Ishbak, kugbe Shua.
GEN_025_003|Jokshan kọye ọsẹ ri Sheba kugbe Dedan. Emọ ri Dedan kẹ Asshurim, Letushim kugbe Le-ummim.|Jokshan kọye ọsẹ ri Sheba kugbe Dedan. Emọ ri Dedan kẹ Asshurim, Letushim kugbe Le-ummim.
GEN_025_004|Emọ ri Midian kẹ Ephah, Epher, Hanọk, Abida kugbe Eldah. Enana ejobi na kẹ emọ ri Kẹtura.|Emọ ri Midian kẹ Ephah, Epher, Hanọk, Abida kugbe Eldah. Enana ejobi na kẹ emọ ri Kẹtura.
GEN_025_005|Ebraham da vwẹ emu ro vwori ejobi vwọ kẹ Aizik.|Ebraham da vwẹ emu ro vwori ejobi vwọ kẹ Aizik.
GEN_025_007|Enana keye ẹdẹ rẹ ikpe rẹ akpọ rẹ Ebraham, ikpe iyori nuro vwẹ ujurhiri.|Enana keye ẹdẹ rẹ ikpe rẹ akpọ rẹ Ebraham, ikpe iyori nuro vwẹ ujurhiri.
GEN_025_008|Ebraham de phi ẹnwẹ họ o de ghwu, ọ ghworo hẹrẹn hẹrẹn, ọmare rọ mrẹ ikpe buebu, o de bru ihwo rọye.|Ebraham de phi ẹnwẹ họ o de ghwu, ọ ghworo hẹrẹn hẹrẹn, ọmare rọ mrẹ ikpe buebu, o de bru ihwo rọye.
GEN_025_009|Aizik kugbe Ishmael rẹ emọ rọye de sho phihọ ẹmwa ri Mak-pela, vwẹ otọ ri Ephron ọmọ ri Zohar rẹ ohwo ri Hẹt, rọ obọrhe ri Mamre,|Aizik kugbe Ishmael rẹ emọ rọye de sho phihọ ẹmwa ri Mak-pela, vwẹ otọ ri Ephron ọmọ ri Zohar rẹ ohwo ri Hẹt, rọ obọrhe ri Mamre,
GEN_025_010|otọ rẹ Ebraham dẹ mie ihwo ri Hẹt. Etiyin kọye e shi Ebraham phihọ kugbe Sera rẹ aye rọye.|otọ rẹ Ebraham dẹ mie ihwo ri Hẹt. Etiyin kọye e shi Ebraham phihọ kugbe Sera rẹ aye rọye.
GEN_025_011|Rẹ Ebraham vwo ghwunu Ọghẹnẹ de bruphihọ kẹ Aizik rẹ ọmọ rọye. Aizik da dia Beer-lahai-roi.|Rẹ Ebraham vwo ghwunu Ọghẹnẹ de bruphihọ kẹ Aizik rẹ ọmọ rọye. Aizik da dia Beer-lahai-roi.
GEN_025_012|Enana keye uvwiẹ rẹ Ishmael, ọmọ rẹ Ebraham, ri Hagar rẹ ohwo rẹ Ijipt, rẹ ọviẹn ri Sera, vwiẹ kẹ Ebraham.|Enana keye uvwiẹ rẹ Ishmael, ọmọ rẹ Ebraham, ri Hagar rẹ ohwo rẹ Ijipt, rẹ ọviẹn ri Sera, vwiẹ kẹ Ebraham.
GEN_025_013|Enana edẹ rẹ emọ rẹ Ishmael, re vwiẹri ohwohwo kpahe ohwo: Nebaioth, ọmọ ọkpako rẹ Ishmael, kugbe Kedar, Adbeel, Mibsam,|Enana edẹ rẹ emọ rẹ Ishmael, re vwiẹri ohwohwo kpahe ohwo: Nebaioth, ọmọ ọkpako rẹ Ishmael, kugbe Kedar, Adbeel, Mibsam,
GEN_025_014|Mishma, Dumah, Massa,|Mishma, Dumah, Massa,
GEN_025_015|Hadad, Tema, Jetur, Naphish, kugbe Kedemah.|Hadad, Tema, Jetur, Naphish, kugbe Kedemah.
GEN_025_016|Enana keye emọ rẹ Ishmael, enana keye odẹ rayen, ọkuọko rayen kugbe orho rayen, ivie ihwivẹ kirobo rẹ ẹgborho rayen epha.|Enana keye emọ rẹ Ishmael, enana keye odẹ rayen, ọkuọko rayen kugbe orho rayen, ivie ihwivẹ kirobo rẹ ẹgborho rayen epha.
GEN_025_017|(Enana keye ikpe rẹ akpọ rẹ Ishmael, ikpe erha nuro vwẹ ujughwrẹ, o de phi ẹnwẹn họ, o de ghwu, o de bru uvwiẹ rọye.)|(Enana keye ikpe rẹ akpọ rẹ Ishmael, ikpe erha nuro vwẹ ujughwrẹ, o de phi ẹnwẹn họ, o de ghwu, o de bru uvwiẹ rọye.)
GEN_025_018|Ayen da dia nẹ Havilah rhi te Shur, ro hirhe opharo ku Ijipt vwẹ ọke re de kpo Asiria; ọ da dia hirhe uko ku ihwo rọye.|Ayen da dia nẹ Havilah rhi te Shur, ro hirhe opharo ku Ijipt vwẹ ọke re de kpo Asiria; ọ da dia hirhe uko ku ihwo rọye.
GEN_025_019|Enana ke rha uvwiẹ rẹ Aizik, ọmọ rẹ Ebraham, Ebraham kọye ọsẹ rẹ Aizik,|Enana ke rha uvwiẹ rẹ Aizik, ọmọ rẹ Ebraham, Ebraham kọye ọsẹ rẹ Aizik,
GEN_025_020|Aizik ghwo te ikpe ujuvẹ, tavwe ọ ke reyọ Rebeka vwọ rọvwọ, ọmọtẹ ri Bẹtuẹl ohwo rẹ Aram rẹ orere ri Padanaram, oniọvo ri Laban rẹ ohwo rẹ Aram.|Aizik ghwo te ikpe ujuvẹ, tavwe ọ ke reyọ Rebeka vwọ rọvwọ, ọmọtẹ ri Bẹtuẹl ohwo rẹ Aram rẹ orere ri Padanaram, oniọvo ri Laban rẹ ohwo rẹ Aram.
GEN_025_021|Aizik da nẹ ẹrhovwo kẹ Ọghẹnẹ fiki rẹ aye rọye, kidie ẹga oruẹ, Ọrovwohwo de nyo ẹrhovwo rọye, Rebeka rẹ aye rọye da rhi mrevun.|Aizik da nẹ ẹrhovwo kẹ Ọghẹnẹ fiki rẹ aye rọye, kidie ẹga oruẹ, Ọrovwohwo de nyo ẹrhovwo rọye, Rebeka rẹ aye rọye da rhi mrevun.
GEN_025_022|Emọ na ki phre vwẹ evun na, o da ta, Ọ da dia enẹ, kidie Me guọnọ vwẹ akpọ? Etiyin o de re duotọ rọye vwẹ obọ rẹ Ọrovwohwo.|Emọ na ki phre vwẹ evun na, o da ta, Ọ da dia enẹ, kidie Me guọnọ vwẹ akpọ? Etiyin o de re duotọ rọye vwẹ obọ rẹ Ọrovwohwo.
GEN_025_023|Ọrovwohwo da ta kẹ, Ẹgborho ivẹ ri evun wẹn, oka rẹ ihwo ivẹ, ru wo che vwiẹ na, ke ghare oma; Ọvo cha goma nọ ọrivẹ, oro ọkpako cha ga oro otete.|Ọrovwohwo da ta kẹ, Ẹgborho ivẹ ri evun wẹn, oka rẹ ihwo ivẹ, ru wo che vwiẹ na, ke ghare oma; Ọvo cha goma nọ ọrivẹ, oro ọkpako cha ga oro otete.
GEN_025_025|Orẹ ẹsosuọ vwo shotọ ọvwara wei, oma rọye ejobi ẹtuẹnto yafu, kọye e de se odẹ rọye Isọ.|Orẹ ẹsosuọ vwo shotọ ọvwara wei, oma rọye ejobi ẹtuẹnto yafu, kọye e de se odẹ rọye Isọ.
GEN_025_026|Emerha oniọvo rọye de rhi shotọ, ọ da vwẹ obọ yọnrọn uchuku owọ rẹ Isọ, Etiyin e de se odẹ rọye Jekọp. Aizik ikpe ujorha vwẹ ọke ro vwo vwiẹ emọ na.|Emerha oniọvo rọye de rhi shotọ, ọ da vwẹ obọ yọnrọn uchuku owọ rẹ Isọ, Etiyin e de se odẹ rọye Jekọp. Aizik ikpe ujorha vwẹ ọke ro vwo vwiẹ emọ na.
GEN_025_027|Ọke rẹ emọ na vwọ ghwanre re, Isọ kẹ ọgba oruẹ, ohwo rẹ aghwa, Jekọp kẹ ohwo dẹndẹn rọ dia itughẹ.|Ọke rẹ emọ na vwọ ghwanre re, Isọ kẹ ọgba oruẹ, ohwo rẹ aghwa, Jekọp kẹ ohwo dẹndẹn rọ dia itughẹ.
GEN_025_029|Ẹdẹ ọvo ri Jekọp vwo chere ukodo, Isọ de nẹ ibefi rhe, owẹvwe ko hwe gangan.|Ẹdẹ ọvo ri Jekọp vwo chere ukodo, Isọ de nẹ ibefi rhe, owẹvwe ko hwe gangan.
GEN_025_030|Isọ da ta kẹ Jekọp, Ju vwe re umu ukodo ọvwavware wẹn na, kidie owẹvwe na hwe vwe gangan (Fiki rẹ ọtiọye na kọye e vwo se odẹ rọye Idọm.)|Isọ da ta kẹ Jekọp, Ju vwe re umu ukodo ọvwavware wẹn na, kidie owẹvwe na hwe vwe gangan (Fiki rẹ ọtiọye na kọye e vwo se odẹ rọye Idọm.)
GEN_025_031|Jekọp da ta, Gba shẹ ọkpako wẹn kẹ vwẹ tavwe.|Jekọp da ta, Gba shẹ ọkpako wẹn kẹ vwẹ tavwe.
GEN_025_032|Isọ da ta, Mi muegbe rẹ ughwu na kidie Me vwẹ ọkpako ru?|Isọ da ta, Mi muegbe rẹ ughwu na kidie Me vwẹ ọkpako ru?
GEN_025_033|Jekọp da ta, Gbe duvwu iyori tavwe. Etiyin o de duvwu iyori, ọ da shẹ ọkpako rọye ki Jekọp.|Jekọp da ta, Gbe duvwu iyori tavwe. Etiyin o de duvwu iyori, ọ da shẹ ọkpako rọye ki Jekọp.
GEN_025_034|Jekọp da vwẹ ikara kugbe ukodo rẹ ifọn vwọ kẹ Isọ, ọ da re ọ da da, o vreri ọ da yanran. Kẹnẹ Isọ ni ọkpako rọye saka.|Jekọp da vwẹ ikara kugbe ukodo rẹ ifọn vwọ kẹ Isọ, ọ da re ọ da da, o vreri ọ da yanran. Kẹnẹ Isọ ni ọkpako rọye saka.
GEN_026_001|Asakiephana owẹvwe de rhi fi vwẹ otọ na, rọ rho nọ owẹvwe ro firi vwẹ ọke rẹ Ebraham. Aizik de kpo Gẹra, bru Abimẹlẹk ovie ri Filistia.|Asakiephana owẹvwe de rhi fi vwẹ otọ na, rọ rho nọ owẹvwe ro firi vwẹ ọke rẹ Ebraham. Aizik de kpo Gẹra, bru Abimẹlẹk ovie ri Filistia.
GEN_026_002|Orvwohwo da vwẹ oma phia kẹ, ọ da ta, Wo kpo Ijipti-i; dia otọ re Me ta kẹ wẹ na.|Orvwohwo da vwẹ oma phia kẹ, ọ da ta, Wo kpo Ijipti-i; dia otọ re Me ta kẹ wẹ na.
GEN_026_003|Dia ukane wẹn vwe otọ nana, ki mi nene uwe dia, ki mi bruba kẹ wẹ; kidie vwọ kẹ wẹ vẹ uvwiẹ wẹn Me cha vwẹ etọ nana kẹ, ki mi ru ive ri mi veri kẹ Ebraham rẹ ọsẹ wẹn gba.|Dia ukane wẹn vwe otọ nana, ki mi nene uwe dia, ki mi bruba kẹ wẹ; kidie vwọ kẹ wẹ vẹ uvwiẹ wẹn Me cha vwẹ etọ nana kẹ, ki mi ru ive ri mi veri kẹ Ebraham rẹ ọsẹ wẹn gba.
GEN_026_005|fikiridie Ebraham mu ọghọ kẹ urhuru mẹ, iji mẹ, kugbe ẹgha mẹ, kugbe irhi Me.|fikiridie Ebraham mu ọghọ kẹ urhuru mẹ, iji mẹ, kugbe ẹgha mẹ, kugbe irhi Me.
GEN_026_006|Kọye Aizik da dia Gẹra.|Kọye Aizik da dia Gẹra.
GEN_026_007|Ọke rẹ ihwo rẹ asan na vwọ nọ ekpẹn rẹ aye rọye, ọ da ta, Oniọvo mẹ oruẹ; kidie oshọ muro rọ vwọ ta nẹ, Aye mẹ, ko roro nẹ ihwo rẹ asan na che hwe ọye fiki ri Rebeka, kidie oyovwiri gangan.|Ọke rẹ ihwo rẹ asan na vwọ nọ ekpẹn rẹ aye rọye, ọ da ta, Oniọvo mẹ oruẹ; kidie oshọ muro rọ vwọ ta nẹ, Aye mẹ, ko roro nẹ ihwo rẹ asan na che hwe ọye fiki ri Rebeka, kidie oyovwiri gangan.
GEN_026_008|Rọ vwọ dia Etiyin krekri re, Abimẹlẹk ovie ri Filistia vwo nẹ evakpo ọ da mrẹ Aizik rọ vẹ Rebeka bẹnẹ.|Rọ vwọ dia Etiyin krekri re, Abimẹlẹk ovie ri Filistia vwo nẹ evakpo ọ da mrẹ Aizik rọ vẹ Rebeka bẹnẹ.
GEN_026_009|Etiyin Abimẹlẹk de se Aizik, ọ da ta, Nighe, aye wẹn oruẹ, komavọ wọ rha vwọ tanẹ oniọvo mẹ? Aizik da ta kẹ, Kidie mi rori nẹ, e che hwe vwe fiki rọye.|Etiyin Abimẹlẹk de se Aizik, ọ da ta, Nighe, aye wẹn oruẹ, komavọ wọ rha vwọ tanẹ oniọvo mẹ? Aizik da ta kẹ, Kidie mi rori nẹ, e che hwe vwe fiki rọye.
GEN_026_010|Abimẹlẹk da ta, Ọna didi emu wo ru avwanre na? Ọ dianẹ kẹ ọvo vwẹ usu rẹ avwanre na vwẹ oma te, yọ nẹrhẹ avwanre riabe.|Abimẹlẹk da ta, Ọna didi emu wo ru avwanre na? Ọ dianẹ kẹ ọvo vwẹ usu rẹ avwanre na vwẹ oma te, yọ nẹrhẹ avwanre riabe.
GEN_026_011|Kọye Abimẹlẹk da kpa okpa kẹ ihwo rọye, tanẹ, Kohwo kohwo rọ vwẹ obo te aye rọye ko ghwu.|Kọye Abimẹlẹk da kpa okpa kẹ ihwo rọye, tanẹ, Kohwo kohwo rọ vwẹ obo te aye rọye ko ghwu.
GEN_026_012|Aizik de voro udju ukpe yena vwẹ otọ na, o de vun ujori. Ọrovwohwo de bruphihọ kẹ,|Aizik de voro udju ukpe yena vwẹ otọ na, o de vun ujori. Ọrovwohwo de bruphihọ kẹ,
GEN_026_013|ohwo na de rhi fe, efe na kẹ ebuebuo bẹsiẹ rọ ke rhe dia ọdafe rode.|ohwo na de rhi fe, efe na kẹ ebuebuo bẹsiẹ rọ ke rhe dia ọdafe rode.
GEN_026_014|O de vwo uchuru vẹ eranvwe buebu, kugbe ikru, ihwo ri Filistia na ke rioma kpahọ.|O de vwo uchuru vẹ eranvwe buebu, kugbe ikru, ihwo ri Filistia na ke rioma kpahọ.
GEN_026_015|(Vwẹ ọke nana ihwo ri Filistia de gbe erhare ejobi rẹ idibo rẹ ọsẹ rọye tọnre vwẹ ọke rẹ Ebraham ọsẹ rọye.)|(Vwẹ ọke nana ihwo ri Filistia de gbe erhare ejobi rẹ idibo rẹ ọsẹ rọye tọnre vwẹ ọke rẹ Ebraham ọsẹ rọye.)
GEN_026_016|Abimẹlẹk da ta kẹ Aizik, Kpo nẹ orho rẹ avwanre, kidie wọ goma nọ avwanre.|Abimẹlẹk da ta kẹ Aizik, Kpo nẹ orho rẹ avwanre, kidie wọ goma nọ avwanre.
GEN_026_017|Etiyin Aizik de vrẹn nẹ Etiyin, o de mu erhọn phihọ ushekpotọ ri Gẹra kẹ Etiyin ọ diare.|Etiyin Aizik de vrẹn nẹ Etiyin, o de mu erhọn phihọ ushekpotọ ri Gẹra kẹ Etiyin ọ diare.
GEN_026_018|Aizik da rhoma tọn erhare ra tọnre vwẹ ọke rẹ Ebraham ọsẹ rọye, fikiridie ihwo ri Filistia gbe ayen vwẹ ọke rẹ Ebraham vwo ghwu nu, o de mu edẹ rẹ ọsẹ rọye mu kẹ ayen jovwo na kẹ ayen.|Aizik da rhoma tọn erhare ra tọnre vwẹ ọke rẹ Ebraham ọsẹ rọye, fikiridie ihwo ri Filistia gbe ayen vwẹ ọke rẹ Ebraham vwo ghwu nu, o de mu edẹ rẹ ọsẹ rọye mu kẹ ayen jovwo na kẹ ayen.
GEN_026_020|isuigodẹ rẹ ihwo ri Gẹra vẹ erẹ Aizik ke ghwọ, tanẹ, Ame na ọ rẹ avwanre. Kọye o de se odẹ rẹ orhare na Esek, kidie ayen ghwọ gbe.|isuigodẹ rẹ ihwo ri Gẹra vẹ erẹ Aizik ke ghwọ, tanẹ, Ame na ọ rẹ avwanre. Kọye o de se odẹ rẹ orhare na Esek, kidie ayen ghwọ gbe.
GEN_026_021|Ayen da tọn ọfa ayen da je ghwọ gbe; Etiyin o de se odẹ Sitnah.|Ayen da tọn ọfa ayen da je ghwọ gbe; Etiyin o de se odẹ Sitnah.
GEN_026_022|O de vrẹn nẹ Etiyin ọ da ra tọn orhare ọfa, ayen gbe ghwọ vwẹ ọyena-a, Etiyin o de se odẹ rọye Rehobọth, tanẹ, Fikiridie Ọrovwohwo kẹ avwanre asan dia, otọ na ko yovwi kẹ avwanre.|O de vrẹn nẹ Etiyin ọ da ra tọn orhare ọfa, ayen gbe ghwọ vwẹ ọyena-a, Etiyin o de se odẹ rọye Rehobọth, tanẹ, Fikiridie Ọrovwohwo kẹ avwanre asan dia, otọ na ko yovwi kẹ avwanre.
GEN_026_023|O vrẹn nẹ Etiyin ọ da yan kpo Bẹẹrsheba.|O vrẹn nẹ Etiyin ọ da yan kpo Bẹẹrsheba.
GEN_026_025|Etiyin ọ da so agbada o de se odẹ rẹ Ọrovwohwo, ọ da ghwa fa ọko phihọ Etiyin. Idibo rẹ Aizik da tọn orhare vwọ asan na.|Etiyin ọ da so agbada o de se odẹ rẹ Ọrovwohwo, ọ da ghwa fa ọko phihọ Etiyin. Idibo rẹ Aizik da tọn orhare vwọ asan na.
GEN_026_026|Abimẹlẹk da yan ni Gẹra bro ra ọ vẹ Ahuzath re ọbuiroro rọye kugbe Fikol rẹ onotu rẹ ofovwi rọye.|Abimẹlẹk da yan ni Gẹra bro ra ọ vẹ Ahuzath re ọbuiroro rọye kugbe Fikol rẹ onotu rẹ ofovwi rọye.
GEN_026_027|Aizik da ta kẹ, Die wo rhe vwo bru rhire, yẹ ivun mẹ vwerha owẹ-ẹ, wọ ke rha djẹ vwẹ nẹ oma?|Aizik da ta kẹ, Die wo rhe vwo bru rhire, yẹ ivun mẹ vwerha owẹ-ẹ, wọ ke rha djẹ vwẹ nẹ oma?
GEN_026_030|O de chere emu kẹ ayen, ayen da re ayen da da.|O de chere emu kẹ ayen, ayen da re ayen da da.
GEN_026_031|Irhiọke ride ayen de vrẹn ayen da re ọphọ; Aizik de siobọ nẹ ayen, ayen de kpo egberhẹnẹdẹ.|Irhiọke ride ayen de vrẹn ayen da re ọphọ; Aizik de siobọ nẹ ayen, ayen de kpo egberhẹnẹdẹ.
GEN_026_032|Ẹdẹ yena vuọvo na idibo rẹ Aizik da rhe vuẹ kpahe orhare rẹ ayen tọnre, ayen da ta ke, Avwanre mrẹ ame re.|Ẹdẹ yena vuọvo na idibo rẹ Aizik da rhe vuẹ kpahe orhare rẹ ayen tọnre, ayen da ta ke, Avwanre mrẹ ame re.
GEN_026_033|O de se Shibah, fiki rẹ ọtiọye na e de se odẹ rẹ orere na Bẹẹrsheba rhi te nonẹ na.|O de se Shibah, fiki rẹ ọtiọye na e de se odẹ rẹ orere na Bẹẹrsheba rhi te nonẹ na.
GEN_026_034|Ọke rẹ Isọ vwo te ikpe ujuvẹ re, ọ da reyọ aye re se Judith rẹ ọmọ ri Beeri rẹ ohwo ri Hẹt vwọ rọvwọ, kugbe Basemath ọmọtẹ rẹ Elọn rẹ ohwo ri Hẹt,|Ọke rẹ Isọ vwo te ikpe ujuvẹ re, ọ da reyọ aye re se Judith rẹ ọmọ ri Beeri rẹ ohwo ri Hẹt vwọ rọvwọ, kugbe Basemath ọmọtẹ rẹ Elọn rẹ ohwo ri Hẹt,
GEN_026_035|ayen da lagha Aizik kugbe Rebeka gangan.|ayen da lagha Aizik kugbe Rebeka gangan.
GEN_027_001|Ọke rẹ Aizik vwọ ghwọ re rẹ ẹro rọye vwo dje rọ gbe mrẹ orẹ-ẹ, o de se Isọ rẹ ọmọkpako rọye, ọ da ta kẹ, Mọmẹ, ọ da kpahe kẹ, Mẹvwẹ na.|Ọke rẹ Aizik vwọ ghwọ re rẹ ẹro rọye vwo dje rọ gbe mrẹ orẹ-ẹ, o de se Isọ rẹ ọmọkpako rọye, ọ da ta kẹ, Mọmẹ, ọ da kpahe kẹ, Mẹvwẹ na.
GEN_027_002|O da ta, Nighe, Me ghwore; Me riẹn ẹdẹ rẹ ughwu mẹ-ẹ.|O da ta, Nighe, Me ghwore; Me riẹn ẹdẹ rẹ ughwu mẹ-ẹ.
GEN_027_005|Vwẹ ọke yena Rebeka ra kerhọ rẹ Aizik vwọ ta kẹ Isọ rẹ ọmọ rọye. Kọye ọke rẹ Isọ vwo kpo aghwa re hwe eranvwe rhe,|Vwẹ ọke yena Rebeka ra kerhọ rẹ Aizik vwọ ta kẹ Isọ rẹ ọmọ rọye. Kọye ọke rẹ Isọ vwo kpo aghwa re hwe eranvwe rhe,
GEN_027_006|Rebeka da ta kẹ ọmọ rọye Jekọp, Mi nyo umri rẹ ọsẹ wẹn rọ ta kẹ oniọvo wẹn Isọ nẹ,|Rebeka da ta kẹ ọmọ rọye Jekọp, Mi nyo umri rẹ ọsẹ wẹn rọ ta kẹ oniọvo wẹn Isọ nẹ,
GEN_027_008|Fiki rẹ ọtiọye na ọmọ mẹ, gbe nyo ota na re Me ta kẹ wẹ na.|Fiki rẹ ọtiọye na ọmọ mẹ, gbe nyo ota na re Me ta kẹ wẹ na.
GEN_027_009|Kpo obo uchuru na, re wo mu emọ rẹ ẹkpro ivẹ rhe, rere mi vwo chere emu ọvwevwerhe kẹ ọsẹ wẹn, ọtiẹ emu rọ vwerhọ;|Kpo obo uchuru na, re wo mu emọ rẹ ẹkpro ivẹ rhe, rere mi vwo chere emu ọvwevwerhe kẹ ọsẹ wẹn, ọtiẹ emu rọ vwerhọ;
GEN_027_010|ku wo muo rhe ọsẹ wẹn rọ re, rere ọ nẹ ẹrhovwo kẹ wẹ ro ki ghwu.|ku wo muo rhe ọsẹ wẹn rọ re, rere ọ nẹ ẹrhovwo kẹ wẹ ro ki ghwu.
GEN_027_011|Ẹkẹvuọvo Jekọp da ta kẹ Rebeka rẹ oni rọye, Nighe, oniọvo mẹ Isọ ọ pha ẹtuẹnto, ye Me pha bọbọbọ.|Ẹkẹvuọvo Jekọp da ta kẹ Rebeka rẹ oni rọye, Nighe, oniọvo mẹ Isọ ọ pha ẹtuẹnto, ye Me pha bọbọbọ.
GEN_027_013|Oni rọye da ta kẹ, Jẹn eka ra harhe owẹ dia uyovwi mẹ, ọmọ mẹ, takpi nyo ota mẹ ru wọ yanran, re mu eranvwe na rhe vwe.|Oni rọye da ta kẹ, Jẹn eka ra harhe owẹ dia uyovwi mẹ, ọmọ mẹ, takpi nyo ota mẹ ru wọ yanran, re mu eranvwe na rhe vwe.
GEN_027_014|Etiyin ọ da yanran re mu ayen rhe oni rọye, oni rọye de chere emu ọvwevwerhe, ọtiẹ emu rọ vwerhọ.|Etiyin ọ da yanran re mu ayen rhe oni rọye, oni rọye de chere emu ọvwevwerhe, ọtiẹ emu rọ vwerhọ.
GEN_027_015|Etiyin Rebeka da reyọ ewu rẹ Isọ rẹ ọmọkpako rọye na, rọ evun rẹ uwevwi jovwo, o de kuo phihọ Jekọp rẹ omotete na,|Etiyin Rebeka da reyọ ewu rẹ Isọ rẹ ọmọkpako rọye na, rọ evun rẹ uwevwi jovwo, o de kuo phihọ Jekọp rẹ omotete na,
GEN_027_016|ọ da reyọ, ophiẹn rẹ ẹmẹvwe na vwọ phare abọ vẹ edigbo ohọre rọye;|ọ da reyọ, ophiẹn rẹ ẹmẹvwe na vwọ phare abọ vẹ edigbo ohọre rọye;
GEN_027_017|o de mu emu ọvwevwerhe na kugbe ikara rọ nabọ kaka na, vwọ kẹ ọmọ rọye Jekọp.|o de mu emu ọvwevwerhe na kugbe ikara rọ nabọ kaka na, vwọ kẹ ọmọ rọye Jekọp.
GEN_027_018|O de mu emu na rhe ọsẹ rọye, ọ da ta, Baba; o de nyo kẹ nẹ, Mẹvwẹ na, wẹ ono vwo mọmẹ?|O de mu emu na rhe ọsẹ rọye, ọ da ta, Baba; o de nyo kẹ nẹ, Mẹvwẹ na, wẹ ono vwo mọmẹ?
GEN_027_019|Jekọp da ta kẹ ọsẹ rọye, Mẹvwẹ Isọ rẹ ọmọkpako wẹn. Mi ruru kirobo re wọ ta kẹ vwẹ nure, gbe vrẹn tidia re wọ re eranvwe mẹ, rere wọ nẹ ẹrhovwo kẹ vwẹ.|Jekọp da ta kẹ ọsẹ rọye, Mẹvwẹ Isọ rẹ ọmọkpako wẹn. Mi ruru kirobo re wọ ta kẹ vwẹ nure, gbe vrẹn tidia re wọ re eranvwe mẹ, rere wọ nẹ ẹrhovwo kẹ vwẹ.
GEN_027_020|Ẹkẹvuọvo, Aizik da ta kẹ ọmọ rọye, Mavọ wọ ghwa fobọ mrẹ eranvwe na phẹrẹkpẹ ọtiọye, ọmọ Me? Ọ da kpahe, Kidie Ọrovwohwo rẹ Ọghẹnẹ wẹn vwe rọ kẹ vwẹ. Aizik da ta ke Jekọp,|Ẹkẹvuọvo, Aizik da ta kẹ ọmọ rọye, Mavọ wọ ghwa fobọ mrẹ eranvwe na phẹrẹkpẹ ọtiọye, ọmọ Me? Ọ da kpahe, Kidie Ọrovwohwo rẹ Ọghẹnẹ wẹn vwe rọ kẹ vwẹ. Aizik da ta ke Jekọp,
GEN_027_021|Bi te vwe oma te, rere Me vwẹ obọ te we, ọmọ mẹ, rere mi vughe uwe se owẹ Isọ eyẹ ohwo ọfa.|Bi te vwe oma te, rere Me vwẹ obọ te we, ọmọ mẹ, rere mi vughe uwe se owẹ Isọ eyẹ ohwo ọfa.
GEN_027_022|Etiyin Jekọp de si kẹrẹ Aizik rẹ ọsẹ rọye, ọ da vwẹ obọ gbe ọ da ta, Urhuru na urhuru ri Jekọp, ẹkẹvuọvo abọ na kiri abọ rẹ Isọ.|Etiyin Jekọp de si kẹrẹ Aizik rẹ ọsẹ rọye, ọ da vwẹ obọ gbe ọ da ta, Urhuru na urhuru ri Jekọp, ẹkẹvuọvo abọ na kiri abọ rẹ Isọ.
GEN_027_023|O gbi se vughe-e, kidie abọ rọye pha ẹtuẹnto kiri abọ rẹ oniọvo rọye Isọ, Etiyin ọ da nẹ ẹrhovwo kẹ.|O gbi se vughe-e, kidie abọ rọye pha ẹtuẹnto kiri abọ rẹ oniọvo rọye Isọ, Etiyin ọ da nẹ ẹrhovwo kẹ.
GEN_027_024|Ọ da ta kẹ, Wẹ ghine ọmọ mẹ Isọ? Ọ da kpahe, Mẹvwẹ ọye.|Ọ da ta kẹ, Wẹ ghine ọmọ mẹ Isọ? Ọ da kpahe, Mẹvwẹ ọye.
GEN_027_025|Etiyin ọ da ta, Gbe muo rhe vwe, rere Me re eranvwe rẹ ọmọ mẹ re Me nẹ ẹrhovwo kẹ wẹ, o de mu emu na rhe, ọ da re; ọ da vwẹ udi kẹ, ọ da da.|Etiyin ọ da ta, Gbe muo rhe vwe, rere Me re eranvwe rẹ ọmọ mẹ re Me nẹ ẹrhovwo kẹ wẹ, o de mu emu na rhe, ọ da re; ọ da vwẹ udi kẹ, ọ da da.
GEN_027_026|Etiyin ọsẹ rọye Aizik da ta kẹ, Gbe si kẹrẹ ovwẹ re wọ fiọnfiọn ovwẹ, ọmọ mẹ.|Etiyin ọsẹ rọye Aizik da ta kẹ, Gbe si kẹrẹ ovwẹ re wọ fiọnfiọn ovwẹ, ọmọ mẹ.
GEN_027_027|O de si kẹrẹ ọ da fiọnfiọn, ọ da vwẹ ewu rọye gbọrhe ọ da nẹ ẹrhovwo kẹ, ọ da ta, No, ọnrhẹn rẹ ọmọ mẹ kiri ọnrhe rẹ okogbe rẹ Ọrovwohwo bruphihọ kẹ,|O de si kẹrẹ ọ da fiọnfiọn, ọ da vwẹ ewu rọye gbọrhe ọ da nẹ ẹrhovwo kẹ, ọ da ta, No, ọnrhẹn rẹ ọmọ mẹ kiri ọnrhe rẹ okogbe rẹ Ọrovwohwo bruphihọ kẹ,
GEN_027_028|Ọghẹnẹ kẹ wẹ evwru rẹ obo odjuvwu, kugbe ivwri rẹ otọ na, vẹ ọka buebu kugbe udi.|Ọghẹnẹ kẹ wẹ evwru rẹ obo odjuvwu, kugbe ivwri rẹ otọ na, vẹ ọka buebu kugbe udi.
GEN_027_032|Ọsẹ rọye Aizik da ta kẹ, Wẹ ono vwo? Ọ da kpahe, Mẹvwẹ ọmọ wẹn, ọmọkpako wẹn Isọ.|Ọsẹ rọye Aizik da ta kẹ, Wẹ ono vwo? Ọ da kpahe, Mẹvwẹ ọmọ wẹn, ọmọkpako wẹn Isọ.
GEN_027_033|Etiyin Aizik kọ phariẹ guegue, ọ da ta, Kono ri hwe eranvwe ro de muo rhe vwe, Me rerọ ejobi nu tavwe wọ ke rhe, Me je vwẹ ẹrhovwo kẹ nureọ? uyota ke bruphihọ kẹ.|Etiyin Aizik kọ phariẹ guegue, ọ da ta, Kono ri hwe eranvwe ro de muo rhe vwe, Me rerọ ejobi nu tavwe wọ ke rhe, Me je vwẹ ẹrhovwo kẹ nureọ? uyota ke bruphihọ kẹ.
GEN_027_034|Ọke rẹ Isọ vwo nyo ota rẹ ọsẹ rọye, o de shugo rẹ oviẹ ọ da viẹ oviẹ rọ yara, ọ da ta kẹ ọsẹ rọye, Nẹ ẹrhovwo kẹ vwẹ, ji te omẹvwẹ rhe, E ọsẹ mẹ;|Ọke rẹ Isọ vwo nyo ota rẹ ọsẹ rọye, o de shugo rẹ oviẹ ọ da viẹ oviẹ rọ yara, ọ da ta kẹ ọsẹ rọye, Nẹ ẹrhovwo kẹ vwẹ, ji te omẹvwẹ rhe, E ọsẹ mẹ;
GEN_027_037|Aizik da ta kẹ Isọ, Nighe, mi vwi ro ru olori vwẹ enu wẹn nure, Me je vwẹ iniọvo wẹn ejobi kẹ ne dia idibo kẹ nure, te ọka te udi Me vwọ ba kẹ. Kidie ọfa mi ji ru kẹ wẹ, ọmọ mẹ?|Aizik da ta kẹ Isọ, Nighe, mi vwi ro ru olori vwẹ enu wẹn nure, Me je vwẹ iniọvo wẹn ejobi kẹ ne dia idibo kẹ nure, te ọka te udi Me vwọ ba kẹ. Kidie ọfa mi ji ru kẹ wẹ, ọmọ mẹ?
GEN_027_038|Isọ da ta kẹ ọsẹ rọye, Kaka ẹmẹ ẹrhovwo ọvo gbe herọ, ọsẹ mẹ? Nẹ ẹrhovwo kẹ vwẹ, ji te omẹvwẹ rhe, E ọsẹ mẹ. Isọ de kuenu rẹ oviẹ.|Isọ da ta kẹ ọsẹ rọye, Kaka ẹmẹ ẹrhovwo ọvo gbe herọ, ọsẹ mẹ? Nẹ ẹrhovwo kẹ vwẹ, ji te omẹvwẹ rhe, E ọsẹ mẹ. Isọ de kuenu rẹ oviẹ.
GEN_027_039|Etiyin Aizik rẹ ọsẹ rọye da kpahe kẹ: Nighe, asan ro tephe kẹ ivwri rẹ otọ na ọye cha dia ẹdia wẹn, ro ji tephe kẹ evwru rẹ odjuvwu.|Etiyin Aizik rẹ ọsẹ rọye da kpahe kẹ: Nighe, asan ro tephe kẹ ivwri rẹ otọ na ọye cha dia ẹdia wẹn, ro ji tephe kẹ evwru rẹ odjuvwu.
GEN_027_040|Odan wẹ wọ vwọ riemu, ku wọ ga oniọvo wẹn; ẹkẹvuọvo wọ da pharhe vabọ ku wo vwirhi ọghrọrọ nẹ ohọre wẹn.|Odan wẹ wọ vwọ riemu, ku wọ ga oniọvo wẹn; ẹkẹvuọvo wọ da pharhe vabọ ku wo vwirhi ọghrọrọ nẹ ohọre wẹn.
GEN_027_041|Kẹ ọke nana yanran oma ri Jekọp ko tuẹ Isọ fiki rẹ ẹrhovwo rẹ ọsẹ rọye nẹ kẹ, Isọ da ta kẹ omoma rọye, Ẹdẹ rẹ ughwu ri Baba kẹrire, ke Me teye oniọvo mẹ na Jekọp hwe.|Kẹ ọke nana yanran oma ri Jekọp ko tuẹ Isọ fiki rẹ ẹrhovwo rẹ ọsẹ rọye nẹ kẹ, Isọ da ta kẹ omoma rọye, Ẹdẹ rẹ ughwu ri Baba kẹrire, ke Me teye oniọvo mẹ na Jekọp hwe.
GEN_027_042|Ẹkẹvuọvo eta rẹ Isọ na rẹ ọmọkpako rọye na e de rhi gbe ayen kẹ Rebeka; o de ji ohwo re se Jekọp rẹ omotete rọye na, ọ da vuẹ nẹ, Nighe, Isọ rẹ oniọvo wẹn ọ rọ jẹn iroro ro vwo hwe we, ọke o di nẹ na.|Ẹkẹvuọvo eta rẹ Isọ na rẹ ọmọkpako rọye na e de rhi gbe ayen kẹ Rebeka; o de ji ohwo re se Jekọp rẹ omotete rọye na, ọ da vuẹ nẹ, Nighe, Isọ rẹ oniọvo wẹn ọ rọ jẹn iroro ro vwo hwe we, ọke o di nẹ na.
GEN_027_043|Wẹ ọmọ mẹ, kerhọ mẹ, vrẹn, wọ djẹ bru Laban rẹ oniọvo mẹ vwi Haran,|Wẹ ọmọ mẹ, kerhọ mẹ, vrẹn, wọ djẹ bru Laban rẹ oniọvo mẹ vwi Haran,
GEN_027_044|re wọ vọye dia oboyi emerha, bẹsiẹ rẹ ophun rẹ oniọvo wẹn vwo fue;|re wọ vọye dia oboyi emerha, bẹsiẹ rẹ ophun rẹ oniọvo wẹn vwo fue;
GEN_027_046|Rebeka da ta kẹ Aizik, Ofu rẹ akpọ mẹ dje vwe vwi fiki rẹ eya ri Hit. Ọ da dianẹ Jekọp rọvwọ aye ri Hit tiọnana, usun rẹ eya rẹ otọ na, ki didi akpọ mi yeri?|Rebeka da ta kẹ Aizik, Ofu rẹ akpọ mẹ dje vwe vwi fiki rẹ eya ri Hit. Ọ da dianẹ Jekọp rọvwọ aye ri Hit tiọnana, usun rẹ eya rẹ otọ na, ki didi akpọ mi yeri?
GEN_028_001|Aizik de se Jekọp ọ da nẹ ẹrhovwo kẹ, o de ji iji kẹ nẹ, Wọ reyọ aye rẹ ihwo ri Kenan-i.|Aizik de se Jekọp ọ da nẹ ẹrhovwo kẹ, o de ji iji kẹ nẹ, Wọ reyọ aye rẹ ihwo ri Kenan-i.
GEN_028_002|Vrẹn, kpo Padanaram kpo uwevwi ri Bẹtuẹl ọsẹ rẹ oni wẹn, ru wọ dia oboyi da reyọ aye ọvo vwẹ usun rẹ emetẹ ri Laban oniọvo rẹ oni wẹn.|Vrẹn, kpo Padanaram kpo uwevwi ri Bẹtuẹl ọsẹ rẹ oni wẹn, ru wọ dia oboyi da reyọ aye ọvo vwẹ usun rẹ emetẹ ri Laban oniọvo rẹ oni wẹn.
GEN_028_003|Ọghẹnẹ ro vwo Ẹgba o bruphihọ kẹ wẹ ro ru we ogbaọmiọvwọ ru wo bu, ru wọ rhe dia egbotu.|Ọghẹnẹ ro vwo Ẹgba o bruphihọ kẹ wẹ ro ru we ogbaọmiọvwọ ru wo bu, ru wọ rhe dia egbotu.
GEN_028_004|Jọ vwẹ ebruphihọ rẹ Ebraham kẹ wẹ kugbe uvwiẹ wẹn ejobi, rere wọ vwọ sa reyọ otọ rẹ ihwo ru wọ kua bru na, re Ọghẹnẹ vwọ kẹ Ebraham na vwọ riuku.|Jọ vwẹ ebruphihọ rẹ Ebraham kẹ wẹ kugbe uvwiẹ wẹn ejobi, rere wọ vwọ sa reyọ otọ rẹ ihwo ru wọ kua bru na, re Ọghẹnẹ vwọ kẹ Ebraham na vwọ riuku.
GEN_028_005|Enẹ kọye Aizik ji Jekọp yanran, ọ da yan kpo Padanaram bru Laban, rẹ ọmọ ri Bẹtuẹl ohwo ri Aram, rẹ oniọvo ri Rebeka, rẹ oni ri Jekọp kugbe Isọ.|Enẹ kọye Aizik ji Jekọp yanran, ọ da yan kpo Padanaram bru Laban, rẹ ọmọ ri Bẹtuẹl ohwo ri Aram, rẹ oniọvo ri Rebeka, rẹ oni ri Jekọp kugbe Isọ.
GEN_028_006|Asakiephana Isọ da mrẹ nẹ Aizik nẹ ẹrhovwo ki Jekọp nure o de jo kpo Padanaram ra reyọ aye vwẹ oboyi, kọye rọ vwọ nẹ ẹrhovwo kẹ na o de ji iji kẹ nẹ, Wọ rọvwọ aye ri Kenan rẹ.|Asakiephana Isọ da mrẹ nẹ Aizik nẹ ẹrhovwo ki Jekọp nure o de jo kpo Padanaram ra reyọ aye vwẹ oboyi, kọye rọ vwọ nẹ ẹrhovwo kẹ na o de ji iji kẹ nẹ, Wọ rọvwọ aye ri Kenan rẹ.
GEN_028_007|Jekọp de nyo ota rẹ ọsẹ rọye kugbe oni rọye ọ da yanran kpo Padanaram.|Jekọp de nyo ota rẹ ọsẹ rọye kugbe oni rọye ọ da yanran kpo Padanaram.
GEN_028_009|Isọ da yanran bru Ishmael ra reyọ aye, vwọ ba eya ro vwori jovwo, Mahalat ọmọtẹ rẹ Ishmael ọmọ rẹ Ebraham, rẹ oniọvo ri Ne-baiot.|Isọ da yanran bru Ishmael ra reyọ aye, vwọ ba eya ro vwori jovwo, Mahalat ọmọtẹ rẹ Ishmael ọmọ rẹ Ebraham, rẹ oniọvo ri Ne-baiot.
GEN_028_010|Jekọp da yan ni Bẹẹrsheba, o de hirhe aro ku Haran.|Jekọp da yan ni Bẹẹrsheba, o de hirhe aro ku Haran.
GEN_028_011|O de rhi te oghẹre asan ọvo, o de wo phihọ Etiyin, kidie ọnre na shẹre. Rọ vwọ reyọ ubioragha ọvo vwẹ asan na, ọ da vwọ cha uyovwi ro ki shevwerhẹ.|O de rhi te oghẹre asan ọvo, o de wo phihọ Etiyin, kidie ọnre na shẹre. Rọ vwọ reyọ ubioragha ọvo vwẹ asan na, ọ da vwọ cha uyovwi ro ki shevwerhẹ.
GEN_028_012|O da vwerhẹ evwerhẹ mrẹ ugbaghala ro nẹ otọ re te odjuvwu, o vwo ni emakashe rẹ Ọghẹnẹ ki yere kpotọ kpenu vwọ.|O da vwerhẹ evwerhẹ mrẹ ugbaghala ro nẹ otọ re te odjuvwu, o vwo ni emakashe rẹ Ọghẹnẹ ki yere kpotọ kpenu vwọ.
GEN_028_013|O vwo ni, Ọrovwohwo de mudia obenu rọye ọ da ta, Mẹvwẹ Ọrovwohwo na, Ọghẹnẹ rẹ Ebraham na rẹ ọsẹ wẹn kugbe Ọghẹnẹ rẹ Aizik, otọ ru wo shevwerhẹ phihọ na Me vwọ kẹ wẹ kugbe uvwiẹ wẹn ejobi,|O vwo ni, Ọrovwohwo de mudia obenu rọye ọ da ta, Mẹvwẹ Ọrovwohwo na, Ọghẹnẹ rẹ Ebraham na rẹ ọsẹ wẹn kugbe Ọghẹnẹ rẹ Aizik, otọ ru wo shevwerhẹ phihọ na Me vwọ kẹ wẹ kugbe uvwiẹ wẹn ejobi,
GEN_028_014|uvwiẹ wẹn ko che bu kiri ibiekpẹn rẹ otọ na, ku wọ hrabọ kpo obọrhe vẹ obọhwẹre kpo obaro vẹ obuko; oma wẹn vẹ oma rẹ uvwiẹ wẹn ọye uvwiẹ rẹ akpọ na ejobi de vwo ebruphihọ kẹ oma rayen.|uvwiẹ wẹn ko che bu kiri ibiekpẹn rẹ otọ na, ku wọ hrabọ kpo obọrhe vẹ obọhwẹre kpo obaro vẹ obuko; oma wẹn vẹ oma rẹ uvwiẹ wẹn ọye uvwiẹ rẹ akpọ na ejobi de vwo ebruphihọ kẹ oma rayen.
GEN_028_015|Nighe, Me vẹ owẹ herọ ke Me sẹro wẹ vwi kasan kasan wọ rare ejobi, ke Me vwẹ owẹ rhe otọ nana, kidie Me sa yan ju we vwo-o bẹsiẹ mi vwo ru eta nana re Me ta kẹ wẹ na ejobi gba.|Nighe, Me vẹ owẹ herọ ke Me sẹro wẹ vwi kasan kasan wọ rare ejobi, ke Me vwẹ owẹ rhe otọ nana, kidie Me sa yan ju we vwo-o bẹsiẹ mi vwo ru eta nana re Me ta kẹ wẹ na ejobi gba.
GEN_028_016|Etiyin Jekọp de gbunie rhọvwọ nẹ ovwerhẹ rhe ọ da ta, Omuẹro nẹ Ọrovwohwo etinẹ na, ye Me gbe riẹ-ẹn.|Etiyin Jekọp de gbunie rhọvwọ nẹ ovwerhẹ rhe ọ da ta, Omuẹro nẹ Ọrovwohwo etinẹ na, ye Me gbe riẹ-ẹn.
GEN_028_017|Oshọ de muo, ọ da ta, Mavọ etinẹ na mu udidi te; Etinẹ na dia asan ọfa-a da yẹ uwevwi rẹ Ọghẹnẹ, Ọnana kẹ anurhoro rẹ odjuvwu.|Oshọ de muo, ọ da ta, Mavọ etinẹ na mu udidi te; Etinẹ na dia asan ọfa-a da yẹ uwevwi rẹ Ọghẹnẹ, Ọnana kẹ anurhoro rẹ odjuvwu.
GEN_028_019|O de se odẹ rẹ asan na Bẹtẹl, ẹkẹvuọvo odẹ rẹ orere na vẹrhe Luz e sere.|O de se odẹ rẹ asan na Bẹtẹl, ẹkẹvuọvo odẹ rẹ orere na vẹrhe Luz e sere.
GEN_028_020|Etiyin Jekọp de vẹ ive tanẹ, O da dianẹ Ọghẹnẹ vẹ ovwẹ da dia, rọ da sẹro mẹ vwẹ idjerhe re Me cha wan na, rọ da kẹ vwẹ emuọre kugbe amwa vwo rhuo,|Etiyin Jekọp de vẹ ive tanẹ, O da dianẹ Ọghẹnẹ vẹ ovwẹ da dia, rọ da sẹro mẹ vwẹ idjerhe re Me cha wan na, rọ da kẹ vwẹ emuọre kugbe amwa vwo rhuo,
GEN_028_021|ri mi de rhivwi te uwevwi rẹ ọsẹ mẹ egberhẹnẹdẹ, Ọrovwohwo kọ dia Ọghẹnẹ mẹ,|ri mi de rhivwi te uwevwi rẹ ọsẹ mẹ egberhẹnẹdẹ, Ọrovwohwo kọ dia Ọghẹnẹ mẹ,
GEN_028_022|ubioragha nana, ri mi vwo vi na, kọ dia uwevwi rẹ Ọghẹnẹ, kemu kemu ejobi ru wọ vwọ kẹ vwẹ ke Me reyọ ẹkihwe vwọ kẹ wẹ.|ubioragha nana, ri mi vwo vi na, kọ dia uwevwi rẹ Ọghẹnẹ, kemu kemu ejobi ru wọ vwọ kẹ vwẹ ke Me reyọ ẹkihwe vwọ kẹ wẹ.
GEN_029_001|Etiyin Jekọp de mu oyan rọye phihọ, o de rhi te otọ rẹ ihwo rẹ ọnre da vacha|Etiyin Jekọp de mu oyan rọye phihọ, o de rhi te otọ rẹ ihwo rẹ ọnre da vacha
GEN_029_003|ọke rẹ ekru rẹ uchuru na rhi vwo si koko, isuigodẹ na ki ghorie oragha na nẹ unu rẹ orhare na, igodẹ na ke da ame, ayen, Me rha vwẹ oragha na rhurhu unu rẹ orhare na.|ọke rẹ ekru rẹ uchuru na rhi vwo si koko, isuigodẹ na ki ghorie oragha na nẹ unu rẹ orhare na, igodẹ na ke da ame, ayen, Me rha vwẹ oragha na rhurhu unu rẹ orhare na.
GEN_029_004|Jekọp da ta kẹ ayen, Iniọvo mẹ, tivọ we nurhe? Ayen da ta, Haran avwanre nurhe.|Jekọp da ta kẹ ayen, Iniọvo mẹ, tivọ we nurhe? Ayen da ta, Haran avwanre nurhe.
GEN_029_005|Ọ da ta kẹ ayen, Ovwan riẹn Laban rẹ ọmọ ri Nahọr? Ayen da ta, Avwanre riẹnrẹ.|Ọ da ta kẹ ayen, Ovwan riẹn Laban rẹ ọmọ ri Nahọr? Ayen da ta, Avwanre riẹnrẹ.
GEN_029_006|Ọ da ta kẹ ayen, Oma rọye dori? Ayen da ta, O dori; nighere, Rachel rẹ ọmọtẹ rọye vẹ igodẹ re gba yan usun cha na;|Ọ da ta kẹ ayen, Oma rọye dori? Ayen da ta, O dori; nighere, Rachel rẹ ọmọtẹ rọye vẹ igodẹ re gba yan usun cha na;
GEN_029_007|Ọ da ta, Nighe, ọke je herọ, o ji te ọke re vwo si eranvwe koko-o, jẹ igodẹ na da ame, rere wọ vwẹ ayen yanran ra re odi.|Ọ da ta, Nighe, ọke je herọ, o ji te ọke re vwo si eranvwe koko-o, jẹ igodẹ na da ame, rere wọ vwẹ ayen yanran ra re odi.
GEN_029_008|Ẹkẹvuọvo ayen da ta, Avwanre sa yanran jokpa nẹ igodẹ na ejobi kokori, re de rhe ghorie ubioragha na nẹ unu rẹ orhare na; tavwe igodẹ na ke da ame.|Ẹkẹvuọvo ayen da ta, Avwanre sa yanran jokpa nẹ igodẹ na ejobi kokori, re de rhe ghorie ubioragha na nẹ unu rẹ orhare na; tavwe igodẹ na ke da ame.
GEN_029_011|Etiyin Jekọp da fiọnfiọn unu ri Rachel, ọ da viẹ phia.|Etiyin Jekọp da fiọnfiọn unu ri Rachel, ọ da viẹ phia.
GEN_029_012|Jekọp da ta ki Rachel nẹ ọye omoni rẹ ọsẹ rọye, nẹ ọye ọmọ ri Rebeka; o de ghwe vrẹn ra vuẹ ọsẹ rọye.|Jekọp da ta ki Rachel nẹ ọye omoni rẹ ọsẹ rọye, nẹ ọye ọmọ ri Rebeka; o de ghwe vrẹn ra vuẹ ọsẹ rọye.
GEN_029_013|Ọke ri Laban vwo nyo ikun ri Jekọp ọmọ rẹ oniọvo rọye, ọ da djẹ ra vwa, ọ da gbanọ, ọ da fiọnfiọn unu, ọ da reyọ kpo uwevwi rọye Jekọp de gbe ikun nana ejobi ki Laban.|Ọke ri Laban vwo nyo ikun ri Jekọp ọmọ rẹ oniọvo rọye, ọ da djẹ ra vwa, ọ da gbanọ, ọ da fiọnfiọn unu, ọ da reyọ kpo uwevwi rọye Jekọp de gbe ikun nana ejobi ki Laban.
GEN_029_014|Laban da ta kẹ, Omuẹro wẹ ubeku rẹ oma mẹ kugbe uvwo rẹ oma mẹ; Ọ da dia uwevwi rọye emeravwe ọvo.|Laban da ta kẹ, Omuẹro wẹ ubeku rẹ oma mẹ kugbe uvwo rẹ oma mẹ; Ọ da dia uwevwi rọye emeravwe ọvo.
GEN_029_015|Etiyin Laban da ta ki Jekọp, fikiridie wọ vwọ omoni mẹ na, ku wọ de ga vwẹ ọphọphẹ? Ta kẹ vwẹ, bro osa Me hwa kẹ wẹ?|Etiyin Laban da ta ki Jekọp, fikiridie wọ vwọ omoni mẹ na, ku wọ de ga vwẹ ọphọphẹ? Ta kẹ vwẹ, bro osa Me hwa kẹ wẹ?
GEN_029_017|Ibiẹro ri Leah pha rhukpu rhukpu, ẹkẹvuọvo ọ ri Rachel pha sasasa yoyovwi.|Ibiẹro ri Leah pha rhukpu rhukpu, ẹkẹvuọvo ọ ri Rachel pha sasasa yoyovwi.
GEN_029_018|Rachel kọye je Jekọp; ọ da ta, Me ga we ikpe ighwrẹ fiki ri Rachel rẹ ọmọtẹ wẹn rẹ otete na;|Rachel kọye je Jekọp; ọ da ta, Me ga we ikpe ighwrẹ fiki ri Rachel rẹ ọmọtẹ wẹn rẹ otete na;
GEN_029_019|Laban da ta, Ofori re Me vwọ kẹ wẹ nọ ọ re Me da vwọ kẹ ohwo ọfa; nene uvwe dia.|Laban da ta, Ofori re Me vwọ kẹ wẹ nọ ọ re Me da vwọ kẹ ohwo ọfa; nene uvwe dia.
GEN_029_020|Etiyin Jekọp da ga ẹga ikpe ighwrẹ fiki ri Rachel, e da họhọ ẹdẹ tutuno vwọ kẹ kidie o jere gangan.|Etiyin Jekọp da ga ẹga ikpe ighwrẹ fiki ri Rachel, e da họhọ ẹdẹ tutuno vwọ kẹ kidie o jere gangan.
GEN_029_021|Etiyin Jekọp da ta ki Laban, Kẹ vwẹ aye mẹ rere Me vẹ ọye vwerhẹ, kidie ẹdẹ na gbare.|Etiyin Jekọp da ta ki Laban, Kẹ vwẹ aye mẹ rere Me vẹ ọye vwerhẹ, kidie ẹdẹ na gbare.
GEN_029_022|Laban de se ihwo rẹ asan na koko, o de chere emu kẹ ayen.|Laban de se ihwo rẹ asan na koko, o de chere emu kẹ ayen.
GEN_029_023|Ẹkẹvuọvo rẹ ovwọnvwọn vwo te ọ da reyọ Leah o de suo rhe Jekọp, o de bro kpo ovwerhẹ.|Ẹkẹvuọvo rẹ ovwọnvwọn vwo te ọ da reyọ Leah o de suo rhe Jekọp, o de bro kpo ovwerhẹ.
GEN_029_024|(Laban da vwẹ ayeobọ rọye Milkah vwọ kẹ Leah ro nene dia).|(Laban da vwẹ ayeobọ rọye Milkah vwọ kẹ Leah ro nene dia).
GEN_029_025|Vwẹ irhiọke, o vwo ni, ki Leah, Jekọp da ta kẹ Laban, Ọna didi emu wo ru kẹ vwẹ na? O dia fiki ri Rachel Me vwọ ga wẹ? Komavọ wọ rha vwọ phiẹn vwẹ?|Vwẹ irhiọke, o vwo ni, ki Leah, Jekọp da ta kẹ Laban, Ọna didi emu wo ru kẹ vwẹ na? O dia fiki ri Rachel Me vwọ ga wẹ? Komavọ wọ rha vwọ phiẹn vwẹ?
GEN_029_027|Ru ẹdẹ rẹ ọna gba, avwanre kẹ vwẹ ọrivẹ na kẹ wẹ wọ da ga vwẹ ikpe ighwrẹ efa.|Ru ẹdẹ rẹ ọna gba, avwanre kẹ vwẹ ọrivẹ na kẹ wẹ wọ da ga vwẹ ikpe ighwrẹ efa.
GEN_029_028|Jekọp de ghine ru ọtiọye, o de ru ẹdẹ na gba, Etiyin Laban da vwi Rachel kẹ vwọ rọvwọ|Jekọp de ghine ru ọtiọye, o de ru ẹdẹ na gba, Etiyin Laban da vwi Rachel kẹ vwọ rọvwọ
GEN_029_029|(Laban da vwẹ ayeobọ rọye Bilhah vwọ kẹ Rachel rẹ ọmọtẹ rọye).|(Laban da vwẹ ayeobọ rọye Bilhah vwọ kẹ Rachel rẹ ọmọtẹ rọye).
GEN_029_030|Kọye Jekọp de bru Rachel kpo ovwerhẹ, ivun ri Rachel da vwerhọ vwọ nọ Leah, ọ da rhoma ga Laban ikpe ighwrẹ efa.|Kọye Jekọp de bru Rachel kpo ovwerhẹ, ivun ri Rachel da vwerhọ vwọ nọ Leah, ọ da rhoma ga Laban ikpe ighwrẹ efa.
GEN_029_032|Leah da mrevun o de vwiẹ ọmọshare o de se odẹ rọye Rubẹn kidie ọ tare nẹ, Ọrovwohwo mrẹ olagha mẹ, omuẹro ivun mẹ kọ vwerhe ọshare mẹ.|Leah da mrevun o de vwiẹ ọmọshare o de se odẹ rọye Rubẹn kidie ọ tare nẹ, Ọrovwohwo mrẹ olagha mẹ, omuẹro ivun mẹ kọ vwerhe ọshare mẹ.
GEN_029_033|Ọ da rhoma mrevun o de vwiẹ ọmọshare, ọ da ta, kidie Ọrovwohwo nyori ni mi tuoma, ọye ọ vwọ rhoma kẹ vwẹ ọmọshare; o de se odẹ rọye Simiọn.|Ọ da rhoma mrevun o de vwiẹ ọmọshare, ọ da ta, kidie Ọrovwohwo nyori ni mi tuoma, ọye ọ vwọ rhoma kẹ vwẹ ọmọshare; o de se odẹ rọye Simiọn.
GEN_029_034|Ọ da rhoma mrevun ọfa o de vwiẹ ọmọshare, ọ da ta, Kẹ etinẹ yanran ọshare mẹ kọ vwẹ oma te vwe, kidie mi vwiẹ emeshare erha kẹ re, ọtiọye na o de se odẹ rọye Livae.|Ọ da rhoma mrevun ọfa o de vwiẹ ọmọshare, ọ da ta, Kẹ etinẹ yanran ọshare mẹ kọ vwẹ oma te vwe, kidie mi vwiẹ emeshare erha kẹ re, ọtiọye na o de se odẹ rọye Livae.
GEN_029_035|Ọ rhoma mrevun o de vwiẹ ọmọshare, ọ da ta, Vwẹ ọke nana ki mi jiri Ọrovwohwo; fiki rẹ ọtiọye na o de se odẹ rọye Juda, o de bru uvwiẹ.|Ọ rhoma mrevun o de vwiẹ ọmọshare, ọ da ta, Vwẹ ọke nana ki mi jiri Ọrovwohwo; fiki rẹ ọtiọye na o de se odẹ rọye Juda, o de bru uvwiẹ.
GEN_030_002|Ophu de mu Jekọp kpahe Rachel, ọ da ta, Mẹvwẹ Ọghẹnẹ rọ karo owẹ evwiẹ?|Ophu de mu Jekọp kpahe Rachel, ọ da ta, Mẹvwẹ Ọghẹnẹ rọ karo owẹ evwiẹ?
GEN_030_003|Etiyin ọ da ta, Ọmọtẹ mẹ re se Bilhah na; bro ra rere ovwiẹ kẹ vwẹ, re emọ ro vwori ejobi kẹ mẹvwẹ ri vwiẹ ayen.|Etiyin ọ da ta, Ọmọtẹ mẹ re se Bilhah na; bro ra rere ovwiẹ kẹ vwẹ, re emọ ro vwori ejobi kẹ mẹvwẹ ri vwiẹ ayen.
GEN_030_004|Ọ da vwi Bilhah kẹ vwọ rọvwọ: Jekọp de nene vwerhẹ|Ọ da vwi Bilhah kẹ vwọ rọvwọ: Jekọp de nene vwerhẹ
GEN_030_005|Bilhah da mrevun o de vwiẹ ọmọshare ki Jekọp.|Bilhah da mrevun o de vwiẹ ọmọshare ki Jekọp.
GEN_030_006|Etiyin Rachel da ta, Ọghẹnẹ bru orhiẹ kẹ vwẹ, o de nyo urhuru mẹ ọ da kẹ vwẹ ọmọshare; o de mu odẹ kẹ nẹ Dan.|Etiyin Rachel da ta, Ọghẹnẹ bru orhiẹ kẹ vwẹ, o de nyo urhuru mẹ ọ da kẹ vwẹ ọmọshare; o de mu odẹ kẹ nẹ Dan.
GEN_030_007|Ọmọtẹ ri Rachel na Bilhah da rhoma mrevun o de vwiẹ ọmọshare ki Jekọp.|Ọmọtẹ ri Rachel na Bilhah da rhoma mrevun o de vwiẹ ọmọshare ki Jekọp.
GEN_030_008|Rachel da ta, Ogangan mẹ vẹ oniọvo mẹ vwo muabọ Me da marọ, Etiyin o de se odẹ rọye Naftali.|Rachel da ta, Ogangan mẹ vẹ oniọvo mẹ vwo muabọ Me da marọ, Etiyin o de se odẹ rọye Naftali.
GEN_030_010|Etiyin ọmọtẹ ri Leah Zilpah de vwiẹ ọmọshare ki Jekọp.|Etiyin ọmọtẹ ri Leah Zilpah de vwiẹ ọmọshare ki Jekọp.
GEN_030_011|Leah da ta, Mi yovwerhi, Etiyin o de mu odẹ kẹ ni Gad;|Leah da ta, Mi yovwerhi, Etiyin o de mu odẹ kẹ ni Gad;
GEN_030_012|ọmọtẹ ri Leah Zilpah da rhoma vwiẹ ọmọshare ọfa ki Jekọp.|ọmọtẹ ri Leah Zilpah da rhoma vwiẹ ọmọshare ọfa ki Jekọp.
GEN_030_013|Leah da ta, Komavọ Me ghọghọ te, kidie eya na ki se vwe aghọghọ; Etiyin o de se odẹ rọye Asha.|Leah da ta, Komavọ Me ghọghọ te, kidie eya na ki se vwe aghọghọ; Etiyin o de se odẹ rọye Asha.
GEN_030_014|Vwẹ ọke orhọ rẹ eka Rubẹn da mrẹ ivwritegbo vwẹ obo ẹghwa, ọ da vwẹ ayen rhe oni rọye Leah. Etiyin Rachel da ta ki Leah, Biko, Me rẹ wẹ, kẹ vwẹ ivwritegbo rẹ ọmọ wẹn na.|Vwẹ ọke orhọ rẹ eka Rubẹn da mrẹ ivwritegbo vwẹ obo ẹghwa, ọ da vwẹ ayen rhe oni rọye Leah. Etiyin Rachel da ta ki Leah, Biko, Me rẹ wẹ, kẹ vwẹ ivwritegbo rẹ ọmọ wẹn na.
GEN_030_015|Ẹkẹvuọvo ọ da ta kẹ, Wo rori nẹ emu otete ru wo vwo mie vwe ọshare mẹ? Wo ji mie vwe ivwritegbo rẹ ọmọ mẹ rhe? Rachel da ta, Ko nene uwe vwerhẹ ason na fiki rẹ ivwritegbo rẹ ọmọ wẹn na.|Ẹkẹvuọvo ọ da ta kẹ, Wo rori nẹ emu otete ru wo vwo mie vwe ọshare mẹ? Wo ji mie vwe ivwritegbo rẹ ọmọ mẹ rhe? Rachel da ta, Ko nene uwe vwerhẹ ason na fiki rẹ ivwritegbo rẹ ọmọ wẹn na.
GEN_030_017|Ọghẹnẹ de nyo enuebro ri Leah, ọ da mrevun o de vwiẹ ọmọshare rẹ iyori ki Jekọp.|Ọghẹnẹ de nyo enuebro ri Leah, ọ da mrevun o de vwiẹ ọmọshare rẹ iyori ki Jekọp.
GEN_030_018|Leah da ta, Ọghẹnẹ hwosa rẹ oyare mẹ kẹ vwẹ nure kidie Me vwẹ ọmọtẹ mẹ vwọ kẹ ọshare mẹ, o de se odẹ rọye Isaka.|Leah da ta, Ọghẹnẹ hwosa rẹ oyare mẹ kẹ vwẹ nure kidie Me vwẹ ọmọtẹ mẹ vwọ kẹ ọshare mẹ, o de se odẹ rọye Isaka.
GEN_030_020|Etiyin Leah da ta, Ọghẹnẹ nẹrhẹ e ru emu aye kẹ vwẹ; vwẹ etinẹ na ọshare mẹ ko mu ọghọ kẹ vwẹ fikiridie mi vwiẹ emọ esan vwọ kẹ; o de se odẹ rọye Zẹbulọn.|Etiyin Leah da ta, Ọghẹnẹ nẹrhẹ e ru emu aye kẹ vwẹ; vwẹ etinẹ na ọshare mẹ ko mu ọghọ kẹ vwẹ fikiridie mi vwiẹ emọ esan vwọ kẹ; o de se odẹ rọye Zẹbulọn.
GEN_030_021|Ukuko rọye o de vwiẹ ọmọtẹ, o de se odẹ rọye Dinah.|Ukuko rọye o de vwiẹ ọmọtẹ, o de se odẹ rọye Dinah.
GEN_030_022|Ọghẹnẹ ke rhe karohọ Rachel, Ọghẹnẹ de nyo oviẹ rọye o de rhie urhoro rọye.|Ọghẹnẹ ke rhe karohọ Rachel, Ọghẹnẹ de nyo oviẹ rọye o de rhie urhoro rọye.
GEN_030_023|Ọ da mrevun o de vwiẹ ọmọshare, ọ da ta, Ọghẹnẹ si vwe nẹ ehwẹjẹ;|Ọ da mrevun o de vwiẹ ọmọshare, ọ da ta, Ọghẹnẹ si vwe nẹ ehwẹjẹ;
GEN_030_024|o de se odẹ rọye Josẹf, tanẹ, Je Ọrovwohwo vwẹ ọmọ ọfa vwo ba kẹ vwẹ,|o de se odẹ rọye Josẹf, tanẹ, Je Ọrovwohwo vwẹ ọmọ ọfa vwo ba kẹ vwẹ,
GEN_030_025|Ri Rachel vwo vwiẹ Josẹf nu, Jekọp da ta ki Laban, Gbe si obo nu vwe, rere mi kpo uwevwi mẹ vẹ orho mẹ.|Ri Rachel vwo vwiẹ Josẹf nu, Jekọp da ta ki Laban, Gbe si obo nu vwe, rere mi kpo uwevwi mẹ vẹ orho mẹ.
GEN_030_026|Ke vwẹ eya mẹ vẹ emọ mẹ re Me ga ẹga rọye kẹ wẹ na, rere mi kpo, kidie wọ riẹn owian re Me wian kẹ wẹ.|Ke vwẹ eya mẹ vẹ emọ mẹ re Me ga ẹga rọye kẹ wẹ na, rere mi kpo, kidie wọ riẹn owian re Me wian kẹ wẹ.
GEN_030_027|Ẹkẹvuọvo Laban da ta kẹ, Wọ da rhọvwe kẹ vwẹ ne Me ta ọtiọye, ke Me ta nẹ a mraro kẹ vwẹ ni fiki wẹ ọye Ọrovwohwo vwo bruphihọ kẹ vwẹ,|Ẹkẹvuọvo Laban da ta kẹ, Wọ da rhọvwe kẹ vwẹ ne Me ta ọtiọye, ke Me ta nẹ a mraro kẹ vwẹ ni fiki wẹ ọye Ọrovwohwo vwo bruphihọ kẹ vwẹ,
GEN_030_028|se osa re Me re wẹ re Me hwa kẹ wẹ.|se osa re Me re wẹ re Me hwa kẹ wẹ.
GEN_030_029|Jekọp da ta kẹ, Wẹ vẹ ekpuyovwi wẹn riẹnre obo Me ga wẹ te, obo re uchuru wẹn yovwi te vwẹ obọ mẹ.|Jekọp da ta kẹ, Wẹ vẹ ekpuyovwi wẹn riẹnre obo Me ga wẹ te, obo re uchuru wẹn yovwi te vwẹ obọ mẹ.
GEN_030_030|Kidie uchuru wẹn pha tutuno vwẹ ọke re Me vwọ rhe, nẹ ọke yena rhe na i de bu gangan, Ọrovwohwo de bruphihọ kẹ wẹ vwi kabọ kabọ. Asakiephana kẹ ọke vọ Me rha vwọ wian kẹ omobọ mẹ?|Kidie uchuru wẹn pha tutuno vwẹ ọke re Me vwọ rhe, nẹ ọke yena rhe na i de bu gangan, Ọrovwohwo de bruphihọ kẹ wẹ vwi kabọ kabọ. Asakiephana kẹ ọke vọ Me rha vwọ wian kẹ omobọ mẹ?
GEN_030_031|Ọ da ta, Kidie Me kẹ wẹ? Jekọp da kpahe, Wọ kẹ vwẹ emuọvo-o; wo de se ru Ọnana kẹ vwẹ, ke Me rhoma churu igodẹ wẹn na Me Me rha sẹro rẹ ayen.|Ọ da ta, Kidie Me kẹ wẹ? Jekọp da kpahe, Wọ kẹ vwẹ emuọvo-o; wo de se ru Ọnana kẹ vwẹ, ke Me rhoma churu igodẹ wẹn na Me Me rha sẹro rẹ ayen.
GEN_030_032|ju vwe wan uherevie rẹ igodẹ wẹ na nonẹ, rere Me sanọ igodẹ ri kere ipe kugbe emọ rẹ igodẹ rẹ ibiebi, kugbe ẹvwe ri kere ipe ejobi, eyena keye dia osa mẹ.|ju vwe wan uherevie rẹ igodẹ wẹ na nonẹ, rere Me sanọ igodẹ ri kere ipe kugbe emọ rẹ igodẹ rẹ ibiebi, kugbe ẹvwe ri kere ipe ejobi, eyena keye dia osa mẹ.
GEN_030_033|Etiyin kọye wo de vughe ọvwata mẹ vwobọ, vwẹ ọke ri wọ da cha mrẹ osa mẹ. Kogodẹ kogodẹ eyẹ ẹvwe ro rhe vwo upee eyẹ obirii, wọ da mrẹ vwẹ ohri rẹ emẹ na, ji mi choro.|Etiyin kọye wo de vughe ọvwata mẹ vwobọ, vwẹ ọke ri wọ da cha mrẹ osa mẹ. Kogodẹ kogodẹ eyẹ ẹvwe ro rhe vwo upee eyẹ obirii, wọ da mrẹ vwẹ ohri rẹ emẹ na, ji mi choro.
GEN_030_034|Laban da ta, Oyoma gbe jọ dia obo wọ tare na.|Laban da ta, Oyoma gbe jọ dia obo wọ tare na.
GEN_030_035|Ẹkẹvuọvo ẹdẹ yena Laban da sanọ egbo kugbe ẹkpro ri keri ipe kugbe iri vwo irhiẹ, iri vwo ipe efuanfon, kugbe ipe ibiebi, ọ da sanọ ayen ejobi vwọ kẹ emọ rọye ni sun;|Ẹkẹvuọvo ẹdẹ yena Laban da sanọ egbo kugbe ẹkpro ri keri ipe kugbe iri vwo irhiẹ, iri vwo ipe efuanfon, kugbe ipe ibiebi, ọ da sanọ ayen ejobi vwọ kẹ emọ rọye ni sun;
GEN_030_036|o de phi uvwre rẹ oyan rẹ ẹdọke erha vwọ kẹ oma rọye vi Jekọp; Jekọp da ghẹrẹ igodẹ ri Laban ri chekọ.|o de phi uvwre rẹ oyan rẹ ẹdọke erha vwọ kẹ oma rọye vi Jekọp; Jekọp da ghẹrẹ igodẹ ri Laban ri chekọ.
GEN_030_037|Etiyin Jekọp da reyọ oghọ ọkpokpọ ri almond kugbe afon ọ da phia, o de kere fuanfon, ọ da vwẹ ẹbẹre ro kerẹ na vwọ phia.|Etiyin Jekọp da reyọ oghọ ọkpokpọ ri almond kugbe afon ọ da phia, o de kere fuanfon, ọ da vwẹ ẹbẹre ro kerẹ na vwọ phia.
GEN_030_039|igodẹ na de vwiẹ vwẹ obaro rẹ oghọ rẹ urhe ro keri ipe na, ẹvo de vwiẹ iri vẹ ipe efuanfon, ẹvo vẹ irhiẹ efa ibiebi.|igodẹ na de vwiẹ vwẹ obaro rẹ oghọ rẹ urhe ro keri ipe na, ẹvo de vwiẹ iri vẹ ipe efuanfon, ẹvo vẹ irhiẹ efa ibiebi.
GEN_030_040|Jekọp da hẹriẹ imigodẹ na, o de hirhe opharo rẹ igodẹ na ku oghọ rẹ urhe re keri na kugbe ibiebi re igodẹ ri Laban, o de phi ekru rẹ igodẹ robọ rọye phi orhọ o rhe ku ayen kugbe iri Laban na-a.|Jekọp da hẹriẹ imigodẹ na, o de hirhe opharo rẹ igodẹ na ku oghọ rẹ urhe re keri na kugbe ibiebi re igodẹ ri Laban, o de phi ekru rẹ igodẹ robọ rọye phi orhọ o rhe ku ayen kugbe iri Laban na-a.
GEN_030_041|Kọke kọke rẹ igodẹ re sasare de vwiẹ Jekọp mi phi oghọ na phihọ asan rẹ igodẹ da da ame asan rẹ igodẹ na da sa mrẹ, rere ayen vwo vwiẹ vwẹ obaro rẹ oghọ na,|Kọke kọke rẹ igodẹ re sasare de vwiẹ Jekọp mi phi oghọ na phihọ asan rẹ igodẹ da da ame asan rẹ igodẹ na da sa mrẹ, rere ayen vwo vwiẹ vwẹ obaro rẹ oghọ na,
GEN_030_042|ẹkẹvuọvo ere pha mwẹmwẹ re herọ o de mu ayen san, ere mwẹmwẹ na ke rẹ Laban, ere gangan ri chekọ ki ri Jekọp.|ẹkẹvuọvo ere pha mwẹmwẹ re herọ o de mu ayen san, ere mwẹmwẹ na ke rẹ Laban, ere gangan ri chekọ ki ri Jekọp.
GEN_030_043|Kẹnẹ Jekọp ru fe gangan, o de vwo uchuru, kugbe idibo rẹ emetẹ vẹ ere eshare kugbe iyesi vẹ ekẹtẹkẹtẹ.|Kẹnẹ Jekọp ru fe gangan, o de vwo uchuru, kugbe idibo rẹ emetẹ vẹ ere eshare kugbe iyesi vẹ ekẹtẹkẹtẹ.
GEN_031_002|Jekọp ke rha mrẹ vughe nẹ ivun rọye gbe rha vwerhe Laban kiri ọke rẹ ẹsosuọ-ọ.|Jekọp ke rha mrẹ vughe nẹ ivun rọye gbe rha vwerhe Laban kiri ọke rẹ ẹsosuọ-ọ.
GEN_031_003|Ọrovwohwo da ta ki Jekọp, Rhivwi kpo otọ rẹ ọsẹ wẹn bru uvwiẹ wẹn, ki mi nene uwe dia.|Ọrovwohwo da ta ki Jekọp, Rhivwi kpo otọ rẹ ọsẹ wẹn bru uvwiẹ wẹn, ki mi nene uwe dia.
GEN_031_004|Jekọp de ji ikọ re se Rachel vi Leah rhe obo ẹghwa ro de churu eranvwe na,|Jekọp de ji ikọ re se Rachel vi Leah rhe obo ẹghwa ro de churu eranvwe na,
GEN_031_006|Wa riẹnre nẹ ogangan mẹ ejobi Me vwọ ga ọsẹ wẹn,|Wa riẹnre nẹ ogangan mẹ ejobi Me vwọ ga ọsẹ wẹn,
GEN_031_007|yẹ ẹkẹvuọvo ọsẹ wẹn ghwa vwẹ re o de wene osa mẹ asiehwe; yẹ Ọghẹnẹ rhọvwere nẹ ọwavwẹ oma-a.|yẹ ẹkẹvuọvo ọsẹ wẹn ghwa vwẹ re o de wene osa mẹ asiehwe; yẹ Ọghẹnẹ rhọvwere nẹ ọwavwẹ oma-a.
GEN_031_008|Ọ da dianẹ ọ tare nẹ, Igodẹ ri kerẹ ipe eye osa wẹn, igodẹ na ejobi mi vwiẹ iri kere ipe; ọ da rha tanẹ, Iri vẹ irhiẹ eye dia osa wẹn; igodẹ na ejobi mi rhe vwiẹ iri vẹ irhiẹ.|Ọ da dianẹ ọ tare nẹ, Igodẹ ri kerẹ ipe eye osa wẹn, igodẹ na ejobi mi vwiẹ iri kere ipe; ọ da rha tanẹ, Iri vẹ irhiẹ eye dia osa wẹn; igodẹ na ejobi mi rhe vwiẹ iri vẹ irhiẹ.
GEN_031_010|Ọke rẹ uchuru vwọ gba Me da vwerhẹ evwerhẹ mi vwo ni, Me da mrẹ ẹkpro rọ ruọ uchuru na, ẹvo vẹ irhiẹ, ẹvo vẹ ipe ẹvo pha bule bule.|Ọke rẹ uchuru vwọ gba Me da vwerhẹ evwerhẹ mi vwo ni, Me da mrẹ ẹkpro rọ ruọ uchuru na, ẹvo vẹ irhiẹ, ẹvo vẹ ipe ẹvo pha bule bule.
GEN_031_011|Etiyin amakashe rẹ Ọghẹnẹ da ta kẹ vwẹ vwẹ evwerhẹ na, Jekọp, mi de nyo nẹ, Mẹvwẹ na.|Etiyin amakashe rẹ Ọghẹnẹ da ta kẹ vwẹ vwẹ evwerhẹ na, Jekọp, mi de nyo nẹ, Mẹvwẹ na.
GEN_031_012|Ọ da ta, Kpare opharo rere wo ni, ẹkpro na ejobi re ruọ uchuru na e bẹrẹ irhiẹ, i kere ipe, ẹvo bule bule, kidie Me mrẹ obo ri Laban ru we.|Ọ da ta, Kpare opharo rere wo ni, ẹkpro na ejobi re ruọ uchuru na e bẹrẹ irhiẹ, i kere ipe, ẹvo bule bule, kidie Me mrẹ obo ri Laban ru we.
GEN_031_013|Mẹvwẹ Ọghẹnẹ ri Bẹtẹl, asan wọ da vwẹ evwri ghworo oragha re vwo vi na kugbe asan ri wo de vẹ ive kẹ vwẹ na. Gbe vrẹn vwẹ ọke na, ri wo rhivwi kpo nẹ otọ na, re wo kpo otọ re de vwiẹ wẹn.|Mẹvwẹ Ọghẹnẹ ri Bẹtẹl, asan wọ da vwẹ evwri ghworo oragha re vwo vi na kugbe asan ri wo de vẹ ive kẹ vwẹ na. Gbe vrẹn vwẹ ọke na, ri wo rhivwi kpo nẹ otọ na, re wo kpo otọ re de vwiẹ wẹn.
GEN_031_015|Ọ dianẹ avwanre họhọ ọrharha vwọ kẹ? Fikiridie ọ shẹ avwanre nure ọ ke je re igho rẹ avwanre nure.|Ọ dianẹ avwanre họhọ ọrharha vwọ kẹ? Fikiridie ọ shẹ avwanre nure ọ ke je re igho rẹ avwanre nure.
GEN_031_016|Ekuakua ejobi rẹ Ọghẹnẹ reyọ mie ọsẹ rẹ avwanre kẹ e rẹ avwanre vẹ emọ rẹ avwanre, Asakiephana kemu kemu rẹ Ọghẹnẹ ta kẹ wẹ, ọye wo ru.|Ekuakua ejobi rẹ Ọghẹnẹ reyọ mie ọsẹ rẹ avwanre kẹ e rẹ avwanre vẹ emọ rẹ avwanre, Asakiephana kemu kemu rẹ Ọghẹnẹ ta kẹ wẹ, ọye wo ru.
GEN_031_017|Etiyin Jekọp de vrẹn, o de mu emọ rọye kugbe eya rọye phihọ enu rẹ iyesi;|Etiyin Jekọp de vrẹn, o de mu emọ rọye kugbe eya rọye phihọ enu rẹ iyesi;
GEN_031_018|ọ da djẹ uchuru rọye phihọ obaro, kugbe eranvwe ro vwori ejobi, uchuru ro vwori vwi Padanaram, rere o kpo otọ ri Kenan bru Aizik rẹ ọsẹ rọye ra.|ọ da djẹ uchuru rọye phihọ obaro, kugbe eranvwe ro vwori ejobi, uchuru ro vwori vwi Padanaram, rere o kpo otọ ri Kenan bru Aizik rẹ ọsẹ rọye ra.
GEN_031_019|Laban yanran kpo ẹghwa ra bọrọ ẹto rẹ igegede, Rachel de cho oma rọ umukpe rẹ ọsẹ rọye.|Laban yanran kpo ẹghwa ra bọrọ ẹto rẹ igegede, Rachel de cho oma rọ umukpe rẹ ọsẹ rọye.
GEN_031_020|Jekọp de reghe Laban rẹ ohwo rẹ Aram, kidie ọ ta kẹ nẹ ọye cha djẹ-ẹ.|Jekọp de reghe Laban rẹ ohwo rẹ Aram, kidie ọ ta kẹ nẹ ọye cha djẹ-ẹ.
GEN_031_021|Ọ da bẹbẹ djẹ vi kemu kemu ro vwori ejobi, o de vrẹn ọ da sa urhie ri Yufratis mu, ọ da tọn opharo vi ugbenu rẹ orere ri Giliad.|Ọ da bẹbẹ djẹ vi kemu kemu ro vwori ejobi, o de vrẹn ọ da sa urhie ri Yufratis mu, ọ da tọn opharo vi ugbenu rẹ orere ri Giliad.
GEN_031_023|ọ da reyọ imoni rọye ọ da vwọ tua ẹdẹ ighwrẹ soso kpata kpata ra ro orere rẹ igbenu ri Giliad.|ọ da reyọ imoni rọye ọ da vwọ tua ẹdẹ ighwrẹ soso kpata kpata ra ro orere rẹ igbenu ri Giliad.
GEN_031_024|Ẹkẹvuọvo Ọghẹnẹ de bru Laban ohwo rẹ Aram na rhe vwẹ evwerhẹ vwẹ ason, ọ da ta kẹ, Jomaotọ, wo biko kpahe ota ki Jekọp rẹẹ, oyovwiri eyẹ omiovwiri.|Ẹkẹvuọvo Ọghẹnẹ de bru Laban ohwo rẹ Aram na rhe vwẹ evwerhẹ vwẹ ason, ọ da ta kẹ, Jomaotọ, wo biko kpahe ota ki Jekọp rẹẹ, oyovwiri eyẹ omiovwiri.
GEN_031_025|Laban da yan mu Jekọp. Ọke yena Jekọp chivwi aphiana phihọ enu rẹ ugbenu, Laban vẹ imoni rọye de muerhọ phihọ enu rẹ ugbenu ri Giliad.|Laban da yan mu Jekọp. Ọke yena Jekọp chivwi aphiana phihọ enu rẹ ugbenu, Laban vẹ imoni rọye de muerhọ phihọ enu rẹ ugbenu ri Giliad.
GEN_031_026|Laban de ta ki Jekọp, Didi emu wo ruru na, ru wọ vwọ ghwa vwẹ re, ru wo vwo mu emetẹ mẹ kpo kiri ighuvwu re mu vwẹ ofovwi?|Laban de ta ki Jekọp, Didi emu wo ruru na, ru wọ vwọ ghwa vwẹ re, ru wo vwo mu emetẹ mẹ kpo kiri ighuvwu re mu vwẹ ofovwi?
GEN_031_027|Die wọ vwọ bẹbẹ djẹ, wọ vwọ ghwa vwẹ re, ru wo vwo ju vwe ẹvuẹ, rere Me heha kẹ wẹ vẹ ekpata kugbe isoroguun?|Die wọ vwọ bẹbẹ djẹ, wọ vwọ ghwa vwẹ re, ru wo vwo ju vwe ẹvuẹ, rere Me heha kẹ wẹ vẹ ekpata kugbe isoroguun?
GEN_031_028|Kidie wo gbi ju vwe fiọnfiọn emọ mẹ unu rere mi yere ayen kẹdẹfa-a? Wo ru emu rẹ ẹkpa gangan.|Kidie wo gbi ju vwe fiọnfiọn emọ mẹ unu rere mi yere ayen kẹdẹfa-a? Wo ru emu rẹ ẹkpa gangan.
GEN_031_030|Asakiephana wo ro kpo fikiridie urhuru rẹ uwevwi rẹ ọsẹ wẹn si we, ẹkẹvuọvo kidie wo rhe vwo cho ẹdjọ mẹ?|Asakiephana wo ro kpo fikiridie urhuru rẹ uwevwi rẹ ọsẹ wẹn si we, ẹkẹvuọvo kidie wo rhe vwo cho ẹdjọ mẹ?
GEN_031_032|Obọ ri kohwo kohwo ru wọ da mrẹ ẹdjọ wẹn na ko ghwu phihọ. Irharo rẹ imoni wẹn na vwẹ obọ te emu wo rori nẹ ọwẹn, rere wọ reyọ. Vwẹ ọke yena Jekọp riẹnre nẹ Rachel choro-o.|Obọ ri kohwo kohwo ru wọ da mrẹ ẹdjọ wẹn na ko ghwu phihọ. Irharo rẹ imoni wẹn na vwẹ obọ te emu wo rori nẹ ọwẹn, rere wọ reyọ. Vwẹ ọke yena Jekọp riẹnre nẹ Rachel choro-o.
GEN_031_033|Etiyin Laban da ro utughẹ ri Jekọp, ọ da ro utughẹ ri Leah, kugbe utughẹ rẹ ayeobọ ivẹ na, ẹkẹvuọvo ọ mrẹ aye-en. O de vrẹn nẹ utughẹ ri Leah ọ da ro utughẹ ri Rachel.|Etiyin Laban da ro utughẹ ri Jekọp, ọ da ro utughẹ ri Leah, kugbe utughẹ rẹ ayeobọ ivẹ na, ẹkẹvuọvo ọ mrẹ aye-en. O de vrẹn nẹ utughẹ ri Leah ọ da ro utughẹ ri Rachel.
GEN_031_034|Yi Rachel ghine, reyọ oma rọ umukpe rẹ ọsẹ rọye o de sionu vwẹ ekoso rẹ iyesi rọye o de tidia botọ Laban da vwẹ obọ gbe ekuakua rẹ uwevwi na ejobi, jọ mrẹrẹ-ẹ.|Yi Rachel ghine, reyọ oma rọ umukpe rẹ ọsẹ rọye o de sionu vwẹ ekoso rẹ iyesi rọye o de tidia botọ Laban da vwẹ obọ gbe ekuakua rẹ uwevwi na ejobi, jọ mrẹrẹ-ẹ.
GEN_031_035|Ọ da ta kẹ ọsẹ rọye nẹ, Wo jẹ ivun miovwo ọrovwovwe ri mi vwo je vrẹ-ẹn, kidie idjerhe rẹ eya na ra nyẹ vwẹ. Kọye ọ da guọnọ, ẹkẹvuọvo ọ sa mrẹ oma rọ umukpe rọye na-a.|Ọ da ta kẹ ọsẹ rọye nẹ, Wo jẹ ivun miovwo ọrovwovwe ri mi vwo je vrẹ-ẹn, kidie idjerhe rẹ eya na ra nyẹ vwẹ. Kọye ọ da guọnọ, ẹkẹvuọvo ọ sa mrẹ oma rọ umukpe rọye na-a.
GEN_031_036|Etiyin ivun de rhi miovwo Jekọp, ọ da ghwo ku Laban, Jekọp da ta ki Laban, Didi ogbeku wọ mrẹ vwẹ obọ mẹ? Ọ rhọ umwemwu mẹ, ru wọ vwọ tua vwẹ?|Etiyin ivun de rhi miovwo Jekọp, ọ da ghwo ku Laban, Jekọp da ta ki Laban, Didi ogbeku wọ mrẹ vwẹ obọ mẹ? Ọ rhọ umwemwu mẹ, ru wọ vwọ tua vwẹ?
GEN_031_037|Dede na wọ hra uwevwi mẹ ejobi re, ki didi ekuakua wẹn wọ mrẹre vwẹ uwevwi mẹ? Gba vwọ phia kẹ imoni wẹn kugbe imoni mẹ rere ayen brorhiẹ mẹ vẹ ọwẹn.|Dede na wọ hra uwevwi mẹ ejobi re, ki didi ekuakua wẹn wọ mrẹre vwẹ uwevwi mẹ? Gba vwọ phia kẹ imoni wẹn kugbe imoni mẹ rere ayen brorhiẹ mẹ vẹ ọwẹn.
GEN_031_038|Ikpe uje soso Me vẹ ọwẹn vwọ herọ re, ogodẹ wẹn eyẹ ẹvwe wẹn ji vwiẹ chọra-a, mi ji hwe egbo rẹ uchuru wẹn ree.|Ikpe uje soso Me vẹ ọwẹn vwọ herọ re, ogodẹ wẹn eyẹ ẹvwe wẹn ji vwiẹ chọra-a, mi ji hwe egbo rẹ uchuru wẹn ree.
GEN_031_039|Ogodẹ rẹ eranvwe hweri mi vwo rhe we-e, Me hwa osa rọye kẹ wẹn, eranvwe re chori ason eyẹ uvo obọ mẹ wọ da nọ ekpẹn rọye.|Ogodẹ rẹ eranvwe hweri mi vwo rhe we-e, Me hwa osa rọye kẹ wẹn, eranvwe re chori ason eyẹ uvo obọ mẹ wọ da nọ ekpẹn rọye.
GEN_031_040|Kẹ ọtiọye mi epha, uvo mu vwe kẹdẹ kẹdẹ, ekpae kason kason, ovwerhẹ rẹ obọ mẹ da mrẹ vwẹ djẹ|Kẹ ọtiọye mi epha, uvo mu vwe kẹdẹ kẹdẹ, ekpae kason kason, ovwerhẹ rẹ obọ mẹ da mrẹ vwẹ djẹ
GEN_031_041|Ikpe uje soso nana Me dia uwevwi wẹn, Me ga wẹn ikpe ihwẹne fiki rẹ emetẹ wẹn ivẹ; ikpe esan fiki rẹ uchuru wẹn, wo de wene osa mẹ abọ ihwe soso.|Ikpe uje soso nana Me dia uwevwi wẹn, Me ga wẹn ikpe ihwẹne fiki rẹ emetẹ wẹn ivẹ; ikpe esan fiki rẹ uchuru wẹn, wo de wene osa mẹ abọ ihwe soso.
GEN_031_042|Ọ dianẹ kẹ Ọghẹnẹ rẹ ọsẹ mẹ, Ọghẹnẹ rẹ Ebraham kugbe oshọ rẹ Aizik nene uvwe dia vwo-o, yo muẹro nẹ abọ ofefe wa vwọ djẹ vwẹ kpọ, Ọghẹnẹ mrẹ oma elaghọ mẹ kugbe owian rẹ abọ mẹ, ọ da ghwọ ku we ason rọ wanre na.|Ọ dianẹ kẹ Ọghẹnẹ rẹ ọsẹ mẹ, Ọghẹnẹ rẹ Ebraham kugbe oshọ rẹ Aizik nene uvwe dia vwo-o, yo muẹro nẹ abọ ofefe wa vwọ djẹ vwẹ kpọ, Ọghẹnẹ mrẹ oma elaghọ mẹ kugbe owian rẹ abọ mẹ, ọ da ghwọ ku we ason rọ wanre na.
GEN_031_044|Yanrhe, rere Me vẹ owẹ rẹ ọphọ, mẹvwẹ kugbe owẹ, rere ọ dia iseri kẹ vwẹ vẹ owẹ|Yanrhe, rere Me vẹ owẹ rẹ ọphọ, mẹvwẹ kugbe owẹ, rere ọ dia iseri kẹ vwẹ vẹ owẹ
GEN_031_045|Etiyin Jekọp da reyọ ubioragha o de muo vi goro.|Etiyin Jekọp da reyọ ubioragha o de muo vi goro.
GEN_031_046|Jekọp da ta ke ihwo rọye, Wa ghwẹ ibieragha, ayen da ghwẹ ibieragha na, ayen da ma ayen osusu na.|Jekọp da ta ke ihwo rọye, Wa ghwẹ ibieragha, ayen da ghwẹ ibieragha na, ayen da ma ayen osusu na.
GEN_031_047|Laban de se Jegarsahadutha. ẹkẹvuọvo Jekọp de rhe se Galeed.|Laban de se Jegarsahadutha. ẹkẹvuọvo Jekọp de rhe se Galeed.
GEN_031_048|Laban da ta, Osusu nana ri goro na ọye iseri kẹ vwẹ vẹ owẹ nonẹ na. Fiki rẹ ọtiọye na o de se Galeed,|Laban da ta, Osusu nana ri goro na ọye iseri kẹ vwẹ vẹ owẹ nonẹ na. Fiki rẹ ọtiọye na o de se Galeed,
GEN_031_049|Osusu na ki Mizpah, kidie ọ tare nẹ, Ọrovwohwo rhẹrẹ owẹ vẹ ovwẹ, ọke rẹ avwanre da hẹriẹ oma nẹ ohwohwo.|Osusu na ki Mizpah, kidie ọ tare nẹ, Ọrovwohwo rhẹrẹ owẹ vẹ ovwẹ, ọke rẹ avwanre da hẹriẹ oma nẹ ohwohwo.
GEN_031_050|Wo de miovwo emetẹ mẹ na ẹyọrọ, eyẹ wọ da rọvwọ eya efa ba emọ mẹ na, dede na ohwo ọfa etinẹ na, karophihọ nẹ Ọghẹnẹ iseri mẹ vẹ owẹ.|Wo de miovwo emetẹ mẹ na ẹyọrọ, eyẹ wọ da rọvwọ eya efa ba emọ mẹ na, dede na ohwo ọfa etinẹ na, karophihọ nẹ Ọghẹnẹ iseri mẹ vẹ owẹ.
GEN_031_051|Etiyin Laban da ta ki Jekọp, Ni osusu nana vẹ ekru nana, ri mi mu vi vwẹ uvwre mẹ vẹ ọwẹn na.|Etiyin Laban da ta ki Jekọp, Ni osusu nana vẹ ekru nana, ri mi mu vi vwẹ uvwre mẹ vẹ ọwẹn na.
GEN_031_052|Ekru nana iseri, osusu nana ji iseri rhe, nẹ Me sa shariẹ ekru nana bru we rhe-e, eyẹ ekpuyovwi wẹn sa shariẹ ekru na bru vwe rhe ri ru emu-u.|Ekru nana iseri, osusu nana ji iseri rhe, nẹ Me sa shariẹ ekru nana bru we rhe-e, eyẹ ekpuyovwi wẹn sa shariẹ ekru na bru vwe rhe ri ru emu-u.
GEN_031_054|Jekọp de ze izobo vwẹ enu rẹ ugbenu na o de se ihwo rọye nẹ iri re emu, ayen da re ayen da vwerhẹ enu rẹ ugbenu na.|Jekọp de ze izobo vwẹ enu rẹ ugbenu na o de se ihwo rọye nẹ iri re emu, ayen da re ayen da vwerhẹ enu rẹ ugbenu na.
GEN_031_055|Irhiọke ride Laban de vrẹn, ọ da fiọnfiọn ivwrọmọ rọye kugbe emetẹ rọye unu ọ da nẹ ẹrhovwo kẹ ayen, o de kuoma rhẹriẹ o de rhivwi kpo.|Irhiọke ride Laban de vrẹn, ọ da fiọnfiọn ivwrọmọ rọye kugbe emetẹ rọye unu ọ da nẹ ẹrhovwo kẹ ayen, o de kuoma rhẹriẹ o de rhivwi kpo.
GEN_032_002|ri Jekọp vwọ mrẹ ayen ọ da ta, Ọnana unuofovwi rẹ Ọghẹnẹ; Kọye o de se asan na Mahanaim.|ri Jekọp vwọ mrẹ ayen ọ da ta, Ọnana unuofovwi rẹ Ọghẹnẹ; Kọye o de se asan na Mahanaim.
GEN_032_003|Jekọp de ji ikọ bru Isọ rẹ oniọvo rọye ra vwẹ otọ ri Seir rẹ orho rẹ Idọm,|Jekọp de ji ikọ bru Isọ rẹ oniọvo rọye ra vwẹ otọ ri Seir rẹ orho rẹ Idọm,
GEN_032_004|ọ da vuẹ ayen nẹ, Enẹ wa ta kẹ ọrovwovwe Isọ: Enẹ odibo wẹn Jekọp tare, Mi suosuo bru Laban, Me vẹ ọye da dia rhi te ọke na,|ọ da vuẹ ayen nẹ, Enẹ wa ta kẹ ọrovwovwe Isọ: Enẹ odibo wẹn Jekọp tare, Mi suosuo bru Laban, Me vẹ ọye da dia rhi te ọke na,
GEN_032_005|mi vwo irhuẹn, ekẹtẹkẹtẹ, uchuru, idibo rẹ eshare, idibo rẹ emetẹ, ki mi ji ihwo rhe ta kẹ ọrovwovwe, se Me sa mrẹ aruesiri vwẹ obọ wẹn.|mi vwo irhuẹn, ekẹtẹkẹtẹ, uchuru, idibo rẹ eshare, idibo rẹ emetẹ, ki mi ji ihwo rhe ta kẹ ọrovwovwe, se Me sa mrẹ aruesiri vwẹ obọ wẹn.
GEN_032_007|Oshọ de mu Jekọp oma de ron, ọ da ghare ihwo ri rhere, te uchuru na te iyesi na, ẹko ivẹ,|Oshọ de mu Jekọp oma de ron, ọ da ghare ihwo ri rhere, te uchuru na te iyesi na, ẹko ivẹ,
GEN_032_008|ko roro nẹ, O da dianẹ Isọ rhi te ẹko rẹ ẹsosuọ rọ da ghwọrọ, ẹko ro chekọ obuko na kọ djẹ vabọ.|ko roro nẹ, O da dianẹ Isọ rhi te ẹko rẹ ẹsosuọ rọ da ghwọrọ, ẹko ro chekọ obuko na kọ djẹ vabọ.
GEN_032_009|Jekọp da ta, E Ọghẹnẹ rẹ ọsẹ mẹ Ebraham kugbe Ọghẹnẹ rẹ ọsẹ mẹ Aizik, E Ọrovwohwo rọ ta kẹ vwẹ nẹ, Rhivwi kpo orho wẹn bru uvwiẹ wẹn, ki mi ru we yovwi,|Jekọp da ta, E Ọghẹnẹ rẹ ọsẹ mẹ Ebraham kugbe Ọghẹnẹ rẹ ọsẹ mẹ Aizik, E Ọrovwohwo rọ ta kẹ vwẹ nẹ, Rhivwi kpo orho wẹn bru uvwiẹ wẹn, ki mi ru we yovwi,
GEN_032_010|mi fo ohwo rọ sa mrẹ ivuavwerhe wẹ-ẹn kugbe ọvwata wẹ-ẹn ru wo dje phia kẹ odibo wẹn na, fikiridie ku ovwẹ ku ugbọphogho nana Me vwọ wan Jọdan vrẹn, vwẹ ọke nana mẹvwẹ kẹ usun ivẹ.|mi fo ohwo rọ sa mrẹ ivuavwerhe wẹ-ẹn kugbe ọvwata wẹ-ẹn ru wo dje phia kẹ odibo wẹn na, fikiridie ku ovwẹ ku ugbọphogho nana Me vwọ wan Jọdan vrẹn, vwẹ ọke nana mẹvwẹ kẹ usun ivẹ.
GEN_032_011|Sivwe, Me rẹ wẹ, nẹ obọ rẹ oniọvo mẹ, vwo nẹ obọ rẹ Isọ, kidie oshọ rọye mu vwẹ, o de rhi hwe avwanre ejobi, te ini te emọ.|Sivwe, Me rẹ wẹ, nẹ obọ rẹ oniọvo mẹ, vwo nẹ obọ rẹ Isọ, kidie oshọ rọye mu vwẹ, o de rhi hwe avwanre ejobi, te ini te emọ.
GEN_032_012|Ẹkẹvuọvo wọ tare nẹ, Mi ru we yovwi, ki mi ru uvwiẹ wẹn kiri ehavwo rẹ urhie, re je se kere fikiridie o bunọ.|Ẹkẹvuọvo wọ tare nẹ, Mi ru we yovwi, ki mi ru uvwiẹ wẹn kiri ehavwo rẹ urhie, re je se kere fikiridie o bunọ.
GEN_032_013|Kọye o de mu erhọ phihọ Etiyin ason yena, ọ da phare ọko vwo rhe Isọ rẹ oniọvo rọye,|Kọye o de mu erhọ phihọ Etiyin ason yena, ọ da phare ọko vwo rhe Isọ rẹ oniọvo rọye,
GEN_032_014|ẹkpro uje kugbe ẹvwe-eya uri, igodẹ rẹ eya uri kugbe egbo uje,|ẹkpro uje kugbe ẹvwe-eya uri, igodẹ rẹ eya uri kugbe egbo uje,
GEN_032_015|ini rẹ iyesi ọgban kugbe upene rayen, erhuẹn rẹ eya ujuvẹ kugbe erẹ eshare ihwe, esi rẹ eya uje kugbe eshare ihwe.|ini rẹ iyesi ọgban kugbe upene rayen, erhuẹn rẹ eya ujuvẹ kugbe erẹ eshare ihwe, esi rẹ eya uje kugbe eshare ihwe.
GEN_032_016|Ọ da ghwẹ ayen ejobi kẹ idibo rọye, ku eranvwe ku usun rọye, ọ da ta kẹ idibo rọye, Wa ka obaro kẹ vwẹ, rere we phi uvwre phihọ usun na.|Ọ da ghwẹ ayen ejobi kẹ idibo rọye, ku eranvwe ku usun rọye, ọ da ta kẹ idibo rọye, Wa ka obaro kẹ vwẹ, rere we phi uvwre phihọ usun na.
GEN_032_017|O de yono ọ rọ ka obaro ejobi, Ọke re Isọ oniọvo mẹ da vwa wẹ, ọ da nọ wẹ nẹ, Wẹ ekru rẹ ono? Tivọ wọ ra? Kẹ ono vwo enana ri obaro wẹ na?|O de yono ọ rọ ka obaro ejobi, Ọke re Isọ oniọvo mẹ da vwa wẹ, ọ da nọ wẹ nẹ, Wẹ ekru rẹ ono? Tivọ wọ ra? Kẹ ono vwo enana ri obaro wẹ na?
GEN_032_018|Ku wọ ta kẹ nẹ, Erẹ odibo wẹn Jekọp, ena ọko ra phare rhe ọrovwovwe Isọ, okpuyovwi rọye je cha vwẹ obuko.|Ku wọ ta kẹ nẹ, Erẹ odibo wẹn Jekọp, ena ọko ra phare rhe ọrovwovwe Isọ, okpuyovwi rọye je cha vwẹ obuko.
GEN_032_019|Eriyin o ji yono ọrivẹ kugbe ọrerha kugbe ayen ihwo ejobi ri nene usun rẹ eranvwe na nẹ, Wa Me ta ota ọvuọvo na kẹ Isọ ọke rọ da vwa ovwan,|Eriyin o ji yono ọrivẹ kugbe ọrerha kugbe ayen ihwo ejobi ri nene usun rẹ eranvwe na nẹ, Wa Me ta ota ọvuọvo na kẹ Isọ ọke rọ da vwa ovwan,
GEN_032_020|Wa Me je tanẹ, Jekọp odibo wẹn ọ cha vwẹ obuko. Kidie o rori nẹ, Me sa vwẹ ọko rọ ka obaro kẹ vwẹ na vwo phoro aro, kọye Me sa vwọ mrẹ opharo rọye, ọkeọvo ọ Me reyọ ovwẹ.|Wa Me je tanẹ, Jekọp odibo wẹn ọ cha vwẹ obuko. Kidie o rori nẹ, Me sa vwẹ ọko rọ ka obaro kẹ vwẹ na vwo phoro aro, kọye Me sa vwọ mrẹ opharo rọye, ọkeọvo ọ Me reyọ ovwẹ.
GEN_032_021|Kọye ọko na da ka obaro kẹ, okpuyovwi rọye de mu erhọn vwẹ Etiyin ason yena.|Kọye ọko na da ka obaro kẹ, okpuyovwi rọye de mu erhọn vwẹ Etiyin ason yena.
GEN_032_022|Vwe ason yena ovuọvo na o de vrẹn o da reyọ eya rọye ive, kugbe esarobọ rọye ivẹ, kugbe emọ rọye uhwọvo na, ọ da wan uto ri Jabọk vrẹn.|Vwe ason yena ovuọvo na o de vrẹn o da reyọ eya rọye ive, kugbe esarobọ rọye ivẹ, kugbe emọ rọye uhwọvo na, ọ da wan uto ri Jabọk vrẹn.
GEN_032_023|Ọ da reyọ ayen vwọ wan uto na vrẹn, kugbe kemu kemu ro vwori ejobi.|Ọ da reyọ ayen vwọ wan uto na vrẹn, kugbe kemu kemu ro vwori ejobi.
GEN_032_024|Jekọp ọvo kọye ri chekọ obuko, ọshare ọvo de nene muabọ bẹsiẹ rẹ ọke vwo rhie.|Jekọp ọvo kọye ri chekọ obuko, ọshare ọvo de nene muabọ bẹsiẹ rẹ ọke vwo rhie.
GEN_032_025|Ọke rẹ ọshare na vwọ mrẹ nẹ ọye sa marọ Jekọpu-u, ọ da vwe obo si ekpogho owọ rọye; ekpogho owọ ri Jekọp da rhoghra rẹ ayen vwo muabọ na.|Ọke rẹ ọshare na vwọ mrẹ nẹ ọye sa marọ Jekọpu-u, ọ da vwe obo si ekpogho owọ rọye; ekpogho owọ ri Jekọp da rhoghra rẹ ayen vwo muabọ na.
GEN_032_026|Etiyin ọ da ta, Ju vwe kpo, kidie ọke ro rhie. Ẹkẹvuọvo Jekọp da ta, Mi se siobọ nu wẹ-ẹ, jokpa nẹ wọ nẹ ẹrhovwo kẹ vwẹ.|Etiyin ọ da ta, Ju vwe kpo, kidie ọke ro rhie. Ẹkẹvuọvo Jekọp da ta, Mi se siobọ nu wẹ-ẹ, jokpa nẹ wọ nẹ ẹrhovwo kẹ vwẹ.
GEN_032_027|Ọ da ta kẹ, Didi odẹ wẹn? Ọ da ta, Jekọp.|Ọ da ta kẹ, Didi odẹ wẹn? Ọ da ta, Jekọp.
GEN_032_028|Etiyin ọ da ta, E gbi se odẹ wẹn Jekọp ọfaa, ẹkẹvuọvo kẹ Izrẹl, fikiridie wọ vẹ Ọghẹnẹ kugbe ihwo rẹ akpọ muabọ, yi wo sheri-i.|Etiyin ọ da ta, E gbi se odẹ wẹn Jekọp ọfaa, ẹkẹvuọvo kẹ Izrẹl, fikiridie wọ vẹ Ọghẹnẹ kugbe ihwo rẹ akpọ muabọ, yi wo sheri-i.
GEN_032_029|Etiyin Jekọp da no, Ta kẹ vwẹ, Me rẹ wẹ, odẹ wẹn rhọ? Ẹkẹvuọvo ọ da ta, Die wọ vwọ nọ ekpẹn rẹ odẹ mẹ? Etiyin ọ da nẹ ẹrhovwo kẹ.|Etiyin Jekọp da no, Ta kẹ vwẹ, Me rẹ wẹ, odẹ wẹn rhọ? Ẹkẹvuọvo ọ da ta, Die wọ vwọ nọ ekpẹn rẹ odẹ mẹ? Etiyin ọ da nẹ ẹrhovwo kẹ.
GEN_032_030|Jekọp de se odẹ rẹ asan na Peniel, nẹ, Fikiridie Me mrẹ Ọghẹnẹ opharo ye emuọvo ru vwee.|Jekọp de se odẹ rẹ asan na Peniel, nẹ, Fikiridie Me mrẹ Ọghẹnẹ opharo ye emuọvo ru vwee.
GEN_032_031|Yẹ ọnre na ghwa vacha rọ vwọ wan Peniel, yọ sẹghrẹ owọ fiki rẹ ekpogho owọ rọye rọ rhoghrare na.|Yẹ ọnre na ghwa vacha rọ vwọ wan Peniel, yọ sẹghrẹ owọ fiki rẹ ekpogho owọ rọye rọ rhoghrare na.
GEN_033_001|Jekọp vwọ kpare opharo, nighe, Isọ ra yan cha, ọ vẹ ihwo uri ivẹ ri nene. Etiyin ọ da ghare emọ na kẹ Leah vi Rachel kugbe emetẹ rayen ivẹ na.|Jekọp vwọ kpare opharo, nighe, Isọ ra yan cha, ọ vẹ ihwo uri ivẹ ri nene. Etiyin ọ da ghare emọ na kẹ Leah vi Rachel kugbe emetẹ rayen ivẹ na.
GEN_033_002|O de phi eyaobọ na vẹ emọ rayen phihọ obaro, Leah vẹ emọ rọye da vwọ kpahe ayen, Rachel vi Josẹf da ka obuko.|O de phi eyaobọ na vẹ emọ rayen phihọ obaro, Leah vẹ emọ rọye da vwọ kpahe ayen, Rachel vi Josẹf da ka obuko.
GEN_033_003|Okpuyovwi rọye da ka obaro kẹ ayen, o de diguẹ vwẹ uyovwi te otọ asieghwrẹ, bẹsiẹ o rhi vwo te asan rẹ oniọvo rọye epha.|Okpuyovwi rọye da ka obaro kẹ ayen, o de diguẹ vwẹ uyovwi te otọ asieghwrẹ, bẹsiẹ o rhi vwo te asan rẹ oniọvo rọye epha.
GEN_033_004|Ẹkẹvuọvo Isọ da djẹ ra vwa, ọ da gbanọ, ọ da vwẹ uyovwi kpahọ ohọre ọ da fiọnfiọn unu, ayen da viẹ.|Ẹkẹvuọvo Isọ da djẹ ra vwa, ọ da gbanọ, ọ da vwẹ uyovwi kpahọ ohọre ọ da fiọnfiọn unu, ayen da viẹ.
GEN_033_005|Ọke rẹ Isọ vwọ kparo mrẹ eya vẹ emọ, ọ da ta, Ena amono ri nene uwe na? Jekọp da ta, Emọ rẹ Ọghẹnẹ vwo ru ẹse kẹ odibo wẹn.|Ọke rẹ Isọ vwọ kparo mrẹ eya vẹ emọ, ọ da ta, Ena amono ri nene uwe na? Jekọp da ta, Emọ rẹ Ọghẹnẹ vwo ru ẹse kẹ odibo wẹn.
GEN_033_006|Etiyin eyaobọ na de si kerẹ, te ayen te emọ rayen, ayen de diguẹ kẹ,|Etiyin eyaobọ na de si kerẹ, te ayen te emọ rayen, ayen de diguẹ kẹ,
GEN_033_007|Leah vẹ emọ rọye de si kẹrẹ ayen de diguẹ, ukuko rọye Josẹf vi Rachel de si kẹrẹ, ayen de diguẹ.|Leah vẹ emọ rọye de si kẹrẹ ayen de diguẹ, ukuko rọye Josẹf vi Rachel de si kẹrẹ, ayen de diguẹ.
GEN_033_008|Isọ da ta, Kidie a vwẹ usun nana ejobi na re Me vware na vwo ru? Jekọp da kpahe, Re Me vwọ mrẹ aroesiri vwẹ obaro rẹ ọrovwovwe.|Isọ da ta, Kidie a vwẹ usun nana ejobi na re Me vware na vwo ru? Jekọp da kpahe, Re Me vwọ mrẹ aroesiri vwẹ obaro rẹ ọrovwovwe.
GEN_033_009|Ẹkẹvuọvo Isọ da ta, Mi vwori buebu, oniọvo mẹ, sẹro rayen vwọ kẹ oma wẹn.|Ẹkẹvuọvo Isọ da ta, Mi vwori buebu, oniọvo mẹ, sẹro rayen vwọ kẹ oma wẹn.
GEN_033_010|Jekọp da ta, Ẹjo, Me rẹ wẹ, ọ da dianẹ ivun mẹ vwerhe owẹ, gba reyọ ọghọ na mie vwe, vwẹ uyota a da mrẹ opharo wẹn, kọ họhọ ohwo rọ mrẹ opharo rẹ Ọghẹnẹ, gba vwẹ ẹguọnọ ro jẹrhẹriẹ tiọye na reyọ ovwẹ.|Jekọp da ta, Ẹjo, Me rẹ wẹ, ọ da dianẹ ivun mẹ vwerhe owẹ, gba reyọ ọghọ na mie vwe, vwẹ uyota a da mrẹ opharo wẹn, kọ họhọ ohwo rọ mrẹ opharo rẹ Ọghẹnẹ, gba vwẹ ẹguọnọ ro jẹrhẹriẹ tiọye na reyọ ovwẹ.
GEN_033_011|Reyọ, Me rẹ wẹ, ọko nana re Me phare rhe we na, kidie Ọghẹnẹ ru ẹse kẹ vwẹ gangan, fikiridie ọ ri mi vwori na te kẹ vwẹ. Ọtiọna kọye ọ rẹrẹ, ọ da reyọ.|Reyọ, Me rẹ wẹ, ọko nana re Me phare rhe we na, kidie Ọghẹnẹ ru ẹse kẹ vwẹ gangan, fikiridie ọ ri mi vwori na te kẹ vwẹ. Ọtiọna kọye ọ rẹrẹ, ọ da reyọ.
GEN_033_012|Etiyin Isọ da ta, Gbe jẹ a yanran, ke Me ka obaro kẹ wẹ.|Etiyin Isọ da ta, Gbe jẹ a yanran, ke Me ka obaro kẹ wẹ.
GEN_033_013|Ẹkẹvuọvo Jekọp da ta, kẹ, Ọrovwovwe riẹnre nẹ emọ na pha mwẹmwẹ, kugbe uchuru na ri vievie na e ro vwẹ ẹwan, a da djẹ ayen kpata kpata nọ ẹdẹ ọvo, uchuru na ejobi ki ghwu.|Ẹkẹvuọvo Jekọp da ta, kẹ, Ọrovwovwe riẹnre nẹ emọ na pha mwẹmwẹ, kugbe uchuru na ri vievie na e ro vwẹ ẹwan, a da djẹ ayen kpata kpata nọ ẹdẹ ọvo, uchuru na ejobi ki ghwu.
GEN_033_016|Kọye Isọ de rhivwi ẹdẹ yena kpo obi Seir.|Kọye Isọ de rhivwi ẹdẹ yena kpo obi Seir.
GEN_033_017|Ẹkẹvuọvo Jekọp de mu oyan vwo kpo Sukọt, ọ da bọn uwevwi kẹ oma rọye, ọ da rha bọn itughẹ kẹ uchuru rọye; fiki rẹ ọtiọye na e de se odẹ rẹ asan na Sukọt.|Ẹkẹvuọvo Jekọp de mu oyan vwo kpo Sukọt, ọ da bọn uwevwi kẹ oma rọye, ọ da rha bọn itughẹ kẹ uchuru rọye; fiki rẹ ọtiọye na e de se odẹ rẹ asan na Sukọt.
GEN_033_019|Vwẹ obọ rẹ emọ ri Hamọr, ọsẹ ri Shikẹm, ọ da dẹ otọ na ebo rẹ igho ujori kẹ Etiyin ọ bọn utughẹ rọye phihọ.|Vwẹ obọ rẹ emọ ri Hamọr, ọsẹ ri Shikẹm, ọ da dẹ otọ na ebo rẹ igho ujori kẹ Etiyin ọ bọn utughẹ rọye phihọ.
GEN_033_020|Ọ da so agbada phihọ Etiyin o de se odẹ rọye El-Elohe Izrẹl.|Ọ da so agbada phihọ Etiyin o de se odẹ rọye El-Elohe Izrẹl.
GEN_034_002|Ọke ri Shikẹm ọmọ ri Hamọr rẹ ohwo ri Hiv, osun rẹ otọ na, vwọ mrẹ, o de shabọ phihọ ọ vọye da mroma ọ da phọphọ.|Ọke ri Shikẹm ọmọ ri Hamọr rẹ ohwo ri Hiv, osun rẹ otọ na, vwọ mrẹ, o de shabọ phihọ ọ vọye da mroma ọ da phọphọ.
GEN_034_003|Erhi rọye de churu mui Dinah ọmọtẹ ri Jekọp na; ivun rọye da vwerhọ ọ da ta ota dẹndẹn vwọ kẹ.|Erhi rọye de churu mui Dinah ọmọtẹ ri Jekọp na; ivun rọye da vwerhọ ọ da ta ota dẹndẹn vwọ kẹ.
GEN_034_004|Etiyin Shikẹm da ta ota na ki Hamọr rẹ ọsẹ rọye, tanẹ, Reyọ ọmọtẹ na kẹ vwẹ vwọ rọvwọ.|Etiyin Shikẹm da ta ota na ki Hamọr rẹ ọsẹ rọye, tanẹ, Reyọ ọmọtẹ na kẹ vwẹ vwọ rọvwọ.
GEN_034_008|Ẹkẹvuọvo Hamọr de nene ayen ta ota, tanẹ, Erhi rẹ ọmọ mẹ Shikẹm churu mu ọmọtẹ wẹn na; Me rẹ wẹ, vwọ kẹ vwọ rọvwọ.|Ẹkẹvuọvo Hamọr de nene ayen ta ota, tanẹ, Erhi rẹ ọmọ mẹ Shikẹm churu mu ọmọtẹ wẹn na; Me rẹ wẹ, vwọ kẹ vwọ rọvwọ.
GEN_034_010|Nene avwanre dia etinẹ, otọ na ejobi rhie phihọ kẹ ovwan; wa dia re wa cho eki vwẹ otọ na, we vwo eyere vwọ.|Nene avwanre dia etinẹ, otọ na ejobi rhie phihọ kẹ ovwan; wa dia re wa cho eki vwẹ otọ na, we vwo eyere vwọ.
GEN_034_011|Shikẹm da ta kẹ ọsẹ rẹ ọmọtẹ na kugbe iniọvo rọye nẹ, Jẹn ivun mẹ vwerhe ovwan, kemu kemu wa nọre ejobi Me vwọ kẹ ovwan.|Shikẹm da ta kẹ ọsẹ rẹ ọmọtẹ na kugbe iniọvo rọye nẹ, Jẹn ivun mẹ vwerhe ovwan, kemu kemu wa nọre ejobi Me vwọ kẹ ovwan.
GEN_034_012|Igho re wa guọnọre ejobi ọye mi se ru, takpe vwẹ ọmọtẹ na kẹ vwẹ vwọ rọvwọ.|Igho re wa guọnọre ejobi ọye mi se ru, takpe vwẹ ọmọtẹ na kẹ vwẹ vwọ rọvwọ.
GEN_034_013|Emọ ri Jekọp da vwẹ ophiẹvwe kpahe ki Shikẹm vẹ ọsẹ rọye Hamọr, kidie o gbe Dinah rẹ oniọvo rayen ẹgua.|Emọ ri Jekọp da vwẹ ophiẹvwe kpahe ki Shikẹm vẹ ọsẹ rọye Hamọr, kidie o gbe Dinah rẹ oniọvo rayen ẹgua.
GEN_034_018|Eta rayen da nabọ je Hamọr vẹ ọmọ rọye Shikẹm.|Eta rayen da nabọ je Hamọr vẹ ọmọ rọye Shikẹm.
GEN_034_019|Eghene na rhe ku ọke fia rọ ke yanvwe-e, kidie ọmọtẹ ri Jekọp na jere. Kidie ọye ohwo re Me ru ọghọ kẹ vwẹ orua rayen.|Eghene na rhe ku ọke fia rọ ke yanvwe-e, kidie ọmọtẹ ri Jekọp na jere. Kidie ọye ohwo re Me ru ọghọ kẹ vwẹ orua rayen.
GEN_034_020|Kọye Hamọr vẹ ọmọ rọye Shikẹm de rhi te ughere rẹ orere na ayen da ta kẹ ihwo rẹ orere na nẹ,|Kọye Hamọr vẹ ọmọ rọye Shikẹm de rhi te ughere rẹ orere na ayen da ta kẹ ihwo rẹ orere na nẹ,
GEN_034_024|Ayen ihwo ri koko vwẹ ughere rẹ orere na ejobi da rhọvwe phihọ ota ri Hamọr vẹ ọmọ rọye Shikẹm; kọshare kọshare ejobi ri koko vwẹ ughere rẹ orere na da yanvwe.|Ayen ihwo ri koko vwẹ ughere rẹ orere na ejobi da rhọvwe phihọ ota ri Hamọr vẹ ọmọ rọye Shikẹm; kọshare kọshare ejobi ri koko vwẹ ughere rẹ orere na da yanvwe.
GEN_034_025|Vwẹ ẹdẹ rẹ erha, rẹ era rẹ oyanvwe na vwọ rhuerhue ku re, emọ ri Jekọp ivẹ, Simiọn vẹ Livae, iniọvo ri Dinah, da reyọ oda rayen ayen da rhe ruọ orere na ọrha, ayen da nyavwe eshare na ejobi hwe.|Vwẹ ẹdẹ rẹ erha, rẹ era rẹ oyanvwe na vwọ rhuerhue ku re, emọ ri Jekọp ivẹ, Simiọn vẹ Livae, iniọvo ri Dinah, da reyọ oda rayen ayen da rhe ruọ orere na ọrha, ayen da nyavwe eshare na ejobi hwe.
GEN_034_026|Ayen da nyavwe Hamọr vẹ ọmọ rọye Shikẹm hwe, ayen da reyọ Dinah nẹ uwevwi ri Shikẹm, ayen da yanran kpo.|Ayen da nyavwe Hamọr vẹ ọmọ rọye Shikẹm hwe, ayen da reyọ Dinah nẹ uwevwi ri Shikẹm, ayen da yanran kpo.
GEN_034_027|Emọ ri Jekọp da hiẹ oma rẹ ihwo rẹ ayen hweri na, ayen da ghwẹ ekuakua rayen reyọ, kidie ayen gbe oniọvo rayen ẹgua.|Emọ ri Jekọp da hiẹ oma rẹ ihwo rẹ ayen hweri na, ayen da ghwẹ ekuakua rayen reyọ, kidie ayen gbe oniọvo rayen ẹgua.
GEN_034_028|Ayen da reyọ ekru rẹ igodẹ kugbe uchuru rayen, iyesi kugbe kemu kemu rẹ ayen mrẹre vwẹ evun rẹ orere na, kugbe idju rayen,|Ayen da reyọ ekru rẹ igodẹ kugbe uchuru rayen, iyesi kugbe kemu kemu rẹ ayen mrẹre vwẹ evun rẹ orere na, kugbe idju rayen,
GEN_034_029|efe rayen ejobi, te imitete vẹ eya rayen ejobi, kugbe eyere uwevwi rayen ejobi, e de mu ayen ejobi reyọ.|efe rayen ejobi, te imitete vẹ eya rayen ejobi, kugbe eyere uwevwi rayen ejobi, e de mu ayen ejobi reyọ.
GEN_034_030|Etiyin Jekọp da ta kẹ Simiọn vẹ Livae nẹ, Ovwan so okpetu kẹ vwẹ nure, odẹ mẹ ko che gbo hwe ihwo rẹ otọ na, ihwo ri Kenan kugbe Pẹriz, mi buru rẹ, ayen de se otu rhe họnre ovwẹ, kẹ ayen ghwọrọ ovwẹ, te omẹvwẹ te uwevwi mẹ.|Etiyin Jekọp da ta kẹ Simiọn vẹ Livae nẹ, Ovwan so okpetu kẹ vwẹ nure, odẹ mẹ ko che gbo hwe ihwo rẹ otọ na, ihwo ri Kenan kugbe Pẹriz, mi buru rẹ, ayen de se otu rhe họnre ovwẹ, kẹ ayen ghwọrọ ovwẹ, te omẹvwẹ te uwevwi mẹ.
GEN_034_031|Ẹkẹvuọvo ayen da ta, Die nẹrhẹ o ru oniọvo rẹ avwanre kiri igberadja?|Ẹkẹvuọvo ayen da ta, Die nẹrhẹ o ru oniọvo rẹ avwanre kiri igberadja?
GEN_035_001|Ọghẹnẹ da ta ki Jekọp, Vrẹn, yanran kpo Bẹtẹl, re wọ dia Etiyin; rere wọ dia Etiyin so agbada kẹ Ọghẹnẹ rọ vwẹ oma phia kẹ wẹ na ọke wọ vwọ djẹ nẹ obọ rẹ oniọvo wẹn Isọ.|Ọghẹnẹ da ta ki Jekọp, Vrẹn, yanran kpo Bẹtẹl, re wọ dia Etiyin; rere wọ dia Etiyin so agbada kẹ Ọghẹnẹ rọ vwẹ oma phia kẹ wẹ na ọke wọ vwọ djẹ nẹ obọ rẹ oniọvo wẹn Isọ.
GEN_035_005|Ọke rẹ ayen vwọ yan re, uguegue ro nẹ obọ rẹ Ọghẹnẹ rhe de rhi mu irere re riariẹ ayen phihọ, oshọ gbi jẹ ayen vwọ tua emọ ri Jekọp na-a.|Ọke rẹ ayen vwọ yan re, uguegue ro nẹ obọ rẹ Ọghẹnẹ rhe de rhi mu irere re riariẹ ayen phihọ, oshọ gbi jẹ ayen vwọ tua emọ ri Jekọp na-a.
GEN_035_006|Jekọp de rhi te Luz (kọye Bẹtẹl), rọ otọ ri Kenan, te ọye te ihwo re vẹ ọye gba herọ,|Jekọp de rhi te Luz (kọye Bẹtẹl), rọ otọ ri Kenan, te ọye te ihwo re vẹ ọye gba herọ,
GEN_035_007|ke Etiyin ọ da so agbada, o de se odẹ rẹ asan na El-Bẹtẹl, kidie Etiyin Ọghẹnẹ da vwẹ oma nẹ rọ vwọ djẹ nẹ obọ rẹ oniọvo rọye.|ke Etiyin ọ da so agbada, o de se odẹ rẹ asan na El-Bẹtẹl, kidie Etiyin Ọghẹnẹ da vwẹ oma nẹ rọ vwọ djẹ nẹ obọ rẹ oniọvo rọye.
GEN_035_008|Deborah, rẹ ọyọrọmọ ri Rebeka, de ghwu, e de sho vwọ otọ rẹ ọhahe rọ otọ ri Bẹtẹl; kọye o de se odẹ rẹ asan na Allan-bakuth.|Deborah, rẹ ọyọrọmọ ri Rebeka, de ghwu, e de sho vwọ otọ rẹ ọhahe rọ otọ ri Bẹtẹl; kọye o de se odẹ rẹ asan na Allan-bakuth.
GEN_035_010|Ọghẹnẹ da ta kẹ, Odẹ wẹn Jekọp, e gbi se we Jekọpu-u, ẹkẹvuọvo Izrẹl kọye e se wẹ. Etiyin e de se odẹ rọye Izrẹl.|Ọghẹnẹ da ta kẹ, Odẹ wẹn Jekọp, e gbi se we Jekọpu-u, ẹkẹvuọvo Izrẹl kọye e se wẹ. Etiyin e de se odẹ rọye Izrẹl.
GEN_035_011|Ọghẹnẹ da ta kẹ, Mẹvwẹ Ọghẹnẹ ro vwo Ẹgba, gbe vwiẹ rere wo bu; ẹgborho buebu kugbe ẹgborho buebu ki nẹ agada wẹn rhe, ivie ki nẹ oma wẹn rhe.|Ọghẹnẹ da ta kẹ, Mẹvwẹ Ọghẹnẹ ro vwo Ẹgba, gbe vwiẹ rere wo bu; ẹgborho buebu kugbe ẹgborho buebu ki nẹ agada wẹn rhe, ivie ki nẹ oma wẹn rhe.
GEN_035_013|Etiyin Ọghẹnẹ de yeri kpenu jovwo nẹ asan ro de nene ta ota na.|Etiyin Ọghẹnẹ de yeri kpenu jovwo nẹ asan ro de nene ta ota na.
GEN_035_014|Jekọp da so agbada phihọ asan rọ vọye da ta ota na, agbada rẹ oragha, ọ da je udi kuo, o ki ji ku evwri kuo.|Jekọp da so agbada phihọ asan rọ vọye da ta ota na, agbada rẹ oragha, ọ da je udi kuo, o ki ji ku evwri kuo.
GEN_035_015|Kọye Jekọp de se odẹ re asan rẹ Ọghẹnẹ da ta ota kẹ na, Bẹtẹl.|Kọye Jekọp de se odẹ re asan rẹ Ọghẹnẹ da ta ota kẹ na, Bẹtẹl.
GEN_035_016|Etiyin ayen de mu oyan ni Bẹtẹl, rẹ ayen vwo si kerẹ Efrat re, Rachel kọ chuẹ uvwiẹ, uvwiẹ na ganre gangan.|Etiyin ayen de mu oyan ni Bẹtẹl, rẹ ayen vwo si kerẹ Efrat re, Rachel kọ chuẹ uvwiẹ, uvwiẹ na ganre gangan.
GEN_035_017|Re uvwiẹ na vwọ ganre, orhere na da ta kẹ, Wọ djẹ oshọ-ọ, kidie wo che vwiẹ ọmọshare ọfa.|Re uvwiẹ na vwọ ganre, orhere na da ta kẹ, Wọ djẹ oshọ-ọ, kidie wo che vwiẹ ọmọshare ọfa.
GEN_035_018|Ro vwo sherua re (kidie o ghwuru), o de se odẹ rọye Ben-oni; ẹkẹvuọvo ọsẹ rọye de se Bẹnjamin.|Ro vwo sherua re (kidie o ghwuru), o de se odẹ rọye Ben-oni; ẹkẹvuọvo ọsẹ rọye de se Bẹnjamin.
GEN_035_019|Etiyin Rachel de ghwu, e de sho vwẹ idjerhe rẹ Efrat (kọye Bẹtlẹhẹm),|Etiyin Rachel de ghwu, e de sho vwẹ idjerhe rẹ Efrat (kọye Bẹtlẹhẹm),
GEN_035_020|Jekọp da ma osusu phihọ enu rẹ ushi rọye; kọye osusu rọ enu rẹ ushi ri Rachel rhi te nonẹ na.|Jekọp da ma osusu phihọ enu rẹ ushi rọye; kọye osusu rọ enu rẹ ushi ri Rachel rhi te nonẹ na.
GEN_035_021|Izrẹl de mu oyan, o de chivwi utughẹ rọye phihọ abọ oboyi rẹ ọgua-enu ri Eder.|Izrẹl de mu oyan, o de chivwi utughẹ rọye phihọ abọ oboyi rẹ ọgua-enu ri Eder.
GEN_035_023|Emọ ri Leah Rubẹn (owanra ri Jekọp), Simiọn, Livae, Juda, Isaka, kugbe Zẹbulọn.|Emọ ri Leah Rubẹn (owanra ri Jekọp), Simiọn, Livae, Juda, Isaka, kugbe Zẹbulọn.
GEN_035_024|Emọ ri Rachel Josẹf kugbe Bẹnjamin.|Emọ ri Rachel Josẹf kugbe Bẹnjamin.
GEN_035_025|Emọ ri Bilhah, ọyọrọmọ ri Rachel: Dan Kugbe Naftali.|Emọ ri Bilhah, ọyọrọmọ ri Rachel: Dan Kugbe Naftali.
GEN_035_026|Emọ ri Zilpah, ọyọrọmọ ri Leah, Gad kugbe Asha. Enana emọ ri Jekọp vwiẹri vwi Padanaram.|Emọ ri Zilpah, ọyọrọmọ ri Leah, Gad kugbe Asha. Enana emọ ri Jekọp vwiẹri vwi Padanaram.
GEN_035_027|Jekọp de rhi te otọ rẹ ọsẹ rọye Aizik vwi Mamre, eyẹ Kiriataba (kọye Hebrọn), asan rẹ Ebraham vẹ Aizik diare jovwo.|Jekọp de rhi te otọ rẹ ọsẹ rọye Aizik vwi Mamre, eyẹ Kiriataba (kọye Hebrọn), asan rẹ Ebraham vẹ Aizik diare jovwo.
GEN_035_028|Ẹdẹ rẹ akpọ rẹ Aizik ejobi da dia ikpe ujurhiri:|Ẹdẹ rẹ akpọ rẹ Aizik ejobi da dia ikpe ujurhiri:
GEN_035_029|Aizik de phi ẹnwẹn họ, o de ghwu e de sho kugbe esẹ rọye ọ ghworo hẹrẹ hẹrẹ; emọ rọye Isọ kugbe Jekọp de sho.|Aizik de phi ẹnwẹn họ, o de ghwu e de sho kugbe esẹ rọye ọ ghworo hẹrẹ hẹrẹ; emọ rọye Isọ kugbe Jekọp de sho.
GEN_036_001|Enana uvwiẹ rẹ Isọ (kọye Idọm).|Enana uvwiẹ rẹ Isọ (kọye Idọm).
GEN_036_002|Isọ da reyọ emetẹ ri Kenan vwọ rọvwọ. Adah rẹ ọmọtẹ ri Elọn rẹ ohwo ri Hẹt, Oholibamah rẹ ọmọtẹ ri Anah ọmọ ri Zibeọn re ohwo ri Hiv,|Isọ da reyọ emetẹ ri Kenan vwọ rọvwọ. Adah rẹ ọmọtẹ ri Elọn rẹ ohwo ri Hẹt, Oholibamah rẹ ọmọtẹ ri Anah ọmọ ri Zibeọn re ohwo ri Hiv,
GEN_036_003|kugbe Basʼemath, ọmọtẹ rẹ Ishmael rẹ oniọvo ri Nebaiot.|kugbe Basʼemath, ọmọtẹ rẹ Ishmael rẹ oniọvo ri Nebaiot.
GEN_036_004|Adah de vwiẹ kẹ Isọ, Elifaz; Basʼemath de vwiẹ Roẹl;|Adah de vwiẹ kẹ Isọ, Elifaz; Basʼemath de vwiẹ Roẹl;
GEN_036_005|Oholibamah de vwiẹ Jeush, Jalam, kugbe Korah. Enana keye emọ rẹ Isọ ro vwiẹri vwẹ otọ ri Kenan.|Oholibamah de vwiẹ Jeush, Jalam, kugbe Korah. Enana keye emọ rẹ Isọ ro vwiẹri vwẹ otọ ri Kenan.
GEN_036_006|Etiyin Isọ da reyọ eya rọye, te emọ rọye rẹ emeshare vẹ emetẹ kugbe ekru rọye ejobi, uchuru rọye, te eranvwe rọye, kugbe eyere rọye ejobi ro vwori vwẹ otọ ri Kenan, ọ da kua kpo otọ ọfa ro tephe kẹ oniọvo rọye Jekọp.|Etiyin Isọ da reyọ eya rọye, te emọ rọye rẹ emeshare vẹ emetẹ kugbe ekru rọye ejobi, uchuru rọye, te eranvwe rọye, kugbe eyere rọye ejobi ro vwori vwẹ otọ ri Kenan, ọ da kua kpo otọ ọfa ro tephe kẹ oniọvo rọye Jekọp.
GEN_036_010|Enana odẹ rẹ emọ rẹ Isọ. Elifaz rẹ ọmọ rẹ Adah rẹ aye rẹ Isọ, Roẹl rẹ ọmọ ri Basʼemath rẹ aye rẹ Isọ.|Enana odẹ rẹ emọ rẹ Isọ. Elifaz rẹ ọmọ rẹ Adah rẹ aye rẹ Isọ, Roẹl rẹ ọmọ ri Basʼemath rẹ aye rẹ Isọ.
GEN_036_011|Emọ ri Elifaz kẹ Timan, Omar, Zefo, Gatam, kugbe Kenaz.|Emọ ri Elifaz kẹ Timan, Omar, Zefo, Gatam, kugbe Kenaz.
GEN_036_012|(Timna ọye ọsẹ rẹ Elifaz, ọmọ rẹ Isọ; o de vwiẹ Amalẹk kẹ Elifaz).|(Timna ọye ọsẹ rẹ Elifaz, ọmọ rẹ Isọ; o de vwiẹ Amalẹk kẹ Elifaz).
GEN_036_013|Enana emọ ri Roẹl: Nahath, Zerah, Shammah, kugbe Mizzah. Enana keye emọ ri Basʼemath, aye re Isọ.|Enana emọ ri Roẹl: Nahath, Zerah, Shammah, kugbe Mizzah. Enana keye emọ ri Basʼemath, aye re Isọ.
GEN_036_014|Enana emọ rẹ Oholibamah ọmọtẹ rẹ Anah rẹ ọmọ ri Zibeọn, aye rẹ Isọ: o de vwiẹ Jeush, Jalam kugbe Korah kẹ Isọ.|Enana emọ rẹ Oholibamah ọmọtẹ rẹ Anah rẹ ọmọ ri Zibeọn, aye rẹ Isọ: o de vwiẹ Jeush, Jalam kugbe Korah kẹ Isọ.
GEN_036_015|Enana eye ilori rẹ emọ rẹ Isọ. Emọ rẹ Elifaz rẹ ọwanra rẹ Isọ: ilori na ke ena; Timan, Omar, Zefo, Kenaz,|Enana eye ilori rẹ emọ rẹ Isọ. Emọ rẹ Elifaz rẹ ọwanra rẹ Isọ: ilori na ke ena; Timan, Omar, Zefo, Kenaz,
GEN_036_016|Korah, Gatam, kugbe Amalẹk; enana keye ilori rẹ emọ rẹ Elifaz vwẹ otọ rẹ Idọm; keye emọ rẹ Adah.|Korah, Gatam, kugbe Amalẹk; enana keye ilori rẹ emọ rẹ Elifaz vwẹ otọ rẹ Idọm; keye emọ rẹ Adah.
GEN_036_017|Enana emọ ri Roẹl, ọmọ rẹ Isọ: ilori rọye kẹ Nahath, Zerah, Shammah, kugbe Mizzah; enana keye ilori ri Roẹl vwẹ otọ rẹ Idọm; ayen kẹ emọ ri Basʼemath, aye rẹ Isọ.|Enana emọ ri Roẹl, ọmọ rẹ Isọ: ilori rọye kẹ Nahath, Zerah, Shammah, kugbe Mizzah; enana keye ilori ri Roẹl vwẹ otọ rẹ Idọm; ayen kẹ emọ ri Basʼemath, aye rẹ Isọ.
GEN_036_018|Enana emọ rẹ Oholibamah, aye rẹ Isọ: ilori rọye kẹ ena Jeush, Jalam, kugbe Korah, enana keye ilori rẹ Oholibamah, rẹ ọmọtẹ rẹ Anah, rẹ aye rẹ Isọ.|Enana emọ rẹ Oholibamah, aye rẹ Isọ: ilori rọye kẹ ena Jeush, Jalam, kugbe Korah, enana keye ilori rẹ Oholibamah, rẹ ọmọtẹ rẹ Anah, rẹ aye rẹ Isọ.
GEN_036_019|Enana eye emọ rẹ Isọ (kọye Idọm), enana keye ilori rayen.|Enana eye emọ rẹ Isọ (kọye Idọm), enana keye ilori rayen.
GEN_036_020|Enana emọ ri Seir ohwo ri Họr, ri yere otọ na vẹrhe: Lotan, Shobal, Zibeọn, Anah,|Enana emọ ri Seir ohwo ri Họr, ri yere otọ na vẹrhe: Lotan, Shobal, Zibeọn, Anah,
GEN_036_021|Dishon, Ezer, kugbe Dishan; enana ilori rẹ emọ ri Họr, rẹ emọ ri Sier vwẹ otọ rẹ Idọm.|Dishon, Ezer, kugbe Dishan; enana ilori rẹ emọ ri Họr, rẹ emọ ri Sier vwẹ otọ rẹ Idọm.
GEN_036_022|Emọ ri Lotan ki Hori kugbe Heman, oniọvo rẹ ọmọtẹ ri Lotan ki Timna.|Emọ ri Lotan ki Hori kugbe Heman, oniọvo rẹ ọmọtẹ ri Lotan ki Timna.
GEN_036_023|Enana keye emọ ri Shobal Alvan, Manahath, Ebal, Shefo kugbe Onam.|Enana keye emọ ri Shobal Alvan, Manahath, Ebal, Shefo kugbe Onam.
GEN_036_024|Enana emọ ri Zibeọn, Ajah kugbe Anah, ọye Anah rọ mrẹ ogbugbu re tuabọ vwẹ evun rẹ aton na, rọ vwọ sẹro rẹ ekẹtẹkẹtẹ ri Zibeọn rẹ ọsẹ rọye.|Enana emọ ri Zibeọn, Ajah kugbe Anah, ọye Anah rọ mrẹ ogbugbu re tuabọ vwẹ evun rẹ aton na, rọ vwọ sẹro rẹ ekẹtẹkẹtẹ ri Zibeọn rẹ ọsẹ rọye.
GEN_036_025|Enana emọ rẹ Anah Dishon kugbe Oholibamah rẹ ọmọtẹ ri Anah.|Enana emọ rẹ Anah Dishon kugbe Oholibamah rẹ ọmọtẹ ri Anah.
GEN_036_026|Enana emọ ri Dishon: Hemdan, Eshban, Ithran, kugbe Cheran.|Enana emọ ri Dishon: Hemdan, Eshban, Ithran, kugbe Cheran.
GEN_036_027|Enana emọ rẹ Ezer. Bilhan, Zaavan, kugbe Akan.|Enana emọ rẹ Ezer. Bilhan, Zaavan, kugbe Akan.
GEN_036_028|Enana emọ ri Dishan Uz kugbe Aran.|Enana emọ ri Dishan Uz kugbe Aran.
GEN_036_029|Enana keye ilori rẹ emọ ri Họr: ilori na kẹ ena Lotan, Shobal, Zibeọn, Anah,|Enana keye ilori rẹ emọ ri Họr: ilori na kẹ ena Lotan, Shobal, Zibeọn, Anah,
GEN_036_030|Dishon, Ezer, kugbe Dishan, ena keye ilori rẹ emọ ri Họr, dohwo dẹgborho rọye vwẹ otọ ri Seir.|Dishon, Ezer, kugbe Dishan, ena keye ilori rẹ emọ ri Họr, dohwo dẹgborho rọye vwẹ otọ ri Seir.
GEN_036_031|Enana ke rha ivie re rere vwẹ otọ rẹ Idọm, tavwe ra ke mrẹ ne ovie rere vwe Izrẹl.|Enana ke rha ivie re rere vwẹ otọ rẹ Idọm, tavwe ra ke mrẹ ne ovie rere vwe Izrẹl.
GEN_036_032|Bẹla rẹ ọmọ ri Beor da re vwẹ Idọm, odẹ rẹ orere rọ da re ki Dinhabath.|Bẹla rẹ ọmọ ri Beor da re vwẹ Idọm, odẹ rẹ orere rọ da re ki Dinhabath.
GEN_036_033|Bẹla de ghwu, Jobab rẹ ọmọ ri Zerah re ohwo ri Bozrah da re vwe asan ro nuru.|Bẹla de ghwu, Jobab rẹ ọmọ ri Zerah re ohwo ri Bozrah da re vwe asan ro nuru.
GEN_036_036|Hada de ghwu, Samlah ri Masreʼkah da re vwẹ asan ro nuru.|Hada de ghwu, Samlah ri Masreʼkah da re vwẹ asan ro nuru.
GEN_036_039|Baal-hanan rẹ ọmọ rẹ Akbor de ghwu, Hadar da re vwe asan ro nuru, odẹ rẹ orere rọye ki Pau; odẹ rẹ aye rọye ki Mẹhẹtabẹl, rẹ ọmọtẹ ri Matred, ọmọtẹ ri Mezhab.|Baal-hanan rẹ ọmọ rẹ Akbor de ghwu, Hadar da re vwe asan ro nuru, odẹ rẹ orere rọye ki Pau; odẹ rẹ aye rọye ki Mẹhẹtabẹl, rẹ ọmọtẹ ri Matred, ọmọtẹ ri Mezhab.
GEN_036_040|Enana keye ẹdẹ ri ilori rẹ emọ rẹ Isọ, uvwiuvwiẹ rayen kugbe irere rayen dia vẹ odẹ rayen ilori na kẹ ena: Timna, Alvah, Jetet,|Enana keye ẹdẹ ri ilori rẹ emọ rẹ Isọ, uvwiuvwiẹ rayen kugbe irere rayen dia vẹ odẹ rayen ilori na kẹ ena: Timna, Alvah, Jetet,
GEN_036_041|Oholibamah, Elah, Pinon,|Oholibamah, Elah, Pinon,
GEN_036_042|Kenaz, Temna, Mibzar,|Kenaz, Temna, Mibzar,
GEN_036_043|Magdiel, kugbe Iram; enana ilori re Idọm (kọye Isọ, ọsẹ rẹ Idọm), vẹ asansan rayen dia vwẹ otọ rayen kuara na.|Magdiel, kugbe Iram; enana ilori re Idọm (kọye Isọ, ọsẹ rẹ Idọm), vẹ asansan rayen dia vwẹ otọ rayen kuara na.
GEN_037_001|Jekọp da dia otọ rẹ ọsẹ rọye da ọrharha jovwo na, vwẹ otọ ri Kenan|Jekọp da dia otọ rẹ ọsẹ rọye da ọrharha jovwo na, vwẹ otọ ri Kenan
GEN_037_002|Ọnana kọye ikun rẹ uvwiẹ ri Jekọp. Josẹf vwọ ikpe ihwiori gbẹ ivẹ re, ko sun igodẹ rẹ ọsẹ rọye ọ vẹ imoni rọye, ọ vẹ emọ ri Bilhah kugbe Zilpah, eya rẹ ọsẹ rọye Josẹf; kọ rhia ayen vwọ kẹ ọsẹ rayen.|Ọnana kọye ikun rẹ uvwiẹ ri Jekọp. Josẹf vwọ ikpe ihwiori gbẹ ivẹ re, ko sun igodẹ rẹ ọsẹ rọye ọ vẹ imoni rọye, ọ vẹ emọ ri Bilhah kugbe Zilpah, eya rẹ ọsẹ rọye Josẹf; kọ rhia ayen vwọ kẹ ọsẹ rayen.
GEN_037_003|Asakiephana ivun ri Josẹf vwerha Izrẹl gangan nọ emọ rọye ri chekọ na ejobi, kidie ọye ọmọ rẹ uyovwi esha rọye, o de ko ewun ogrogro ro te abọ re kẹ.|Asakiephana ivun ri Josẹf vwerha Izrẹl gangan nọ emọ rọye ri chekọ na ejobi, kidie ọye ọmọ rẹ uyovwi esha rọye, o de ko ewun ogrogro ro te abọ re kẹ.
GEN_037_004|Ẹkẹvuọvo rẹ imoni rọye ri chekọ vwọ mrẹ nẹ ivun rọye re ma vwerhe ọsẹ rayen, oma rọye ko tun ayen, ayen ke ta ota iphriphri kẹ.|Ẹkẹvuọvo rẹ imoni rọye ri chekọ vwọ mrẹ nẹ ivun rọye re ma vwerhe ọsẹ rayen, oma rọye ko tun ayen, ayen ke ta ota iphriphri kẹ.
GEN_037_005|Vwẹ ọke nana Josẹf da vwerhe evwerhẹ, rọ vwọ ta evwerhẹ na kẹ imoni rọye kọ rhoma tun ayen oma dududu.|Vwẹ ọke nana Josẹf da vwerhe evwerhẹ, rọ vwọ ta evwerhẹ na kẹ imoni rọye kọ rhoma tun ayen oma dududu.
GEN_037_006|Ọ da ta kẹ ayen, Wa kerhọ rẹ evwerhẹ nana re Me vwerhẹre|Ọ da ta kẹ ayen, Wa kerhọ rẹ evwerhẹ nana re Me vwerhẹre
GEN_037_007|nighe, avwanre ke gba eka vwe obo udju, e vwo ni, erhagha rẹ ọka mẹ de vrẹn mudia goro, nighere erhagha rẹ ovwan na de rhi bi riariẹ ọ mẹ na, i de gbe uyovwi kpotọ kẹ erhagha mẹ na.|nighe, avwanre ke gba eka vwe obo udju, e vwo ni, erhagha rẹ ọka mẹ de vrẹn mudia goro, nighere erhagha rẹ ovwan na de rhi bi riariẹ ọ mẹ na, i de gbe uyovwi kpotọ kẹ erhagha mẹ na.
GEN_037_008|Imoni rọye da ta kẹ nẹ, Vwẹ ọ rẹ uyota na ko wẹ ri che sun avwanre? Eyẹ ko wẹ re cha re ovie vwẹ enu rẹ avwanre? Oma rọye de tun ayen phihọ fiki rẹ evwerhẹ rọye kugbe fiki rẹ eta rọye.|Imoni rọye da ta kẹ nẹ, Vwẹ ọ rẹ uyota na ko wẹ ri che sun avwanre? Eyẹ ko wẹ re cha re ovie vwẹ enu rẹ avwanre? Oma rọye de tun ayen phihọ fiki rẹ evwerhẹ rọye kugbe fiki rẹ eta rọye.
GEN_037_009|Ọ da rhoma vwerhe evwerhẹ ọfa, ọ da je ta kẹ imoni rọye, ọ da ta, Nighere, Me rha vwerhe evwerhẹ ọfa re, mi vwo ni, ọnre, emeranvwe, kugbe isio uhwọvo da vwẹ uyovwi te otọ kẹ vwẹ.|Ọ da rhoma vwerhe evwerhẹ ọfa, ọ da je ta kẹ imoni rọye, ọ da ta, Nighere, Me rha vwerhe evwerhẹ ọfa re, mi vwo ni, ọnre, emeranvwe, kugbe isio uhwọvo da vwẹ uyovwi te otọ kẹ vwẹ.
GEN_037_010|Ẹkẹvuọvo rọ vwọ ta kẹ ọsẹ rọye vẹ imoni rọye, ọsẹ rọye da ghwọ kuo, ọ da ta kẹ, Ọnana didi oka rẹ evwerhẹ wọ vwerhẹre na? Ko mẹvwẹ te oni wẹn kugbe imoni wẹn cha ghene vwẹ uyovwi te otọ ke wẹ?|Ẹkẹvuọvo rọ vwọ ta kẹ ọsẹ rọye vẹ imoni rọye, ọsẹ rọye da ghwọ kuo, ọ da ta kẹ, Ọnana didi oka rẹ evwerhẹ wọ vwerhẹre na? Ko mẹvwẹ te oni wẹn kugbe imoni wẹn cha ghene vwẹ uyovwi te otọ ke wẹ?
GEN_037_011|Imoni rọye ke rioma kpahọ, ẹkẹvuọvo ọsẹ rọye de phi eta na vwọ evun.|Imoni rọye ke rioma kpahọ, ẹkẹvuọvo ọsẹ rọye de phi eta na vwọ evun.
GEN_037_012|Vwẹ ọke nana imoni rọye da ra ghẹrẹ igodẹ vwẹ asan rọ kẹrẹ Shikẹm.|Vwẹ ọke nana imoni rọye da ra ghẹrẹ igodẹ vwẹ asan rọ kẹrẹ Shikẹm.
GEN_037_013|Izrẹl da ta ki Josẹf, Ọ dia imoni wẹn re ghẹrẹ igodẹ vwi Shikẹm na? Mọ ri mi ji we bru ayen ra. Ọ da ta kẹ, Mẹvwẹ na.|Izrẹl da ta ki Josẹf, Ọ dia imoni wẹn re ghẹrẹ igodẹ vwi Shikẹm na? Mọ ri mi ji we bru ayen ra. Ọ da ta kẹ, Mẹvwẹ na.
GEN_037_014|Etiyin ọ da ta kẹ, Yanran, ra mrẹ imoni wẹn sẹ oma rayen dori, te uchuru na re wọ rhe vuẹ vwẹ. Etiyin o de jo nẹ iyara ri Hebrọn, o de rhi te Shikẹm.|Etiyin ọ da ta kẹ, Yanran, ra mrẹ imoni wẹn sẹ oma rayen dori, te uchuru na re wọ rhe vuẹ vwẹ. Etiyin o de jo nẹ iyara ri Hebrọn, o de rhi te Shikẹm.
GEN_037_015|Ohwo ọvo da mrẹ ro beghe vwẹ evun rẹ ẹghwa, ohwo na da nọ, Die wọ guọnọ?|Ohwo ọvo da mrẹ ro beghe vwẹ evun rẹ ẹghwa, ohwo na da nọ, Die wọ guọnọ?
GEN_037_016|Me guọnọ imoni mẹ mrẹ, ọ da ta, ta kẹ vwẹ, Me rẹ wẹ, tivọ ayen da ghẹrẹ uchuru na?|Me guọnọ imoni mẹ mrẹ, ọ da ta, ta kẹ vwẹ, Me rẹ wẹ, tivọ ayen da ghẹrẹ uchuru na?
GEN_037_019|Ayen da ta kẹ ohwohwo nẹ, Ọvwerhẹ evwerhẹ na cha re.|Ayen da ta kẹ ohwohwo nẹ, Ọvwerhẹ evwerhẹ na cha re.
GEN_037_020|A mọ, re hwe re mu orivwi rọye phihọ ọgọdọ ọvo, avwanre ke tanẹ eranvwe ẹvo re djoma hwere, avwanre ke mrẹ obo rẹ evwerhẹ rọye na ru kẹ.|A mọ, re hwe re mu orivwi rọye phihọ ọgọdọ ọvo, avwanre ke tanẹ eranvwe ẹvo re djoma hwere, avwanre ke mrẹ obo rẹ evwerhẹ rọye na ru kẹ.
GEN_037_021|Ẹkẹvuọvo ọke ri Rubẹn vwo nyo, o de sivwo mie ayen tanẹ, E jẹn avwanre hwe-e|Ẹkẹvuọvo ọke ri Rubẹn vwo nyo, o de sivwo mie ayen tanẹ, E jẹn avwanre hwe-e
GEN_037_024|ayen reyerọ ayen de muo phihọ ọgọdọ ọvo. Ọgọdọ na ọyaya, ame herọ-ọ.|ayen reyerọ ayen de muo phihọ ọgọdọ ọvo. Ọgọdọ na ọyaya, ame herọ-ọ.
GEN_037_026|Etiyin Juda da ta kẹ imoni rọye, Didi erere ri te ohwo re de hwe omoni rẹ avwanre re de si ọbara rọye nu?|Etiyin Juda da ta kẹ imoni rọye, Didi erere ri te ohwo re de hwe omoni rẹ avwanre re de si ọbara rọye nu?
GEN_037_030|o de rhivwi bru imoni rọye, ọ da ta, Ọmọ na gbe herọ-ọ; ko mẹvwẹ, ki tivọ Me ra?|o de rhivwi bru imoni rọye, ọ da ta, Ọmọ na gbe herọ-ọ; ko mẹvwẹ, ki tivọ Me ra?
GEN_037_031|Etiyin ayen da reyọ ewun ri Josẹf, ayen de hwe ẹvwe, ayen da vwẹ ewun na gbunie ọbara na,|Etiyin ayen da reyọ ewun ri Josẹf, ayen de hwe ẹvwe, ayen da vwẹ ewun na gbunie ọbara na,
GEN_037_032|ayen da reyọ ewun ogrogro na ro te abọ re na vwo rhe ọsẹ rayen, ayen da ta, Ọna kọye avwanre mrereọ, gbe no sẹ ọna ewun rẹ ọmọ wẹn eyẹ ẹjo.|ayen da reyọ ewun ogrogro na ro te abọ re na vwo rhe ọsẹ rayen, ayen da ta, Ọna kọye avwanre mrereọ, gbe no sẹ ọna ewun rẹ ọmọ wẹn eyẹ ẹjo.
GEN_037_033|O de vughe, ọ da ta, Ọnana ewun rẹ ọmọ mẹ; eranvwe rọ djoma hwere re; ọ djaghọ Josẹf djaghe djaghe nure.|O de vughe, ọ da ta, Ọnana ewun rẹ ọmọ mẹ; eranvwe rọ djoma hwere re; ọ djaghọ Josẹf djaghe djaghe nure.
GEN_037_034|Jekọp da bẹrẹ iwun rọye, ọ da vwẹ emwa rẹ uvweri rhuo, o de muomahọ kẹ ọmọ rọye ẹdẹ buebu.|Jekọp da bẹrẹ iwun rọye, ọ da vwẹ emwa rẹ uvweri rhuo, o de muomahọ kẹ ọmọ rọye ẹdẹ buebu.
GEN_037_035|Emeshare rọye ejobi te emetẹ de vrẹn rhi bro uche, ọ da se nẹ e bro ọye uche-e, ọ da ta, Ẹjo, Me vwẹ oma rẹ uvweri na bru ọmọ mẹ kpo erivwi. Kẹnẹ ọsẹ rọye viẹ kẹ,|Emeshare rọye ejobi te emetẹ de vrẹn rhi bro uche, ọ da se nẹ e bro ọye uche-e, ọ da ta, Ẹjo, Me vwẹ oma rẹ uvweri na bru ọmọ mẹ kpo erivwi. Kẹnẹ ọsẹ rọye viẹ kẹ,
GEN_037_036|Vwẹ uvwre rẹ ọke yena ihwo ri Midian na da shẹ kpo Ijipt vwọ kẹ Potifa, onotu ri Fero, olori rẹ ihwo re rhere.|Vwẹ uvwre rẹ ọke yena ihwo ri Midian na da shẹ kpo Ijipt vwọ kẹ Potifa, onotu ri Fero, olori rẹ ihwo re rhere.
GEN_038_001|Vwẹ ọke yena Juda de vrẹn nẹ asan rẹ imoni rọye epha, ọ da vwẹriẹ asan rẹ ohwo rẹ Adulam ọvo, re se odẹ rọye Hirah.|Vwẹ ọke yena Juda de vrẹn nẹ asan rẹ imoni rọye epha, ọ da vwẹriẹ asan rẹ ohwo rẹ Adulam ọvo, re se odẹ rọye Hirah.
GEN_038_002|Etiyin Juda da mrẹ ọmọtẹ rẹ ohwo ri Kenan ọvo re se odẹ rọye Shua, ọ da rọvwọ ọ vọye da mroma,|Etiyin Juda da mrẹ ọmọtẹ rẹ ohwo ri Kenan ọvo re se odẹ rọye Shua, ọ da rọvwọ ọ vọye da mroma,
GEN_038_003|ọ da mrevun o de vwiẹ ọmọshare, o de se odẹ rọye Ẹr.|ọ da mrevun o de vwiẹ ọmọshare, o de se odẹ rọye Ẹr.
GEN_038_004|Ọ da rhoma mrevun o de vwiẹ ọshare ọfa, o de se odẹ rọye Ọnan.|Ọ da rhoma mrevun o de vwiẹ ọshare ọfa, o de se odẹ rọye Ọnan.
GEN_038_006|Juda da reyọ aye vwọ kẹ Ẹr rẹ ọwanra rọye re se Tamar.|Juda da reyọ aye vwọ kẹ Ẹr rẹ ọwanra rọye re se Tamar.
GEN_038_008|Etiyin Juda da ta kẹ Ọnan, Bru aye rẹ oniọvo wẹ na ra, ru wo ru obo re ruẹ ke aye re oniọvo kẹ, rere wo vwiẹ ọmọ kẹ oniọvo wẹn.|Etiyin Juda da ta kẹ Ọnan, Bru aye rẹ oniọvo wẹ na ra, ru wo ru obo re ruẹ ke aye re oniọvo kẹ, rere wo vwiẹ ọmọ kẹ oniọvo wẹn.
GEN_038_009|Ẹkẹvuọvo Ọnan riẹnre nẹ ọmọ na cha dia ọrọye-e; kọye ro vwo nene aye rẹ oniọvo rọye na mroma re, o de hwẹ ameoma na kufia rere aye re oniọvo rọye na vwo je vwiẹ.|Ẹkẹvuọvo Ọnan riẹnre nẹ ọmọ na cha dia ọrọye-e; kọye ro vwo nene aye rẹ oniọvo rọye na mroma re, o de hwẹ ameoma na kufia rere aye re oniọvo rọye na vwo je vwiẹ.
GEN_038_012|Emerha aye ri Juda, rẹ ọmọtẹ ri Shua, de ghwu, ọke rẹ ẹro vwọ hiẹ Juda nure, o de kpo Timnah ra mrẹ ihwo re bọrọ igodẹ rọye, te ọye te ugbeyan rọye Hirah rẹ ohwo rẹ Adulam.|Emerha aye ri Juda, rẹ ọmọtẹ ri Shua, de ghwu, ọke rẹ ẹro vwọ hiẹ Juda nure, o de kpo Timnah ra mrẹ ihwo re bọrọ igodẹ rọye, te ọye te ugbeyan rọye Hirah rẹ ohwo rẹ Adulam.
GEN_038_013|Ra vwọ ta ki Tamar nẹ, Ọsọrọvwe wẹn yanran kpo Timnah ra bọrọ igodẹ,|Ra vwọ ta ki Tamar nẹ, Ọsọrọvwe wẹn yanran kpo Timnah ra bọrọ igodẹ,
GEN_038_016|Ọ da yanran bro kpo abọ rivẹ rẹ idjerhe na, ọ da ta kẹ, Yanrhe re Me vowẹ ruemu, kidie ọ rha riẹn nẹ aye rẹ ọmọ rọye-e. Ọ da ta, kidie wọ vwọ kẹ vwẹ, ri wo ki nene uvwe ruemu?|Ọ da yanran bro kpo abọ rivẹ rẹ idjerhe na, ọ da ta kẹ, Yanrhe re Me vowẹ ruemu, kidie ọ rha riẹn nẹ aye rẹ ọmọ rọye-e. Ọ da ta, kidie wọ vwọ kẹ vwẹ, ri wo ki nene uvwe ruemu?
GEN_038_017|Ọ da kpahe, Mi mu ẹmẹvwe nẹ usun rẹ uchuru mẹ na rhe we. Ọ da ta, Ku wọ vwẹ emu viẹnwa kẹ vwẹ, bẹsiẹ wo vwo muo rhe?|Ọ da kpahe, Mi mu ẹmẹvwe nẹ usun rẹ uchuru mẹ na rhe we. Ọ da ta, Ku wọ vwẹ emu viẹnwa kẹ vwẹ, bẹsiẹ wo vwo muo rhe?
GEN_038_018|Ọ da ta, Ki didi emu mi vwo viẹnwa kẹ wẹ? Ọ da kpahe, Isa wẹn kugbe eme wẹn, kugbe ọkpọ wẹn ro rhe we obọ na. Etiyin ọ da vwẹ ayen kẹ, ọ vọye da mroma, ọ da ghwa mrevun.|Ọ da ta, Ki didi emu mi vwo viẹnwa kẹ wẹ? Ọ da kpahe, Isa wẹn kugbe eme wẹn, kugbe ọkpọ wẹn ro rhe we obọ na. Etiyin ọ da vwẹ ayen kẹ, ọ vọye da mroma, ọ da ghwa mrevun.
GEN_038_019|Etiyin o vrẹnri ọ da yanran, ọ ghwiẹ oga na nu o de ku iwun rẹ uvweri rọye phihọ.|Etiyin o vrẹnri ọ da yanran, ọ ghwiẹ oga na nu o de ku iwun rẹ uvweri rọye phihọ.
GEN_038_020|Ri Juda vwọ reyọ ẹmẹvwe na vwo rhe ugbeyan rọye rẹ ohwo rẹ Adulam na, rere ọ reyọ ekuakua ro vwo viẹnwa na mie aye na, o gbe mrẹ-ẹ.|Ri Juda vwọ reyọ ẹmẹvwe na vwo rhe ugbeyan rọye rẹ ohwo rẹ Adulam na, rere ọ reyọ ekuakua ro vwo viẹnwa na mie aye na, o gbe mrẹ-ẹ.
GEN_038_021|Ọ da nọ ihwo rẹ asan na nẹ, Kẹ igberadja rọ Enaim na rhọ rọ oma rẹ idjerhe na? Ayen da tanẹ, Igberadja ọvuọvo etinẹ-ẹ.|Ọ da nọ ihwo rẹ asan na nẹ, Kẹ igberadja rọ Enaim na rhọ rọ oma rẹ idjerhe na? Ayen da tanẹ, Igberadja ọvuọvo etinẹ-ẹ.
GEN_038_022|O de rhivwi bru Juda, ọ da ta, Me mrẹrẹ-ẹ, ihwo rẹ asan na je tanẹ, Igberadja ọvuọvo etinẹ-ẹ.|O de rhivwi bru Juda, ọ da ta, Me mrẹrẹ-ẹ, ihwo rẹ asan na je tanẹ, Igberadja ọvuọvo etinẹ-ẹ.
GEN_038_023|Juda da kpahe, E gbe jọ yọnrọn ekuakua na kẹ oma rọye, a da rha hwẹ avwanre, wọ mrẹre, Me vwẹ ẹmẹvwe na rhe, yu wọ mrẹrẹ-ẹ.|Juda da kpahe, E gbe jọ yọnrọn ekuakua na kẹ oma rọye, a da rha hwẹ avwanre, wọ mrẹre, Me vwẹ ẹmẹvwe na rhe, yu wọ mrẹrẹ-ẹ.
GEN_038_024|Kirẹ emeranvwe erha ka rhe ta ki Juda nẹ, Tamar rẹ aye rẹ ọmọ wẹn gbe igberadja; kidie ọ wan igberadja na mrevun Juda da ta, Reyọ rhe rere a torhẹ hwe.|Kirẹ emeranvwe erha ka rhe ta ki Juda nẹ, Tamar rẹ aye rẹ ọmọ wẹn gbe igberadja; kidie ọ wan igberadja na mrevun Juda da ta, Reyọ rhe rere a torhẹ hwe.
GEN_038_025|Ra vwọ reyọ cha re, o de ji ohwo ra vuẹ ọsorọvwe rọye nẹ, Ohwo ro vwo ekuakua nana, ọye re kẹ vwẹ evun na. Ọ da ta, Vughe te, Me rẹ wẹ, ono ri vwo enana isa na, eme na kugbe ọkpọ na.|Ra vwọ reyọ cha re, o de ji ohwo ra vuẹ ọsorọvwe rọye nẹ, Ohwo ro vwo ekuakua nana, ọye re kẹ vwẹ evun na. Ọ da ta, Vughe te, Me rẹ wẹ, ono ri vwo enana isa na, eme na kugbe ọkpọ na.
GEN_038_026|Juda de vughe ayen ọ da ta, Ọ dia ọvwata nọ vwẹ, kidie ọ rha guakẹ vwẹ vwọ kẹ Shelaha-a. O vọye gbe mroma ọfa-a.|Juda de vughe ayen ọ da ta, Ọ dia ọvwata nọ vwẹ, kidie ọ rha guakẹ vwẹ vwọ kẹ Shelaha-a. O vọye gbe mroma ọfa-a.
GEN_038_029|Ẹkẹvuọvo ro rhe vwo si obọ reyọ, nighere oniọvo rọye de ghwe ri shotọ; ọ da ta, Didi uphrophro wọ rha rharhe kẹ oma wẹn, fiki rẹ ọtiọye na e de se odẹ rọye Pẹrẹz.|Ẹkẹvuọvo ro rhe vwo si obọ reyọ, nighere oniọvo rọye de ghwe ri shotọ; ọ da ta, Didi uphrophro wọ rha rharhe kẹ oma wẹn, fiki rẹ ọtiọye na e de se odẹ rọye Pẹrẹz.
GEN_038_030|Emerha oniọvo rọye de rhi shotọ vẹ isene re churu muo obọ e de rhe se odẹ rọye Zerah.|Emerha oniọvo rọye de rhi shotọ vẹ isene re churu muo obọ e de rhe se odẹ rọye Zerah.
GEN_039_001|Vwẹ ọke nana a da reyọ Josẹf vwo kpo Ijipt, kọye Potifa, onotu ri Fero, olori rẹ ihwo re rhẹrẹ, okpuyovwi rọye ohwo rẹ Ijipt, da dẹ mie ihwo rẹ Ishmael ri ghoro rhe.|Vwẹ ọke nana a da reyọ Josẹf vwo kpo Ijipt, kọye Potifa, onotu ri Fero, olori rẹ ihwo re rhẹrẹ, okpuyovwi rọye ohwo rẹ Ijipt, da dẹ mie ihwo rẹ Ishmael ri ghoro rhe.
GEN_039_002|Ọrovwohwo vi Josẹf herọ, ọ da rhe dia omamọ rẹ ohwo kẹ uwevwi rẹ onini rọye rẹ ohwo rẹ Ijipt na.|Ọrovwohwo vi Josẹf herọ, ọ da rhe dia omamọ rẹ ohwo kẹ uwevwi rẹ onini rọye rẹ ohwo rẹ Ijipt na.
GEN_039_003|Onini rọye da mrẹ vughe nẹ Ọrovwohwo vọye herọ, nẹ Ọrovwohwo re jabọ rẹ obo rọye ruẹ ejobi vwo yovwi kẹ.|Onini rọye da mrẹ vughe nẹ Ọrovwohwo vọye herọ, nẹ Ọrovwohwo re jabọ rẹ obo rọye ruẹ ejobi vwo yovwi kẹ.
GEN_039_006|Kọye ọ da yan jobo ro vwori ejobi vwo ki Josẹf, ro vwo jẹn ayen vwo kẹ nu ọ gbe ro ẹnwa rẹ emuọvo jokpa re obo rọ ria ọvo. Josẹf re dje na ohwo erhuvwu gangan.|Kọye ọ da yan jobo ro vwori ejobi vwo ki Josẹf, ro vwo jẹn ayen vwo kẹ nu ọ gbe ro ẹnwa rẹ emuọvo jokpa re obo rọ ria ọvo. Josẹf re dje na ohwo erhuvwu gangan.
GEN_039_007|Ọmọke vwọ wan nure aye rẹ onini rọye na kọ vwẹ ẹro guọnọ Josẹf, ọ da ta, Mọ ra vwerhẹ.|Ọmọke vwọ wan nure aye rẹ onini rọye na kọ vwẹ ẹro guọnọ Josẹf, ọ da ta, Mọ ra vwerhẹ.
GEN_039_008|Ẹkẹvuọvo ọ da se ọ da ta kẹ aye rẹ onini rọye na, Nighe, Me vwọ herọ na onini mẹ gbe ro ẹnwa rẹ emuọvo-o, o de phi kemu kemu na ejobi phihọ ovwẹ obọ.|Ẹkẹvuọvo ọ da se ọ da ta kẹ aye rẹ onini rọye na, Nighe, Me vwọ herọ na onini mẹ gbe ro ẹnwa rẹ emuọvo-o, o de phi kemu kemu na ejobi phihọ ovwẹ obọ.
GEN_039_009|Ọ rhonọ vwẹ vwẹ uwevwi na-a, eyẹ o si emuọvo nu kẹ vwẹ-ẹ jokpa wẹ ọvo, fikiridie wẹ aye rọye, komavọ mi ru emu ọbrabra nana, ri mi ru umwemwu kpahe Ọghẹnẹ.|Ọ rhonọ vwẹ vwẹ uwevwi na-a, eyẹ o si emuọvo nu kẹ vwẹ-ẹ jokpa wẹ ọvo, fikiridie wẹ aye rọye, komavọ mi ru emu ọbrabra nana, ri mi ru umwemwu kpahe Ọghẹnẹ.
GEN_039_010|Dede na ọ ta ki Josẹf kẹdẹ kẹdẹ na, jẹn ọ davwerhọ rọye-e, ro vwo nene shevwerhẹ eyẹ ro vwo si kẹrẹ-ẹ.|Dede na ọ ta ki Josẹf kẹdẹ kẹdẹ na, jẹn ọ davwerhọ rọye-e, ro vwo nene shevwerhẹ eyẹ ro vwo si kẹrẹ-ẹ.
GEN_039_012|O de shabọ phihọ ewun rọye, tanẹ, Mọ ra vwerhẹ Ẹkẹvuọvo ọ da djẹ je ewun rọye vwo kẹ, ọ da djẹ ro otafe nẹ evun rẹ uwevwi na.|O de shabọ phihọ ewun rọye, tanẹ, Mọ ra vwerhẹ Ẹkẹvuọvo ọ da djẹ je ewun rọye vwo kẹ, ọ da djẹ ro otafe nẹ evun rẹ uwevwi na.
GEN_039_013|Rọ vwọ mrẹ nẹ Josẹf djẹ jẹ ewun rọye vwo kẹ rọ da dje ro otafe,|Rọ vwọ mrẹ nẹ Josẹf djẹ jẹ ewun rọye vwo kẹ rọ da dje ro otafe,
GEN_039_015|ọke ro vwo nyo nẹ mi bunu, ọ da yan jẹ ewun rọye vwo kẹ vwẹ, ọ da djẹ nẹ uwevwi ro otafe.|ọke ro vwo nyo nẹ mi bunu, ọ da yan jẹ ewun rọye vwo kẹ vwẹ, ọ da djẹ nẹ uwevwi ro otafe.
GEN_039_016|O de si ewun na nu bẹsiẹ rẹ onini rọye vwọ rhe uwevwi,|O de si ewun na nu bẹsiẹ rẹ onini rọye vwọ rhe uwevwi,
GEN_039_018|Ẹkẹvuọvo Me ghwa vwọ kpare urhuru mi che vwo bunu, ọ da yan je ewun rọye vwo kẹ vwẹ, ọ da djẹ ruafe.|Ẹkẹvuọvo Me ghwa vwọ kpare urhuru mi che vwo bunu, ọ da yan je ewun rọye vwo kẹ vwẹ, ọ da djẹ ruafe.
GEN_039_019|Ọke rẹ onini rọye vwo nyo eta rẹ aye rọye ta kẹ, Ọnana obo rẹ odibo wẹn phọphọ ovwẹ, ophu de muo gangan.|Ọke rẹ onini rọye vwo nyo eta rẹ aye rọye ta kẹ, Ọnana obo rẹ odibo wẹn phọphọ ovwẹ, ophu de muo gangan.
GEN_039_020|Onini ri Josẹf ghwa reyọ o de re muo phihọ uwodi, asan ra da karọ ekru rẹ ovie, kẹ Etiyin a kaerọ phihọ.|Onini ri Josẹf ghwa reyọ o de re muo phihọ uwodi, asan ra da karọ ekru rẹ ovie, kẹ Etiyin a kaerọ phihọ.
GEN_039_022|Olori rẹ uwodi na da vwi kemu kemu rẹ uwodi na ejobi te ihwo vwọ kẹ Josẹf yọnre, obo re ruru ejobi ọye ri ru ayen.|Olori rẹ uwodi na da vwi kemu kemu rẹ uwodi na ejobi te ihwo vwọ kẹ Josẹf yọnre, obo re ruru ejobi ọye ri ru ayen.
GEN_040_001|Ọmọke vwọ wanre, omuidi rẹ ovie rẹ Ijipt kugbe okakemu rọye da chọ urhi rẹ ọrovwayen ovie rẹ Ijipt na.|Ọmọke vwọ wanre, omuidi rẹ ovie rẹ Ijipt kugbe okakemu rọye da chọ urhi rẹ ọrovwayen ovie rẹ Ijipt na.
GEN_040_002|Ivun de miovwo Fero kpahe inotu rọye ivẹ na, omuidi na kugbe okakemu na,|Ivun de miovwo Fero kpahe inotu rọye ivẹ na, omuidi na kugbe okakemu na,
GEN_040_003|o de mu ayen phihọ uwodi vwẹ uwevwi rẹ onotu rẹ idugbu na, vwẹ evun rẹ uwodi re ji mu Josẹf phihọ na.|o de mu ayen phihọ uwodi vwẹ uwevwi rẹ onotu rẹ idugbu na, vwẹ evun rẹ uwodi re ji mu Josẹf phihọ na.
GEN_040_005|Ason ọvo ayen ivẹ na da vwerhẹ evwerhẹ - omuidi na kugbe okakemu na rẹ ovie rẹ Ijipt re mu phihọ uwodi na, dohwo devwerhẹ rọye, dohwo dotọ rọye.|Ason ọvo ayen ivẹ na da vwerhẹ evwerhẹ - omuidi na kugbe okakemu na rẹ ovie rẹ Ijipt re mu phihọ uwodi na, dohwo devwerhẹ rọye, dohwo dotọ rọye.
GEN_040_006|Ri Josẹf vwo bru ayen rhe irhiọke re mrẹ ayen, ayen de muomahọ.|Ri Josẹf vwo bru ayen rhe irhiọke re mrẹ ayen, ayen de muomahọ.
GEN_040_008|Ayen da ta kẹ, Avwanre vwerhẹ evwerhẹ, a rha mrẹ ohwo rọ faotọ rọye kẹ avwanre-e. Josẹf da ta kẹ ayen; Ọ dia Ọghẹnẹ re faotọ rẹ evwerhẹ? Gba ta kẹ vwẹ, Me rẹ wẹ.|Ayen da ta kẹ, Avwanre vwerhẹ evwerhẹ, a rha mrẹ ohwo rọ faotọ rọye kẹ avwanre-e. Josẹf da ta kẹ ayen; Ọ dia Ọghẹnẹ re faotọ rẹ evwerhẹ? Gba ta kẹ vwẹ, Me rẹ wẹ.
GEN_040_009|Kọye omuidi na da ta evwerhẹ rọye ki Josẹf, ọ da ta kẹ, Vwẹ evwerhẹ mẹ na urhe ri vain da obaro Me,|Kọye omuidi na da ta evwerhẹ rọye ki Josẹf, ọ da ta kẹ, Vwẹ evwerhẹ mẹ na urhe ri vain da obaro Me,
GEN_040_010|vwẹ enu ri vain na eghọn erha da herọ; rọ ghwa vwọ kpa ipho na, ọ da ghwa mọ ibi, siẹvuọvo na ibi na da ghwa vware.|vwẹ enu ri vain na eghọn erha da herọ; rọ ghwa vwọ kpa ipho na, ọ da ghwa mọ ibi, siẹvuọvo na ibi na da ghwa vware.
GEN_040_011|Yẹ uko ri Fero rhe vwe obọ; Me da reyọ otie na mi de mi ayen phihọ uko ri Fero na, mi de mu uko na phihọ obọ ri Fero.|Yẹ uko ri Fero rhe vwe obọ; Me da reyọ otie na mi de mi ayen phihọ uko ri Fero na, mi de mu uko na phihọ obọ ri Fero.
GEN_040_012|Etiyin Josẹf da ta kẹ, Ọnana otọ rọye: eghọn erha na eye ẹdẹ erha;|Etiyin Josẹf da ta kẹ, Ọnana otọ rọye: eghọn erha na eye ẹdẹ erha;
GEN_040_013|vwẹ evun rẹ ẹdẹ erha na Fero kọ kpare uyovwi wẹn kpenu kọ rhoma phi we phihọ edia wẹn, ku wo mu uko phihọ obọ ri Fero kirobo ri wo ruẹ jovwo, ọke ru wọ vwọ omuidi rọye.|vwẹ evun rẹ ẹdẹ erha na Fero kọ kpare uyovwi wẹn kpenu kọ rhoma phi we phihọ edia wẹn, ku wo mu uko phihọ obọ ri Fero kirobo ri wo ruẹ jovwo, ọke ru wọ vwọ omuidi rọye.
GEN_040_014|Ẹkẹvuọvo karo ovwẹ, ọke ro de yovwi kẹ wẹ, re wo ji ru ẹse na kẹ vwẹ, Me rẹ wẹ, re wọ fan odẹ mẹ ki Fero, re o si vwẹ nẹ uwevwi nana.|Ẹkẹvuọvo karo ovwẹ, ọke ro de yovwi kẹ wẹ, re wo ji ru ẹse na kẹ vwẹ, Me rẹ wẹ, re wọ fan odẹ mẹ ki Fero, re o si vwẹ nẹ uwevwi nana.
GEN_040_016|Ọke rẹ olori rẹ ekakemu na vwọ mrẹ nẹ ọ fan otọ rọye yoyovwi, ọ da ta ki Josẹf, Me je vwerhẹ evwerhẹ rhe: ibere rẹ ikara erha da enu rẹ uyovwi mẹ,|Ọke rẹ olori rẹ ekakemu na vwọ mrẹ nẹ ọ fan otọ rọye yoyovwi, ọ da ta ki Josẹf, Me je vwerhẹ evwerhẹ rhe: ibere rẹ ikara erha da enu rẹ uyovwi mẹ,
GEN_040_017|ọ rọ ka obenu ejobi da vọn vẹ emu ra kakere ki Fero, ẹkẹvuọvo ephran ke sohrọ ria vwẹ enu rẹ uyovwi mẹ.|ọ rọ ka obenu ejobi da vọn vẹ emu ra kakere ki Fero, ẹkẹvuọvo ephran ke sohrọ ria vwẹ enu rẹ uyovwi mẹ.
GEN_040_018|Josẹf da kpahe, Ọnana ye otọ rọye: ibere erha eye ẹdẹ erha;|Josẹf da kpahe, Ọnana ye otọ rọye: ibere erha eye ẹdẹ erha;
GEN_040_020|Vwẹ ẹdẹ rẹ erha, rọ dia eduvwiẹ ri Fero, o de chere emu kẹ idibo rọye ejobi, ọ da kpare uyovwi rẹ onotu rẹ omuidi na kpenu kugbe uyovwi rẹ onotu rọ kakemu na kpenu vwẹ usun rẹ idibo rọye na.|Vwẹ ẹdẹ rẹ erha, rọ dia eduvwiẹ ri Fero, o de chere emu kẹ idibo rọye ejobi, ọ da kpare uyovwi rẹ onotu rẹ omuidi na kpenu kugbe uyovwi rẹ onotu rọ kakemu na kpenu vwẹ usun rẹ idibo rọye na.
GEN_040_021|Ọ da rhoma reyọ onotu rẹ omuidi na phihọ ako rẹ iruo rọye o de mu uko phihọ obọ ri Fero,|Ọ da rhoma reyọ onotu rẹ omuidi na phihọ ako rẹ iruo rọye o de mu uko phihọ obọ ri Fero,
GEN_040_022|ẹkẹvuọvo o de churu onotu rọ kakemu na si, kirobo ri Josẹf fan otọ rẹ evwerhẹ na kẹ ayen.|ẹkẹvuọvo o de churu onotu rọ kakemu na si, kirobo ri Josẹf fan otọ rẹ evwerhẹ na kẹ ayen.
GEN_040_023|Yẹ ẹkẹvuọvo onotu rẹ omuidi na gbe sa karophihọ Josẹfu-u, o da chọẹro.|Yẹ ẹkẹvuọvo onotu rẹ omuidi na gbe sa karophihọ Josẹfu-u, o da chọẹro.
GEN_041_004|Irhuẹn re dọndọn grosi na de mu iride tubie tubie na rọ. Fero de gbunie rhọvwọ.|Irhuẹn re dọndọn grosi na de mu iride tubie tubie na rọ. Fero de gbunie rhọvwọ.
GEN_041_005|O de sheruo ovwerhẹ o da vwerhẹ evwerhẹ obo rivẹ; o vwo ni, eduru rẹ eka ighwrẹ gbuke yoyovwi, da djẹ vwẹ ugbẹn rẹ ọka ọvo.|O de sheruo ovwerhẹ o da vwerhẹ evwerhẹ obo rivẹ; o vwo ni, eduru rẹ eka ighwrẹ gbuke yoyovwi, da djẹ vwẹ ugbẹn rẹ ọka ọvo.
GEN_041_006|Mi rhe vwo ni, eduru rẹ eka ighwrẹ re vwara ẹbe gẹngẹn rẹ odju bẹre de rhe mu kpahe erẹ ẹsosuọ na.|Mi rhe vwo ni, eduru rẹ eka ighwrẹ re vwara ẹbe gẹngẹn rẹ odju bẹre de rhe mu kpahe erẹ ẹsosuọ na.
GEN_041_007|Ere pha gẹngẹn na de mu ighwrẹ re pha gbuke na rọ Fero da rhọvwọ rhe,|Ere pha gẹngẹn na de mu ighwrẹ re pha gbuke na rọ Fero da rhọvwọ rhe,
GEN_041_008|Rẹ ọke vwo rhie re, udu ko bro, o de re se ẹboepha rẹ Ijipt ejobi kugbe ebuiroro ejobi, Fero da ta evwerhẹ na vwọ kẹ ayen, ẹkẹvuọvo a mrẹ ohwo ọvuọvo rọ sa fan otọ rọye ki Fero-o.|Rẹ ọke vwo rhie re, udu ko bro, o de re se ẹboepha rẹ Ijipt ejobi kugbe ebuiroro ejobi, Fero da ta evwerhẹ na vwọ kẹ ayen, ẹkẹvuọvo a mrẹ ohwo ọvuọvo rọ sa fan otọ rọye ki Fero-o.
GEN_041_009|Etiyin onotu rẹ omuidi na da ta ki Fero, Me karophihọ obrabra mẹ nonẹ na.|Etiyin onotu rẹ omuidi na da ta ki Fero, Me karophihọ obrabra mẹ nonẹ na.
GEN_041_011|avwanre da vwerhẹ evwerhẹ vwẹ ason ọvuọvo na, te ọye te omẹvwẹ, dohwo devwerhẹ rọye dohwo dotọ rọye.|avwanre da vwerhẹ evwerhẹ vwẹ ason ọvuọvo na, te ọye te omẹvwẹ, dohwo devwerhẹ rọye dohwo dotọ rọye.
GEN_041_014|Etiyin Fero de ji ikọ re se Josẹf, e de sio nẹ emwa na kpata kpata; rọ vwọ wanre etọ rọye nu ro vwo wene amwa rọye nu, o de rhi mudia obaro ri Fero.|Etiyin Fero de ji ikọ re se Josẹf, e de sio nẹ emwa na kpata kpata; rọ vwọ wanre etọ rọye nu ro vwo wene amwa rọye nu, o de rhi mudia obaro ri Fero.
GEN_041_015|Fero da ta ki Josẹf, Me vwerhẹ evwerhẹ, a rha mrẹ ohwo ọvuọvo rọ sa fan otọ rọye-e; mi nyori nẹ a da ta evwerhẹ kẹ wẹ ku wọ sa fan otọ rọye.|Fero da ta ki Josẹf, Me vwerhẹ evwerhẹ, a rha mrẹ ohwo ọvuọvo rọ sa fan otọ rọye-e; mi nyori nẹ a da ta evwerhẹ kẹ wẹ ku wọ sa fan otọ rọye.
GEN_041_016|Josẹf da kpahe ki Fero, Ọ evun mẹẹ, Ọghẹnẹ re sa fan otọ rọ gbare ki Fero.|Josẹf da kpahe ki Fero, Ọ evun mẹẹ, Ọghẹnẹ re sa fan otọ rọ gbare ki Fero.
GEN_041_018|irhuẹn ighwrẹ sọkọ sọkọ tubie tubie, de nẹ evun ri Nile rhe ke ria ẹgo vwẹ oma rẹ urhie;|irhuẹn ighwrẹ sọkọ sọkọ tubie tubie, de nẹ evun ri Nile rhe ke ria ẹgo vwẹ oma rẹ urhie;
GEN_041_020|Irhuẹn ighwrẹ dọndọn grosi na de mu ere ẹsosuọ ighwrẹ na ri tubie tubie na rọ,|Irhuẹn ighwrẹ dọndọn grosi na de mu ere ẹsosuọ ighwrẹ na ri tubie tubie na rọ,
GEN_041_023|eduru rẹ eka ighwrẹ efa, gẹngẹn, re vwara ẹbe, rẹ odju bẹre, ri mu kpahe ighwrẹ rẹ ẹsosuọ na,|eduru rẹ eka ighwrẹ efa, gẹngẹn, re vwara ẹbe, rẹ odju bẹre, ri mu kpahe ighwrẹ rẹ ẹsosuọ na,
GEN_041_024|eduru rẹ eka re gẹngẹn na da rọ iri gbuke yoyovwi na. Me tarọ kẹ ẹboepha ejobi, ẹkẹvuọvo o vwo ohwo rọ sa fan otọ rọye kẹ vwẹ-ẹ.|eduru rẹ eka re gẹngẹn na da rọ iri gbuke yoyovwi na. Me tarọ kẹ ẹboepha ejobi, ẹkẹvuọvo o vwo ohwo rọ sa fan otọ rọye kẹ vwẹ-ẹ.
GEN_041_025|Etiyin Josẹf da ta ki Fero, Evwerhẹ ri Fero na ọvuọvo; Ọghẹnẹ vwọ phia ki Fero obo ro che ru.|Etiyin Josẹf da ta ki Fero, Evwerhẹ ri Fero na ọvuọvo; Ọghẹnẹ vwọ phia ki Fero obo ro che ru.
GEN_041_026|Irhuẹn ighwrẹ ri yoyovwi na eye ikpe ighwrẹ, eduru rẹ eka ighwrẹ ri yoyovwi na eye jẹ ikpe ighwrẹ; evwerhẹ na ọvuọvo|Irhuẹn ighwrẹ ri yoyovwi na eye ikpe ighwrẹ, eduru rẹ eka ighwrẹ ri yoyovwi na eye jẹ ikpe ighwrẹ; evwerhẹ na ọvuọvo
GEN_041_027|Irhuẹn ighwrẹ re dọndọn grosi na, re vwọ kpahe ayen na eye ikpe ighwrẹ, vẹ eduru rẹ eka re gẹngẹn re vwara ẹbe na rẹ odju bẹre na, eye ikpe ighwrẹ rẹ owẹvwe|Irhuẹn ighwrẹ re dọndọn grosi na, re vwọ kpahe ayen na eye ikpe ighwrẹ, vẹ eduru rẹ eka re gẹngẹn re vwara ẹbe na rẹ odju bẹre na, eye ikpe ighwrẹ rẹ owẹvwe
GEN_041_028|Ọ pha kirobo re Me ta ki Fero na, Ọghẹnẹ rhe vwọ phia ki Fero obo ro che ru.|Ọ pha kirobo re Me ta ki Fero na, Ọghẹnẹ rhe vwọ phia ki Fero obo ro che ru.
GEN_041_029|Ikpe ighwrẹ rẹ ororo cha rhe vwẹ otọ rẹ Ijipt na ejobi,|Ikpe ighwrẹ rẹ ororo cha rhe vwẹ otọ rẹ Ijipt na ejobi,
GEN_041_030|ẹkẹvuọvo ororo na de notọ nu ikpe ighwrẹ rẹ owẹvwe kọ cha rhe, okuvwe na ejobi ke cha chọẹro vwẹ otọ rẹ Ijipt na, owẹvwe na fi gangan vwẹ otọ na,|ẹkẹvuọvo ororo na de notọ nu ikpe ighwrẹ rẹ owẹvwe kọ cha rhe, okuvwe na ejobi ke cha chọẹro vwẹ otọ rẹ Ijipt na, owẹvwe na fi gangan vwẹ otọ na,
GEN_041_031|ororo na a gbe karophihọ-ọ fiki re owẹvwe ọgangan ro che nene na, kidie ọ cha gan gangan.|ororo na a gbe karophihọ-ọ fiki re owẹvwe ọgangan ro che nene na, kidie ọ cha gan gangan.
GEN_041_032|Evwerhẹ na rẹ ọhwọhwọ ivẹ na dje phia nẹ Ọghẹnẹ bru ẹdẹ na nure, Ọghẹnẹ kọ cha vwọ phia nanana.|Evwerhẹ na rẹ ọhwọhwọ ivẹ na dje phia nẹ Ọghẹnẹ bru ẹdẹ na nure, Ọghẹnẹ kọ cha vwọ phia nanana.
GEN_041_033|Ọtiọye na e gbe ji Fero sanọ ohwo rọ ghwanre vẹ ọhọ, rere o vwo mu vwẹ Ijipt na ejobi.|Ọtiọye na e gbe ji Fero sanọ ohwo rọ ghwanre vẹ ọhọ, rere o vwo mu vwẹ Ijipt na ejobi.
GEN_041_034|E gbe ji Fero vwẹ ilori mu buebu vwẹ otọ na, rere e toro ẹko-uri rẹ obo re vuru nẹ otọ rẹ Ijipt na rhe vwẹ ọke rẹ ikpe ighwrẹ rẹ ororo na.|E gbe ji Fero vwẹ ilori mu buebu vwẹ otọ na, rere e toro ẹko-uri rẹ obo re vuru nẹ otọ rẹ Ijipt na rhe vwẹ ọke rẹ ikpe ighwrẹ rẹ ororo na.
GEN_041_035|Ja ghwẹ emu nana re toro cha na ejobi koko vwẹ ọgangan ri Fero, vwẹ orere ọvuọvo, rere a sẹro rayen.|Ja ghwẹ emu nana re toro cha na ejobi koko vwẹ ọgangan ri Fero, vwẹ orere ọvuọvo, rere a sẹro rayen.
GEN_041_037|Iroro nana de shephihọ ki Fero vẹ idibo rọye ejobi.|Iroro nana de shephihọ ki Fero vẹ idibo rọye ejobi.
GEN_041_039|Kọye Fero da ta ki Josẹf, Rẹ Ọghẹnẹ vwọ vwẹ emu na ejobi phia kẹ wẹ na, o rhe vwo ohwo ọvuọvo rọ ghwanre no wẹ-ẹ;|Kọye Fero da ta ki Josẹf, Rẹ Ọghẹnẹ vwọ vwẹ emu na ejobi phia kẹ wẹ na, o rhe vwo ohwo ọvuọvo rọ ghwanre no wẹ-ẹ;
GEN_041_040|ko wẹ re cha dia enu rẹ uwevwi mẹ, ihwo mẹ ke vwẹ oma kpotọ kẹ wẹ sun, jokpa rẹ obo ekete mẹ Me da rho nọ wẹ.|ko wẹ re cha dia enu rẹ uwevwi mẹ, ihwo mẹ ke vwẹ oma kpotọ kẹ wẹ sun, jokpa rẹ obo ekete mẹ Me da rho nọ wẹ.
GEN_041_042|Etiyin Fero da ghwiẹ isa nẹ obo rọye o de kuo phihọ obo ri Josẹf, o de ku adagba ọfuanfon phihọ oma, o de ku ọjọnrọn re oro phihọ ohọre;|Etiyin Fero da ghwiẹ isa nẹ obo rọye o de kuo phihọ obo ri Josẹf, o de ku adagba ọfuanfon phihọ oma, o de ku ọjọnrọn re oro phihọ ohọre;
GEN_041_043|ọ da vwẹ idjighere rọye rivẹ kẹ nẹ ọgua, ayen de ghwoghwo nẹ, We shiguẹ. Enẹ a vwi Josẹf mu vwẹ enu rẹ Ijipt.|ọ da vwẹ idjighere rọye rivẹ kẹ nẹ ọgua, ayen de ghwoghwo nẹ, We shiguẹ. Enẹ a vwi Josẹf mu vwẹ enu rẹ Ijipt.
GEN_041_045|Fero de se odẹ ri Josẹf Zafenatapanea; ọ da vwẹ Asenat, rẹ ọmọtẹ ri Potifera orherẹ ri On vwọ kẹ nẹ ọ vwọ rọvwọ. Kọye Josẹf de ki otọ rẹ Ijipt ejobi duvwu.|Fero de se odẹ ri Josẹf Zafenatapanea; ọ da vwẹ Asenat, rẹ ọmọtẹ ri Potifera orherẹ ri On vwọ kẹ nẹ ọ vwọ rọvwọ. Kọye Josẹf de ki otọ rẹ Ijipt ejobi duvwu.
GEN_041_046|Ikpe ọgban Josẹf teri ọke rọ vwọ ro iruo ri Fero ovie rẹ Ijipt. Josẹf da yan nẹ obaro ri Fero, o de ki otọ rẹ Ijipt na ejobi duvwu.|Ikpe ọgban Josẹf teri ọke rọ vwọ ro iruo ri Fero ovie rẹ Ijipt. Josẹf da yan nẹ obaro ri Fero, o de ki otọ rẹ Ijipt na ejobi duvwu.
GEN_041_047|Vwẹ ikpe ighwrẹ rẹ ororo na otọ na de yovwi emu gangan,|Vwẹ ikpe ighwrẹ rẹ ororo na otọ na de yovwi emu gangan,
GEN_041_048|o de koko emu vwẹ ikpe ighwrẹ rẹ ororo na vwẹ otọ rẹ Ijipt na ejobi, o de koko emu vwẹ irere na ejobi; a da ghwẹ emu na nẹ idju re riariẹ orere ọvuọvo na rhi koko.|o de koko emu vwẹ ikpe ighwrẹ rẹ ororo na vwẹ otọ rẹ Ijipt na ejobi, o de koko emu vwẹ irere na ejobi; a da ghwẹ emu na nẹ idju re riariẹ orere ọvuọvo na rhi koko.
GEN_041_049|Josẹf de koko eka buebu gbidi kiri ehavwo rẹ urhie, o rhi te ukuko na a gbe sa vwavwe aye-en, kidie ibunọ.|Josẹf de koko eka buebu gbidi kiri ehavwo rẹ urhie, o rhi te ukuko na a gbe sa vwavwe aye-en, kidie ibunọ.
GEN_041_050|Tavwe rẹ ikpe rẹ owẹvwe na ki rhi te, Josẹf vwiẹ emeshare ivẹ nure, rẹ Asenat, rẹ ọmọtẹ ri Potifera rẹ orhere ri On, vwiẹ kẹ.|Tavwe rẹ ikpe rẹ owẹvwe na ki rhi te, Josẹf vwiẹ emeshare ivẹ nure, rẹ Asenat, rẹ ọmọtẹ ri Potifera rẹ orhere ri On, vwiẹ kẹ.
GEN_041_051|Josẹf de se odẹ rẹ ọwanra rọye na Manasse, Kidie, ọ tare nẹ, Ọghẹnẹ nẹrhẹ oja mẹ ejobi kugbe uwevwi mẹ chọ ovwẹ ẹro.|Josẹf de se odẹ rẹ ọwanra rọye na Manasse, Kidie, ọ tare nẹ, Ọghẹnẹ nẹrhẹ oja mẹ ejobi kugbe uwevwi mẹ chọ ovwẹ ẹro.
GEN_041_052|Odẹ rẹ ọrivẹ o de se Ifrem, Kidie Ọghẹnẹ ru vwe phihọ ọmiọvwọ vwẹ otọ rẹ ukpokpogho mẹ.|Odẹ rẹ ọrivẹ o de se Ifrem, Kidie Ọghẹnẹ ru vwe phihọ ọmiọvwọ vwẹ otọ rẹ ukpokpogho mẹ.
GEN_041_053|Ikpe ighwrẹ rẹ ororo na da rhe gba vwẹ otọ rẹ Ijipt na;|Ikpe ighwrẹ rẹ ororo na da rhe gba vwẹ otọ rẹ Ijipt na;
GEN_041_054|ikpe ighwrẹ rẹ owẹvwe na ra rhẹrẹ cha, kirobo ri Josẹf tare. Owẹvwe de rhi fi vwẹ irere efa, ẹkẹvuọvo emuọre da rhe vọn otọ rẹ Ijipt.|ikpe ighwrẹ rẹ owẹvwe na ra rhẹrẹ cha, kirobo ri Josẹf tare. Owẹvwe de rhi fi vwẹ irere efa, ẹkẹvuọvo emuọre da rhe vọn otọ rẹ Ijipt.
GEN_041_055|Ọke rẹ emuọre rẹ otọ rẹ Ijipt ejobi vwo re nu, ihwo na ejobi ki brenu rẹ emu hwe Fero, Fero da ta kẹ ihwo rẹ Ijipt, We bru Josẹf ra; obo rọ ta kẹ ovwan, we ru.|Ọke rẹ emuọre rẹ otọ rẹ Ijipt ejobi vwo re nu, ihwo na ejobi ki brenu rẹ emu hwe Fero, Fero da ta kẹ ihwo rẹ Ijipt, We bru Josẹf ra; obo rọ ta kẹ ovwan, we ru.
GEN_041_056|Ọke rẹ owẹvwe na rhi vwo fi ruo otọ na ejobi re, Josẹf de rhie evun rọye ejobi phihọ, ọ da shẹ emu kẹ ihwo rẹ Ijipt, fikiridie owẹvwe na ganre vwẹ otọ rẹ Ijipt na gangan.|Ọke rẹ owẹvwe na rhi vwo fi ruo otọ na ejobi re, Josẹf de rhie evun rọye ejobi phihọ, ọ da shẹ emu kẹ ihwo rẹ Ijipt, fikiridie owẹvwe na ganre vwẹ otọ rẹ Ijipt na gangan.
GEN_041_057|Ọrọmarho, ihwo rẹ akpọ na ejobi de kpo Ijipt bru Josẹf ra dẹ ọka, kidie owẹvwe na pha gangan vwẹ akpọ na ejobi.|Ọrọmarho, ihwo rẹ akpọ na ejobi de kpo Ijipt bru Josẹf ra dẹ ọka, kidie owẹvwe na pha gangan vwẹ akpọ na ejobi.
GEN_042_001|Ọke ri Jekọp vwo nyo nẹ ọka Ijipt, ọ da ta kẹ emọ rọye, Die ovwan ohwohwo vwo nẹ ohwo?|Ọke ri Jekọp vwo nyo nẹ ọka Ijipt, ọ da ta kẹ emọ rọye, Die ovwan ohwohwo vwo nẹ ohwo?
GEN_042_002|O da ta, Nighe, mi nyori nẹ ọka Ijipt, yanran wa ra dẹ ọka kẹ avwanre vwẹ oboyi, rere ma vwọ rhọ, re e je ghwo.|O da ta, Nighe, mi nyori nẹ ọka Ijipt, yanran wa ra dẹ ọka kẹ avwanre vwẹ oboyi, rere ma vwọ rhọ, re e je ghwo.
GEN_042_003|Kọye ihwe rẹ emesẹ ri Josẹf da yanran kpo Ijipt ra dẹ oka.|Kọye ihwe rẹ emesẹ ri Josẹf da yanran kpo Ijipt ra dẹ oka.
GEN_042_005|Kẹnẹ emọ rẹ Izrẹl yanran ra dẹ kugbe ihwo efa re je rhe dẹ, kidie owẹvwe na firi vwẹ otọ ri Kenan ejobi.|Kẹnẹ emọ rẹ Izrẹl yanran ra dẹ kugbe ihwo efa re je rhe dẹ, kidie owẹvwe na firi vwẹ otọ ri Kenan ejobi.
GEN_042_007|Josẹf da mrẹ emesẹ rọye na, o de vughe ayen, ẹkẹvuọvo o de ru ayen kiri erhorha ọ da ta ota gbaegbae kẹ ayen. Tivọ we nurhe? ọ da ta. Ayen da ta, Nẹ otọ ri Kenan rhe, re de emu.|Josẹf da mrẹ emesẹ rọye na, o de vughe ayen, ẹkẹvuọvo o de ru ayen kiri erhorha ọ da ta ota gbaegbae kẹ ayen. Tivọ we nurhe? ọ da ta. Ayen da ta, Nẹ otọ ri Kenan rhe, re de emu.
GEN_042_008|Kẹnẹ Josẹf vughe emesẹ rọye, ẹkẹvuọvo jẹn ayen vughire-e.|Kẹnẹ Josẹf vughe emesẹ rọye, ẹkẹvuọvo jẹn ayen vughire-e.
GEN_042_009|Josẹf da karohọ evwerhẹ rọ vwerhẹ kpahe ayen, ọ da ta kẹ ayen, Ovwan ogborhugborho, wa rhere re mrẹ ẹba rẹ otọ na.|Josẹf da karohọ evwerhẹ rọ vwerhẹ kpahe ayen, ọ da ta kẹ ayen, Ovwan ogborhugborho, wa rhere re mrẹ ẹba rẹ otọ na.
GEN_042_010|Ayen da ta kẹ, Ẹjo, ọrovwovwe, ẹkẹvuọvo e mu ọye idibo wẹn rhe dẹ.|Ayen da ta kẹ, Ẹjo, ọrovwovwe, ẹkẹvuọvo e mu ọye idibo wẹn rhe dẹ.
GEN_042_012|Ọ da ta kẹ ayen, Ẹjo, ẹba rẹ otọ na ọye ovwan rhe mrẹ.|Ọ da ta kẹ ayen, Ẹjo, ẹba rẹ otọ na ọye ovwan rhe mrẹ.
GEN_042_013|Ayen da ta, Avwanre, idibo wẹn, emesẹ ihwivẹ, emọ rẹ ọshare ọvo vwẹ otọ ri Kenan; gbe no, ọrẹ otete ejobi ọ vẹ ọsẹ rẹ avwanre obo uwevwi nonẹ na, ọro chekọ gbe herọ-ọ.|Ayen da ta, Avwanre, idibo wẹn, emesẹ ihwivẹ, emọ rẹ ọshare ọvo vwẹ otọ ri Kenan; gbe no, ọrẹ otete ejobi ọ vẹ ọsẹ rẹ avwanre obo uwevwi nonẹ na, ọro chekọ gbe herọ-ọ.
GEN_042_017|O de mu ayen phihọ uwodi ẹdẹ erha.|O de mu ayen phihọ uwodi ẹdẹ erha.
GEN_042_022|Rubẹn da kpahe kẹ ayen, Me ta kẹ ovwan dẹrhẹye nu we ruẹ umwemwu kpahe ọmọ na-a? Ẹkẹvuọvo wa davwerhọ-ọ. Etinẹ na ihri rẹ ọbara rọye kọye a ria mie avwanre na.|Rubẹn da kpahe kẹ ayen, Me ta kẹ ovwan dẹrhẹye nu we ruẹ umwemwu kpahe ọmọ na-a? Ẹkẹvuọvo wa davwerhọ-ọ. Etinẹ na ihri rẹ ọbara rọye kọye a ria mie avwanre na.
GEN_042_024|O de chuko ku ayen ọ da viẹ, ro vwo rhivwi rhe ọ da ta ota kẹ ayen. Ọ da reyọ Simiọn ọ da gba vwẹ irharo rayen.|O de chuko ku ayen ọ da viẹ, ro vwo rhivwi rhe ọ da ta ota kẹ ayen. Ọ da reyọ Simiọn ọ da gba vwẹ irharo rayen.
GEN_042_025|Josẹf da ta kẹ emọ nẹ a ghwẹ eka vọ ebo rayen, re ji kru igho rayen phihọ ebo kẹ ayen, ra je vwẹ emu kẹ ayen re ayen re vwẹ idjerhe. E de ru Ọnana kẹ ayen.|Josẹf da ta kẹ emọ nẹ a ghwẹ eka vọ ebo rayen, re ji kru igho rayen phihọ ebo kẹ ayen, ra je vwẹ emu kẹ ayen re ayen re vwẹ idjerhe. E de ru Ọnana kẹ ayen.
GEN_042_028|Ọ da ta kẹ emesẹ rọye, A rhoma kru igho mẹ phihọ unu rẹ ebo mẹ. Rẹ ayen vwo nyo Ọnana, ọfiavwe da fiavwe ayen, ayen ke phariẹ kẹ ohwohwo, tanẹ, Ọna kidie Ọghẹnẹ rhi ru kẹ avwanre na?|Ọ da ta kẹ emesẹ rọye, A rhoma kru igho mẹ phihọ unu rẹ ebo mẹ. Rẹ ayen vwo nyo Ọnana, ọfiavwe da fiavwe ayen, ayen ke phariẹ kẹ ohwohwo, tanẹ, Ọna kidie Ọghẹnẹ rhi ru kẹ avwanre na?
GEN_042_036|Jekọp rẹ ọsẹ rayen da ta kẹ ayen, We rhe mie vwe emọ mẹ hwere: Josẹf gbe herọ-ọ, Simiọn gbe herọ-ọ, ovwan nẹ wa jẹn reyọ Bẹnjamin; enana ejobi kẹ omẹvwẹ emiavwa na.|Jekọp rẹ ọsẹ rayen da ta kẹ ayen, We rhe mie vwe emọ mẹ hwere: Josẹf gbe herọ-ọ, Simiọn gbe herọ-ọ, ovwan nẹ wa jẹn reyọ Bẹnjamin; enana ejobi kẹ omẹvwẹ emiavwa na.
GEN_042_037|Rubẹn da ta kẹ ọsẹ rọye, Hwe emọ mẹ ivẹ suọ ọ da dianẹ Me gbe sa reyọ rhe we-e; phio phihọ obọ mẹ, ki mi vwo rhe we.|Rubẹn da ta kẹ ọsẹ rọye, Hwe emọ mẹ ivẹ suọ ọ da dianẹ Me gbe sa reyọ rhe we-e; phio phihọ obọ mẹ, ki mi vwo rhe we.
GEN_042_038|Ẹkẹvuọvo ọ da ta, Ọmọ mẹ che nene ovwan ra-a, kidie oniọvo rọye ghwuru, kẹ ọye ọvo ri chekọ. Emu de ruo vwẹ oyan rẹ ovwan cha ra na, ku wa reyọ ovwẹ vẹ esha vẹ uvweri rhi kpo ushi.|Ẹkẹvuọvo ọ da ta, Ọmọ mẹ che nene ovwan ra-a, kidie oniọvo rọye ghwuru, kẹ ọye ọvo ri chekọ. Emu de ruo vwẹ oyan rẹ ovwan cha ra na, ku wa reyọ ovwẹ vẹ esha vẹ uvweri rhi kpo ushi.
GEN_043_003|Ẹkẹvuọvo Juda da ta kẹ, Ohwo na kpokpa kẹ avwanre nẹ, jokpa nẹ ọmọsẹ wẹn na nene uwe.|Ẹkẹvuọvo Juda da ta kẹ, Ohwo na kpokpa kẹ avwanre nẹ, jokpa nẹ ọmọsẹ wẹn na nene uwe.
GEN_043_006|Izrẹl da ta, Die jabọ we vwo ru emu ogbegbo nana ru wa vwọ ta kẹ ohwo na nẹ we ji vwo ọmọsẹ ọfa?|Izrẹl da ta, Die jabọ we vwo ru emu ogbegbo nana ru wa vwọ ta kẹ ohwo na nẹ we ji vwo ọmọsẹ ọfa?
GEN_043_009|Me re esarobọ rọye; obọ mẹ wọ da nọ ekpẹn rọye; Ọ da dianẹ Me rha reyọ rhe re vwọ kẹ wẹ-ẹ, ko mẹvwẹ re ghwa abe rọye bẹdẹ,|Me re esarobọ rọye; obọ mẹ wọ da nọ ekpẹn rọye; Ọ da dianẹ Me rha reyọ rhe re vwọ kẹ wẹ-ẹ, ko mẹvwẹ re ghwa abe rọye bẹdẹ,
GEN_043_012|Wa ghwa ẹko re igho ivẹ nene oma, reyọ igho re dẹvọ re kru phihọ unu rẹ ibo rẹ ovwan na, ọkeọvo yẹ ọ cho ayen ẹro.|Wa ghwa ẹko re igho ivẹ nene oma, reyọ igho re dẹvọ re kru phihọ unu rẹ ibo rẹ ovwan na, ọkeọvo yẹ ọ cho ayen ẹro.
GEN_043_015|Kọye ihwo na da reyọ ọko na, ayen da reyọ igho na ẹko ivẹ na nene oma, kugbe Bẹnjamin; ayen de vrẹn yanran kpo Ijipt, ayen de mudia vwẹ obaro ri Josẹf.|Kọye ihwo na da reyọ ọko na, ayen da reyọ igho na ẹko ivẹ na nene oma, kugbe Bẹnjamin; ayen de vrẹn yanran kpo Ijipt, ayen de mudia vwẹ obaro ri Josẹf.
GEN_043_016|Ri Josẹf vwọ mrẹ Bẹnjamin vẹ ayen, ọ da ta kẹ omuemu rẹ uwevwi rọye, Reyọ ihwo na kpo obo uwevwi, hwe eranvwe vwo chere emu, kidie ihwo na vo vwẹ cha re emu oghẹruvo na.|Ri Josẹf vwọ mrẹ Bẹnjamin vẹ ayen, ọ da ta kẹ omuemu rẹ uwevwi rọye, Reyọ ihwo na kpo obo uwevwi, hwe eranvwe vwo chere emu, kidie ihwo na vo vwẹ cha re emu oghẹruvo na.
GEN_043_017|Ohwo na de ru kirobo ri Josẹf ta kẹ na, o da reyọ ihwo na rhe uwevwi ri Josẹf.|Ohwo na de ru kirobo ri Josẹf ta kẹ na, o da reyọ ihwo na rhe uwevwi ri Josẹf.
GEN_043_023|Ọ da kpahe, Wa ruẹ ẹnwa-an, wa djẹ oshọọ, Ọghẹnẹ rẹ ovwan kugbe Ọghẹnẹ rẹ esẹ rẹ ovwan ọye ri si efe nana nu vwẹ ibo na kẹ ovwan, Me reyọ igho rẹ ovwan. Ọ da reyọ Simiọn vwọ phia kẹ ayen.|Ọ da kpahe, Wa ruẹ ẹnwa-an, wa djẹ oshọọ, Ọghẹnẹ rẹ ovwan kugbe Ọghẹnẹ rẹ esẹ rẹ ovwan ọye ri si efe nana nu vwẹ ibo na kẹ ovwan, Me reyọ igho rẹ ovwan. Ọ da reyọ Simiọn vwọ phia kẹ ayen.
GEN_043_025|ayen da nabọ rhuẹrẹ ọko na kpahe bẹsiẹ ri Josẹf vwọ rhe vwẹ oghẹruvo, kidie ayen nyori nẹ ayen cha re emu vwẹ Etiyin.|ayen da nabọ rhuẹrẹ ọko na kpahe bẹsiẹ ri Josẹf vwọ rhe vwẹ oghẹruvo, kidie ayen nyori nẹ ayen cha re emu vwẹ Etiyin.
GEN_043_027|Ọ da nọ ekpẹn rẹ oma rayen, ọ da nọ, Oma rẹ ọsẹ wẹn dori, ọmare rẹ ovwan ta kẹ vwẹ na? Ọ jẹn akpọ?|Ọ da nọ ekpẹn rẹ oma rayen, ọ da nọ, Oma rẹ ọsẹ wẹn dori, ọmare rẹ ovwan ta kẹ vwẹ na? Ọ jẹn akpọ?
GEN_043_028|Ayen da kpahe, Odibo wẹn ọsẹ rẹ avwanre na oma rọye dori, ọ jẹn akpọ? Ayen de gbe uyovwi kpotọ ayen da vwarọ.|Ayen da kpahe, Odibo wẹn ọsẹ rẹ avwanre na oma rọye dori, ọ jẹn akpọ? Ayen de gbe uyovwi kpotọ ayen da vwarọ.
GEN_043_030|Etiyin Josẹf de bru okpakpa, kidie ọhoho rẹ oviẹ gbahọ udu fiki rẹ oniọvo rọye na, ọ da guọnọ asan rọ da viẹ. Ọ da ro uvun rọye ọ da viẹ.|Etiyin Josẹf de bru okpakpa, kidie ọhoho rẹ oviẹ gbahọ udu fiki rẹ oniọvo rọye na, ọ da guọnọ asan rọ da viẹ. Ọ da ro uvun rọye ọ da viẹ.
GEN_043_031|Ọ da hworhẹ opharo ọ da ro otafe; jẹ ochiri oma rọye ọ da ta, E ja jẹn emu rhe.|Ọ da hworhẹ opharo ọ da ro otafe; jẹ ochiri oma rọye ọ da ta, E ja jẹn emu rhe.
GEN_043_032|Ayen da jẹn emu rọye san, a da rha jẹn ọrayen san, ihwo rẹ Ijipt re vẹ ayen gba ria na a da rha jẹn ọrayen san, fiki rẹ ihwo rẹ Ijipt vẹ ihwo ri Hibru ria emu kuẹgbe-e, kidie ọye ẹgua kẹ ihwo rẹ Ijipt.|Ayen da jẹn emu rọye san, a da rha jẹn ọrayen san, ihwo rẹ Ijipt re vẹ ayen gba ria na a da rha jẹn ọrayen san, fiki rẹ ihwo rẹ Ijipt vẹ ihwo ri Hibru ria emu kuẹgbe-e, kidie ọye ẹgua kẹ ihwo rẹ Ijipt.
GEN_043_033|Ayen de tidia obaro rọye, ọkpọkpako kirobo rayen ghwote, ọmọmọ kirobo rẹ ayen boba te; o de gbe ihwo na unu ayen ohwohwo ki di nẹ ohwo.|Ayen de tidia obaro rọye, ọkpọkpako kirobo rayen ghwote, ọmọmọ kirobo rẹ ayen boba te; o de gbe ihwo na unu ayen ohwohwo ki di nẹ ohwo.
GEN_043_034|Imẹjẹ ri Josẹf kẹ Etiyin e de mu ẹkẹ emu rayen kẹ ayen, ẹkẹvuọvo ẹkẹ emu ri Bẹnjamin de bu te ọrayen ọvuọvo akuori. Etiyin ayen vọye da re da kugbe ghọghọ.|Imẹjẹ ri Josẹf kẹ Etiyin e de mu ẹkẹ emu rayen kẹ ayen, ẹkẹvuọvo ẹkẹ emu ri Bẹnjamin de bu te ọrayen ọvuọvo akuori. Etiyin ayen vọye da re da kugbe ghọghọ.
GEN_044_002|phi uko mẹ, uko rẹ idọnọ na, phihọ unu rẹ ebo rẹ ọrotete na kugbe igho rọ rhe vwọ dẹ ọka na. O de ru kirobo ra vuẹrẹ na.|phi uko mẹ, uko rẹ idọnọ na, phihọ unu rẹ ebo rẹ ọrotete na kugbe igho rọ rhe vwọ dẹ ọka na. O de ru kirobo ra vuẹrẹ na.
GEN_044_005|O dia ọna ọrovwovwe vwọ da ame, ọ je dia ọna o vwọ bọ epha? Ọna we ruru na we ru chọ gangan.|O dia ọna ọrovwovwe vwọ da ame, ọ je dia ọna o vwọ bọ epha? Ọna we ruru na we ru chọ gangan.
GEN_044_006|Rọ vwọ yan mu ayen nu, ọ da ta eta nana ke ayen.|Rọ vwọ yan mu ayen nu, ọ da ta eta nana ke ayen.
GEN_044_007|Ayen da ta ke, Die nẹrhẹ ọrovwovwe ta oghẹre re eta etiena? Idibo wẹn se ru oka re emu ọtiọna-a;|Ayen da ta ke, Die nẹrhẹ ọrovwovwe ta oghẹre re eta etiena? Idibo wẹn se ru oka re emu ọtiọna-a;
GEN_044_009|Obọ ri kohwo kohwo ru wọ da mrẹ, e jo ghwu, avwanre ri chekọ na ke dia eviẹn rẹ ọrovwovwe.|Obọ ri kohwo kohwo ru wọ da mrẹ, e jo ghwu, avwanre ri chekọ na ke dia eviẹn rẹ ọrovwovwe.
GEN_044_010|Ọ da ta, E jọ dia kirobo re wa tare na, ohwo ra mrẹrẹ vwẹ obo rọye kọ dia ọviẹn mẹ, otu ri chekọ ke riase.|Ọ da ta, E jọ dia kirobo re wa tare na, ohwo ra mrẹrẹ vwẹ obo rọye kọ dia ọviẹn mẹ, otu ri chekọ ke riase.
GEN_044_011|Etiyin ohwo ọvuọvo da rhan ebo rọye,|Etiyin ohwo ọvuọvo da rhan ebo rọye,
GEN_044_013|Ayen da bẹrẹ emwa rayen, ohwo ọvuọvo de kru oghwa kpahe ekẹtẹkẹtẹ rọye, ayen de rhivwi rhe obo orere na.|Ayen da bẹrẹ emwa rayen, ohwo ọvuọvo de kru oghwa kpahe ekẹtẹkẹtẹ rọye, ayen de rhivwi rhe obo orere na.
GEN_044_014|Ọke ri Juda vẹ emesẹ rọye rhi vwo te uwevwi ri Josẹf, yọ je Etiyin; ayen de diguẹ te otọ kẹ.|Ọke ri Juda vẹ emesẹ rọye rhi vwo te uwevwi ri Josẹf, yọ je Etiyin; ayen de diguẹ te otọ kẹ.
GEN_044_015|Josẹf da ta kẹ ayen, Didi emu we ruru na? Wa rha riẹn nẹ ohwo ọtio mẹvwẹ na sa mraro?|Josẹf da ta kẹ ayen, Didi emu we ruru na? Wa rha riẹn nẹ ohwo ọtio mẹvwẹ na sa mraro?
GEN_044_017|Ẹkẹvuọvo o da ta, Si ota yena nu oma mi se ru ọtiọye-e; Ohwo ra mrẹ uko na vwẹ obọ rọye ọye re dia ọviẹn mẹ; ẹkẹvuọvo vwọ kẹ wẹ, we kpo bru ọsẹ wẹn egberhẹnẹdẹ.|Ẹkẹvuọvo o da ta, Si ota yena nu oma mi se ru ọtiọye-e; Ohwo ra mrẹ uko na vwẹ obọ rọye ọye re dia ọviẹn mẹ; ẹkẹvuọvo vwọ kẹ wẹ, we kpo bru ọsẹ wẹn egberhẹnẹdẹ.
GEN_044_018|Juda da yanran bro o da ta, E ọrovwovwe, jẹn odibo wẹn, Me rẹ wẹ, dje ota nana phihọ erhọn rẹ ọrovwovwe, wo jẹ ophu wẹn tua kpahe odibo wẹ-ẹn; kidie okpuyovwi wẹn họhọ Fero.|Juda da yanran bro o da ta, E ọrovwovwe, jẹn odibo wẹn, Me rẹ wẹ, dje ota nana phihọ erhọn rẹ ọrovwovwe, wo jẹ ophu wẹn tua kpahe odibo wẹ-ẹn; kidie okpuyovwi wẹn họhọ Fero.
GEN_044_019|Ọrovwovwe nọ idibo rọye nẹ, We ji vwo ọsẹ, eyẹ ọmọsẹ?|Ọrovwovwe nọ idibo rọye nẹ, We ji vwo ọsẹ, eyẹ ọmọsẹ?
GEN_044_020|Avwanre da ta kẹ ọrovwovwe, Avwanre vwo ọsẹ, ọmare, kugbe ọmọsẹ otete, ọmọ re esha rọye; oniọvo rọye o ghwuru, ọye ọvo kọye ọmọ rẹ oni rọye ro chekọ; ivun rọye vwerha ọsẹ rọye gangan.|Avwanre da ta kẹ ọrovwovwe, Avwanre vwo ọsẹ, ọmare, kugbe ọmọsẹ otete, ọmọ re esha rọye; oniọvo rọye o ghwuru, ọye ọvo kọye ọmọ rẹ oni rọye ro chekọ; ivun rọye vwerha ọsẹ rọye gangan.
GEN_044_023|Etiyin wọ da ta kẹ idibo wẹn, jokpa ne ọmọsẹ rẹ ovwan rẹ otete na nene ovwan rhe-e, wa sa mrẹ opharo mẹ ọfa-a.|Etiyin wọ da ta kẹ idibo wẹn, jokpa ne ọmọsẹ rẹ ovwan rẹ otete na nene ovwan rhe-e, wa sa mrẹ opharo mẹ ọfa-a.
GEN_044_024|Me vwo rhivwi bru odibo wẹn ọsẹ mẹ, avwanre da ta ota na ejobi kẹ, ọrovwovwe.|Me vwo rhivwi bru odibo wẹn ọsẹ mẹ, avwanre da ta ota na ejobi kẹ, ọrovwovwe.
GEN_044_027|Etiyin odibo wẹn ọsẹ mẹ da ta kẹ avwanre, Wa riẹnre nẹ aye mẹ vwiẹ emọ ivẹ kẹ vwẹ,|Etiyin odibo wẹn ọsẹ mẹ da ta kẹ avwanre, Wa riẹnre nẹ aye mẹ vwiẹ emọ ivẹ kẹ vwẹ,
GEN_044_028|ọvo yan ju vwe vwo, Me da ta, Uyota eranvwe rerọ nure, Me je mrẹ te ọke na-a.|ọvo yan ju vwe vwo, Me da ta, Uyota eranvwe rerọ nure, Me je mrẹ te ọke na-a.
GEN_044_029|Ọ da dianẹ wa rhoma mie vwe Ọnana, emu de ruo, ẹro rẹ ọmọ mẹ na ko hwe vwe.|Ọ da dianẹ wa rhoma mie vwe Ọnana, emu de ruo, ẹro rẹ ọmọ mẹ na ko hwe vwe.
GEN_044_031|rọ da mrẹ nẹ ọmọ na rhe nene avwanre rhe-e, ko ghwu, idibo wẹn ki vwẹ ẹro mu odibo wẹn ọsẹ rẹ avwanre, ko ghwu vẹ oja.|rọ da mrẹ nẹ ọmọ na rhe nene avwanre rhe-e, ko ghwu, idibo wẹn ki vwẹ ẹro mu odibo wẹn ọsẹ rẹ avwanre, ko ghwu vẹ oja.
GEN_044_032|Odibo wẹn kọ re esarobọ rẹ ọmọ na kẹ ọsẹ mẹ tanẹ ọ da dianẹ Me rha reyọ ọmọ na rhe we-e, ke Me riabe rẹ ọsẹ mẹ vwẹ ẹdẹ rẹ akpọ mẹ ejobi.|Odibo wẹn kọ re esarobọ rẹ ọmọ na kẹ ọsẹ mẹ tanẹ ọ da dianẹ Me rha reyọ ọmọ na rhe we-e, ke Me riabe rẹ ọsẹ mẹ vwẹ ẹdẹ rẹ akpọ mẹ ejobi.
GEN_044_033|Vwẹ ọtiọye na, gbe jẹn odibo wẹn, Me rẹ wẹ, daji vwẹ ẹdia rẹ ọmọ na vwọ kẹ ọrovwovwe, Me dia ọviẹn kẹ wẹ rere ọmọ na vẹ emesẹ mẹ ri chekọ kpo.|Vwẹ ọtiọye na, gbe jẹn odibo wẹn, Me rẹ wẹ, daji vwẹ ẹdia rẹ ọmọ na vwọ kẹ ọrovwovwe, Me dia ọviẹn kẹ wẹ rere ọmọ na vẹ emesẹ mẹ ri chekọ kpo.
GEN_044_034|Komavọ mi se rhivwi bru ọsẹ mẹ rẹ ọmọ na gbi nene uvwe-e? Mi se yivwi mrẹ ughwu ro che hwe ọsẹ mẹ-ẹ.|Komavọ mi se rhivwi bru ọsẹ mẹ rẹ ọmọ na gbi nene uvwe-e? Mi se yivwi mrẹ ughwu ro che hwe ọsẹ mẹ-ẹ.
GEN_046_001|Etiyin Izrẹl de mu oyan te ọye te emu ro vwori ejobi, o de rhi te Bẹẹrsheba, o de ze izobo kẹ Ọghẹnẹ rẹ ọsẹ rọye Aizik.|Etiyin Izrẹl de mu oyan te ọye te emu ro vwori ejobi, o de rhi te Bẹẹrsheba, o de ze izobo kẹ Ọghẹnẹ rẹ ọsẹ rọye Aizik.
GEN_046_002|Ọghẹnẹ da ta ota kẹ Izrẹl vwẹ evwerhẹ vwẹ ason, ọ da ta, Jekọp, Jekọp o de nyo nẹ, Mẹvwẹ na.|Ọghẹnẹ da ta ota kẹ Izrẹl vwẹ evwerhẹ vwẹ ason, ọ da ta, Jekọp, Jekọp o de nyo nẹ, Mẹvwẹ na.
GEN_046_007|emọ rọye rẹ emeshare, kugbe emọ rẹ emọ rọye, emetẹ rọye kugbe emọ rẹ emetẹ rọye ejobi, uvwiẹ rọye ejobi vẹ ọye usun re gba rhe Ijipt.|emọ rọye rẹ emeshare, kugbe emọ rẹ emọ rọye, emetẹ rọye kugbe emọ rẹ emetẹ rọye ejobi, uvwiẹ rọye ejobi vẹ ọye usun re gba rhe Ijipt.
GEN_046_009|kugbe emọ ri Rubẹn: Hanọk, Pallu, Hezron, vi Karmi.|kugbe emọ ri Rubẹn: Hanọk, Pallu, Hezron, vi Karmi.
GEN_046_010|Emọ ri Simiọn Jemuel, Jamin, Ohad, Jakin, Zohar, vi Shaul ọmọ rẹ aye rẹ ohwo ri Kenan.|Emọ ri Simiọn Jemuel, Jamin, Ohad, Jakin, Zohar, vi Shaul ọmọ rẹ aye rẹ ohwo ri Kenan.
GEN_046_011|Emọ ri Livae; Gẹrshọn, Kohat, vi Merari.|Emọ ri Livae; Gẹrshọn, Kohat, vi Merari.
GEN_046_012|Emọ ri Juda: Ẹr, Ọnan, Shelah, Pẹrẹz, vi Zerah (ẹkẹvuọvo Ẹr vẹ Ọnan de ghwu vwẹ otọ ri Kenan); emọ ri Pẹrẹz ke rha Hezron vi Hamul.|Emọ ri Juda: Ẹr, Ọnan, Shelah, Pẹrẹz, vi Zerah (ẹkẹvuọvo Ẹr vẹ Ọnan de ghwu vwẹ otọ ri Kenan); emọ ri Pẹrẹz ke rha Hezron vi Hamul.
GEN_046_013|Emọ rẹ Isaka: Tola, Puvah, Jashub, kugbe Shimrọn.|Emọ rẹ Isaka: Tola, Puvah, Jashub, kugbe Shimrọn.
GEN_046_014|Emọ ri Zẹbulọn: Serẹd, Elọn, vi Jahleel|Emọ ri Zẹbulọn: Serẹd, Elọn, vi Jahleel
GEN_046_015|(enana emọ ri Leah, ro vwiẹ ki Jekọp vwi Padanaram, vi Dinah rẹ ọmọtẹ rọye; ayen ejobi te emeshare vẹ emetẹ rọye da dia ọgban gbẹ erha).|(enana emọ ri Leah, ro vwiẹ ki Jekọp vwi Padanaram, vi Dinah rẹ ọmọtẹ rọye; ayen ejobi te emeshare vẹ emetẹ rọye da dia ọgban gbẹ erha).
GEN_046_016|Emọ ri Gad: Zifion, Haggi, Shuni, Ezbon, Eri, Arodi, vi Areli.|Emọ ri Gad: Zifion, Haggi, Shuni, Ezbon, Eri, Arodi, vi Areli.
GEN_046_017|Emọ ri Asha; Imnah, Ishvah, Ishvi, Beriah, vi Serah rẹ oniọvo rọye. Emọ ri Beriah Heber vi Malkiel.|Emọ ri Asha; Imnah, Ishvah, Ishvi, Beriah, vi Serah rẹ oniọvo rọye. Emọ ri Beriah Heber vi Malkiel.
GEN_046_018|(Enana emọ ri Zilpah, ri Laban vwọ kẹ Leah rẹ ọmọtẹ rọye, enana keye o vwiẹ ki Jekọp ihwe gbẹ esan).|(Enana emọ ri Zilpah, ri Laban vwọ kẹ Leah rẹ ọmọtẹ rọye, enana keye o vwiẹ ki Jekọp ihwe gbẹ esan).
GEN_046_019|Emọ ri Rachel, rẹ aye ri Jekọp: Josẹf kugbe Bẹnjamin.|Emọ ri Rachel, rẹ aye ri Jekọp: Josẹf kugbe Bẹnjamin.
GEN_046_020|Vwẹ obo otọ rẹ Ijipt Josẹf de vwiẹ Manasse kugbe Ifrem, rẹ Asenath, rẹ ọmọtẹ ri Potifera re orherẹn ri On, vwiẹ kẹ.|Vwẹ obo otọ rẹ Ijipt Josẹf de vwiẹ Manasse kugbe Ifrem, rẹ Asenath, rẹ ọmọtẹ ri Potifera re orherẹn ri On, vwiẹ kẹ.
GEN_046_021|Emọ ri Bẹnjamin: Bẹla, Becher, Ashbel, Gera, Naaman, Ehi, Rosh, Muppim, Huppim, vẹ Ard|Emọ ri Bẹnjamin: Bẹla, Becher, Ashbel, Gera, Naaman, Ehi, Rosh, Muppim, Huppim, vẹ Ard
GEN_046_022|(enana emọ ri Rachel, ro vwiẹ ki Jekọp - ayen ejobi ihwo ihwẹne).|(enana emọ ri Rachel, ro vwiẹ ki Jekọp - ayen ejobi ihwo ihwẹne).
GEN_046_023|Emọ ri Dan: Hushim.|Emọ ri Dan: Hushim.
GEN_046_024|Emọ ri Naftali Jahzeel, Guni, Jezer, vi Shillem|Emọ ri Naftali Jahzeel, Guni, Jezer, vi Shillem
GEN_046_025|(enana emọ ri Bilhah, ri Laban vwọ ki Rachel ọmọtẹ rọye, enana keye o rhe vwiẹ ki Jekọp - ayen ihwo ighwrẹ).|(enana emọ ri Bilhah, ri Laban vwọ ki Rachel ọmọtẹ rọye, enana keye o rhe vwiẹ ki Jekọp - ayen ihwo ighwrẹ).
GEN_046_026|Ihwo ejobi ri Jekọp vwori re rhe otọ rẹ Ijipt, re dia emọ rẹ orhẹn rọye, e kere eya rẹ emọ ri Jekọp kugbe-e, ayen ejobi da dia ujorha gbẹ esan;|Ihwo ejobi ri Jekọp vwori re rhe otọ rẹ Ijipt, re dia emọ rẹ orhẹn rọye, e kere eya rẹ emọ ri Jekọp kugbe-e, ayen ejobi da dia ujorha gbẹ esan;
GEN_046_027|emọ ri Josẹf, ro vwiẹri vwẹ Ijipt, da dia ivẹ, ihwo rẹ uwevwi ri Jekọp ejobi re rhe otọ rẹ Ijipt da dia ujorha gbẹ ihwe.|emọ ri Josẹf, ro vwiẹri vwẹ Ijipt, da dia ivẹ, ihwo rẹ uwevwi ri Jekọp ejobi re rhe otọ rẹ Ijipt da dia ujorha gbẹ ihwe.
GEN_046_029|Etiyin Josẹf da rhuẹrẹ idjighere rọye ọ da ra vwa Izrẹl ọsẹ rọye vwi Goshẹn: ọ da vwẹ oma nẹ, o da gbanọ ohọre, ọ da viẹ kuo ohọre krekri.|Etiyin Josẹf da rhuẹrẹ idjighere rọye ọ da ra vwa Izrẹl ọsẹ rọye vwi Goshẹn: ọ da vwẹ oma nẹ, o da gbanọ ohọre, ọ da viẹ kuo ohọre krekri.
GEN_046_030|Izrẹl da ta ki Josẹf, Asakiephana gbe ju vwe ghwu, re Me vwọ mrẹ opharo wẹn nure na, Me ke rha riẹn nẹ wọ je akpọ.|Izrẹl da ta ki Josẹf, Asakiephana gbe ju vwe ghwu, re Me vwọ mrẹ opharo wẹn nure na, Me ke rha riẹn nẹ wọ je akpọ.
GEN_046_031|Josẹf da ta kẹ emesẹ rọye, kugbe evwruwevwi rayen, Me yanran re Me ra vuẹ Fero, re Me ta kẹ nẹ, Ọsẹ mẹ vẹ emesẹ mẹ vẹ evwruwevwi rayen ejobi, re otọ ri Kenan bru vwe rhe,|Josẹf da ta kẹ emesẹ rọye, kugbe evwruwevwi rayen, Me yanran re Me ra vuẹ Fero, re Me ta kẹ nẹ, Ọsẹ mẹ vẹ emesẹ mẹ vẹ evwruwevwi rayen ejobi, re otọ ri Kenan bru vwe rhe,
GEN_046_032|ihwo na ichuru igodẹ ayen ruẹ, kidie uchuru ayen churẹ, ayen je ghwa uchuru rayen rhe, te eranvwe rayen, kugbe obo rẹ ayen vwori ejobi.|ihwo na ichuru igodẹ ayen ruẹ, kidie uchuru ayen churẹ, ayen je ghwa uchuru rayen rhe, te eranvwe rayen, kugbe obo rẹ ayen vwori ejobi.
GEN_046_033|Ọke ri Fero de se we, rọ da tanẹ, Didi iruo ovwan ruẹ?|Ọke ri Fero de se we, rọ da tanẹ, Didi iruo ovwan ruẹ?
GEN_046_034|ku wo tanẹ, Idibo wẹn eranvwe ichurẹ nẹ ọke-emọ rhe ri te ọke na, te avwanre te ese rẹ avwanre, rere wa mrasa dia otọ ri Goshẹn na, kidie osuigodẹ kosuigodẹ ẹgua kẹ ihwo rẹ Ijipt.|ku wo tanẹ, Idibo wẹn eranvwe ichurẹ nẹ ọke-emọ rhe ri te ọke na, te avwanre te ese rẹ avwanre, rere wa mrasa dia otọ ri Goshẹn na, kidie osuigodẹ kosuigodẹ ẹgua kẹ ihwo rẹ Ijipt.
GEN_047_001|Etiyin Josẹf da yanran ra ta ki Fero, Ọsẹ mẹ vẹ emesẹ mẹ vẹ uchuru rayen vẹ eranvwe kugbe eyere rayen ejobi, nẹ otọ ri Kenan rhire, ayen obi Goshẹn Asakiephana.|Etiyin Josẹf da yanran ra ta ki Fero, Ọsẹ mẹ vẹ emesẹ mẹ vẹ uchuru rayen vẹ eranvwe kugbe eyere rayen ejobi, nẹ otọ ri Kenan rhire, ayen obi Goshẹn Asakiephana.
GEN_047_003|Fero da ta kẹ emesẹ rọye, Didi iruo we ruẹ? Aye da kpahe ki Fero, Idibo wẹn isuigodẹ kirobo rẹ esẹ rẹ avwanre ruru.|Fero da ta kẹ emesẹ rọye, Didi iruo we ruẹ? Aye da kpahe ki Fero, Idibo wẹn isuigodẹ kirobo rẹ esẹ rẹ avwanre ruru.
GEN_047_004|Ayen da ta ki Fero, Avwanre rhe ukane vwẹ otọ na, kidie a rha mrẹ egbri vwọ kẹ igodẹ rẹ idibo wẹ-ẹn, fiki rẹ owẹvwe na ganọ vwẹ obo otọ ri Kenan, Asakiephana avwanre rẹ wẹ, jẹn idibo wẹn dia otọ ri Goshẹn na.|Ayen da ta ki Fero, Avwanre rhe ukane vwẹ otọ na, kidie a rha mrẹ egbri vwọ kẹ igodẹ rẹ idibo wẹ-ẹn, fiki rẹ owẹvwe na ganọ vwẹ obo otọ ri Kenan, Asakiephana avwanre rẹ wẹ, jẹn idibo wẹn dia otọ ri Goshẹn na.
GEN_047_005|Etiyin Fero da ta ki Josẹf, Ọsẹ wẹn vẹ emesẹ wẹn bru vwe rhe.|Etiyin Fero da ta ki Josẹf, Ọsẹ wẹn vẹ emesẹ wẹn bru vwe rhe.
GEN_047_007|Josẹf da reyọ ọsẹ rọye Jekọp rhe o de mudia vwẹ obaro ri Fero, Jekọp da nẹ ẹrhovwo ki Fero.|Josẹf da reyọ ọsẹ rọye Jekọp rhe o de mudia vwẹ obaro ri Fero, Jekọp da nẹ ẹrhovwo ki Fero.
GEN_047_008|Fero da ta ki Jekọp, Bro ikpe wọ dia akpọ re?|Fero da ta ki Jekọp, Bro ikpe wọ dia akpọ re?
GEN_047_009|Jekọp da ta ki Fero, Me akpọ ikpe ujosan gbẹ ihwe re, ehahavwe e ke je vọn vẹ ọdjarhe, vwẹ enana ejobi na Me je tọn te esẹ mẹ-ẹ.|Jekọp da ta ki Fero, Me akpọ ikpe ujosan gbẹ ihwe re, ehahavwe e ke je vọn vẹ ọdjarhe, vwẹ enana ejobi na Me je tọn te esẹ mẹ-ẹ.
GEN_047_011|Etiyin Josẹf da vwẹ asan kẹ ọsẹ rọye vẹ emesẹ rọye dia, ọ da ghare ẹkẹn kẹ ayen vwẹ otọ rẹ Ijipt, asan ro Me yovwi vwẹ otọ na, vwẹ otọ ri Ramsis, kirobo ri Fero dje kẹ.|Etiyin Josẹf da vwẹ asan kẹ ọsẹ rọye vẹ emesẹ rọye dia, ọ da ghare ẹkẹn kẹ ayen vwẹ otọ rẹ Ijipt, asan ro Me yovwi vwẹ otọ na, vwẹ otọ ri Ramsis, kirobo ri Fero dje kẹ.
GEN_047_012|Josẹf kọye re ghẹrẹ ọsẹ rọye vẹ emesẹ rọye kugbe evwruwevwi rẹ ọsẹ rọye ejobi, ọtiobo rẹ unu re ria emu vwẹ uwevwi rayen bute.|Josẹf kọye re ghẹrẹ ọsẹ rọye vẹ emesẹ rọye kugbe evwruwevwi rẹ ọsẹ rọye ejobi, ọtiobo rẹ unu re ria emu vwẹ uwevwi rayen bute.
GEN_047_013|Asakiephana emuọre rha otọ na ejobi-i, kidie owẹvwe na firi gangan, etiọye na te otọ rẹ Ijipt vẹ otọ ri Kenan de rhi vwioro ku fiki rẹ owẹvwe na.|Asakiephana emuọre rha otọ na ejobi-i, kidie owẹvwe na firi gangan, etiọye na te otọ rẹ Ijipt vẹ otọ ri Kenan de rhi vwioro ku fiki rẹ owẹvwe na.
GEN_047_014|Josẹf de koko igho ra mrẹre vwẹ otọ re Ijipt na ejobi kugbe otọ ri Kenan na ejobi, igho rẹ ọka ra dẹre, Josẹf da ghwẹ igho na phihọ uwevwi ri Fero.|Josẹf de koko igho ra mrẹre vwẹ otọ re Ijipt na ejobi kugbe otọ ri Kenan na ejobi, igho rẹ ọka ra dẹre, Josẹf da ghwẹ igho na phihọ uwevwi ri Fero.
GEN_047_016|Josẹf da kpahe, Kẹ vwẹ uchuru wẹn, ki mi vwẹ emuọre wene uchuru na kẹ wẹ, o da dianẹ igho wẹn reri.|Josẹf da kpahe, Kẹ vwẹ uchuru wẹn, ki mi vwẹ emuọre wene uchuru na kẹ wẹ, o da dianẹ igho wẹn reri.
GEN_047_017|Etiyin ayen da ghwẹ uchuru rayen rhe Josẹf; Josẹf da vwẹ emuọre wene iyesi, igodẹ, uchuru vẹ ekẹtẹkẹtẹ rayen, ọ da vwẹ emu wene uchuru rayen ejobi ukpe yena.|Etiyin ayen da ghwẹ uchuru rayen rhe Josẹf; Josẹf da vwẹ emuọre wene iyesi, igodẹ, uchuru vẹ ekẹtẹkẹtẹ rayen, ọ da vwẹ emu wene uchuru rayen ejobi ukpe yena.
GEN_047_020|Ọtiọye na Josẹf da dẹ etọ rẹ Ijipt vwọ ki Fero, kidie ihwo rẹ Ijipt ejobi shẹ etọ rayen re, fiki rẹ owẹvwe na firi gangan. Etọ na ejobi ke ri Fero,|Ọtiọye na Josẹf da dẹ etọ rẹ Ijipt vwọ ki Fero, kidie ihwo rẹ Ijipt ejobi shẹ etọ rayen re, fiki rẹ owẹvwe na firi gangan. Etọ na ejobi ke ri Fero,
GEN_047_021|vwọ kẹ irere na, ọ da vwẹ ayen ru eviẹn nẹ oba rẹ Ijipt ọvo re te ọrivẹ.|vwọ kẹ irere na, ọ da vwẹ ayen ru eviẹn nẹ oba rẹ Ijipt ọvo re te ọrivẹ.
GEN_047_022|Etọ rẹ irherẹn ọvo ọye o jẹ dẹ; kidie irherẹn na vwo uchosa ri Fero hwa kẹ ayen: fiki rẹ ọtiọye na ayen gbe shẹ etọ rayen.|Etọ rẹ irherẹn ọvo ọye o jẹ dẹ; kidie irherẹn na vwo uchosa ri Fero hwa kẹ ayen: fiki rẹ ọtiọye na ayen gbe shẹ etọ rayen.
GEN_047_023|Etiyin Josẹf da ta kẹ ihwo na, Nighe, nonẹ na Me dẹ ovwan vẹ etọ rẹ ovwan vwọ ki Fero. Enana ibi rẹ emamọ na, ovwan gba kọn otọ na.|Etiyin Josẹf da ta kẹ ihwo na, Nighe, nonẹ na Me dẹ ovwan vẹ etọ rẹ ovwan vwọ ki Fero. Enana ibi rẹ emamọ na, ovwan gba kọn otọ na.
GEN_047_024|Vwẹ ọke orhọ we gbe toro akuori vwọ ki Fero, akuẹne ri chekọ ke re ovwan, kẹ Etiyin wa da re kugbe Etiyin wa da je kọn, Etiyin uwevwi rẹ ovwan da re kugbe imitete rẹ ovwan ejobi.|Vwẹ ọke orhọ we gbe toro akuori vwọ ki Fero, akuẹne ri chekọ ke re ovwan, kẹ Etiyin wa da re kugbe Etiyin wa da je kọn, Etiyin uwevwi rẹ ovwan da re kugbe imitete rẹ ovwan ejobi.
GEN_047_025|Ayen da ta, Wo Sivwi avwanre nure, gbe je o je ọrovwovwe, avwanre ke dia eviẹn ri Fero.|Ayen da ta, Wo Sivwi avwanre nure, gbe je o je ọrovwovwe, avwanre ke dia eviẹn ri Fero.
GEN_047_026|Ọtiọye Josẹf vwi ro ru urhi vwẹ otọ rẹ Ijipt, urhi na ji mudia rhi te nonẹ, nẹ, Fero gbe vwo akuori rẹ orhọ, otọ rẹ irherẹn na ọvo kọye je ọ ri Fero ẹdia.|Ọtiọye Josẹf vwi ro ru urhi vwẹ otọ rẹ Ijipt, urhi na ji mudia rhi te nonẹ, nẹ, Fero gbe vwo akuori rẹ orhọ, otọ rẹ irherẹn na ọvo kọye je ọ ri Fero ẹdia.
GEN_047_028|Jekọp da dia otọ rẹ Ijipt ikpe ihwe gbẹ ighwrẹ; ọtiọye ẹdẹ ri Jekọp, kugbe ikpe rọ tọn te da dia ikpe ujughwrẹ gbẹ ighwrẹ|Jekọp da dia otọ rẹ Ijipt ikpe ihwe gbẹ ighwrẹ; ọtiọye ẹdẹ ri Jekọp, kugbe ikpe rọ tọn te da dia ikpe ujughwrẹ gbẹ ighwrẹ
GEN_047_030|ẹkẹvuọvo shi vwe kẹrẹ esẹ mẹ, mu vwe nẹ Ijipt rere wo shi vwe phihọ ogbẹ rayen. O da kpahe nẹ, Mi ru kirobo wọ tare.|ẹkẹvuọvo shi vwe kẹrẹ esẹ mẹ, mu vwe nẹ Ijipt rere wo shi vwe phihọ ogbẹ rayen. O da kpahe nẹ, Mi ru kirobo wọ tare.
GEN_048_001|Rẹ Ọnana vwọ wan nu ka ta ki Josẹf nẹ, Nighe, ọsẹ wẹn herọ mwa, Etiyin ọ da reyọ emọ rọye ivẹ, Manasse vẹ Ifrem|Rẹ Ọnana vwọ wan nu ka ta ki Josẹf nẹ, Nighe, ọsẹ wẹn herọ mwa, Etiyin ọ da reyọ emọ rọye ivẹ, Manasse vẹ Ifrem
GEN_048_002|Ka vuẹ Jekọp nẹ, Ọmọ wẹn Josẹf rhe mrẹ wẹ; Etiyin Izrẹl da vwẹ ẹgbẹgba vrẹn, o de Tidia ehwa.|Ka vuẹ Jekọp nẹ, Ọmọ wẹn Josẹf rhe mrẹ wẹ; Etiyin Izrẹl da vwẹ ẹgbẹgba vrẹn, o de Tidia ehwa.
GEN_048_004|ọ da ta kẹ vwẹ, Nighe, mi ru we ogbaọmiovwọ, ki mi ru we bu, ki mi ru we urogho rẹ ihwo, ke Me vwẹ otọ na kẹ uvwiẹ wẹn rọ cha vwẹ obuko wẹ re ọ dia ẹkẹn rayen bẹdẹ.|ọ da ta kẹ vwẹ, Nighe, mi ru we ogbaọmiovwọ, ki mi ru we bu, ki mi ru we urogho rẹ ihwo, ke Me vwẹ otọ na kẹ uvwiẹ wẹn rọ cha vwẹ obuko wẹ re ọ dia ẹkẹn rayen bẹdẹ.
GEN_048_005|Asakiephana emọ wẹn ivẹ na, ru wo vwẹriẹ vwẹ otọ rẹ Ijipt na tavwe re Me ke rhe Ijipt na, e mẹ; Ifrem vi Manasse ke dia e mẹ, kirobo ri Rubẹn vi Simiọn epha.|Asakiephana emọ wẹn ivẹ na, ru wo vwẹriẹ vwẹ otọ rẹ Ijipt na tavwe re Me ke rhe Ijipt na, e mẹ; Ifrem vi Manasse ke dia e mẹ, kirobo ri Rubẹn vi Simiọn epha.
GEN_048_007|Kidie ọke mi vwo nẹ Padan cha, Rachel da va vwẹ abọ ghwu vwẹ otọ ri Kenan vwẹ idjerhe, yẹ asan na vẹ Ephrat ji oshesheri, mi de sho vwẹ idjerhe rẹ Ephrat (kọye Bẹtlẹhẹm).|Kidie ọke mi vwo nẹ Padan cha, Rachel da va vwẹ abọ ghwu vwẹ otọ ri Kenan vwẹ idjerhe, yẹ asan na vẹ Ephrat ji oshesheri, mi de sho vwẹ idjerhe rẹ Ephrat (kọye Bẹtlẹhẹm).
GEN_048_008|Ọke rẹ Izrẹl vwọ mrẹ emọ ri Josẹf, ọ da ta, Ena amono?|Ọke rẹ Izrẹl vwọ mrẹ emọ ri Josẹf, ọ da ta, Ena amono?
GEN_048_009|Josẹf da ta kẹ ọsẹ rọye, Ena emọ mẹ, rẹ Ọghẹnẹ vwọ kẹ vwẹ etinẹ. Ọ da ta kẹ, Reyọ ayen rhe vwe, Me rẹ wẹ, rere Me nẹ ẹrhovwo kẹ ayen.|Josẹf da ta kẹ ọsẹ rọye, Ena emọ mẹ, rẹ Ọghẹnẹ vwọ kẹ vwẹ etinẹ. Ọ da ta kẹ, Reyọ ayen rhe vwe, Me rẹ wẹ, rere Me nẹ ẹrhovwo kẹ ayen.
GEN_048_010|Asakiephana ẹro rẹ Izrẹl djeri fiki rẹ oghwo, o gbi jọ mrẹrẹ-ẹ. Etiyin Josẹf da reyọ ayen kẹrẹ; ọ da fiọnfiọn ayen unu ọ da gbanọ ayen.|Asakiephana ẹro rẹ Izrẹl djeri fiki rẹ oghwo, o gbi jọ mrẹrẹ-ẹ. Etiyin Josẹf da reyọ ayen kẹrẹ; ọ da fiọnfiọn ayen unu ọ da gbanọ ayen.
GEN_048_011|Izrẹl da ta ki Josẹf, Mi gbi roro jovwo nẹ Me mrẹ opharo wẹn vẹrhe-e, gbe nighere, Ọghẹnẹ kọye jabọ Me sa vwọ mrẹ emọ wẹn rhe.|Izrẹl da ta ki Josẹf, Mi gbi roro jovwo nẹ Me mrẹ opharo wẹn vẹrhe-e, gbe nighere, Ọghẹnẹ kọye jabọ Me sa vwọ mrẹ emọ wẹn rhe.
GEN_048_012|Etiyin Josẹf de mu ayen nẹ igbo rọye, o de diguẹ bọvwọ opharo rhu otọ.|Etiyin Josẹf de mu ayen nẹ igbo rọye, o de diguẹ bọvwọ opharo rhu otọ.
GEN_048_013|Josẹf da reyọ ayen ivẹ na, Ifrem da obọrhe rọye kọye obọhwẹre rẹ Izrẹl, Manasse da obọhwẹre rọye kọye obọrhe rẹ Izrẹl, o de si ayen kẹrẹ.|Josẹf da reyọ ayen ivẹ na, Ifrem da obọrhe rọye kọye obọhwẹre rẹ Izrẹl, Manasse da obọhwẹre rọye kọye obọrhe rẹ Izrẹl, o de si ayen kẹrẹ.
GEN_048_014|Izrẹl da riẹn obọrhe rọye vwọ kpahe Ifrem uyovwi, rọ dia omotete, ọ da ghwẹ obọhwẹre rọye kpahe uyovwi ri Manasse ọ da vwẹ obọ wan ohwohwo, kidie Manasse ọye ọwanra.|Izrẹl da riẹn obọrhe rọye vwọ kpahe Ifrem uyovwi, rọ dia omotete, ọ da ghwẹ obọhwẹre rọye kpahe uyovwi ri Manasse ọ da vwẹ obọ wan ohwohwo, kidie Manasse ọye ọwanra.
GEN_048_015|Ọ nẹ ẹrhovwo ki Josẹf, ọ da ta, Ọghẹnẹ rẹ Ebraham vẹ Aizik rẹ esẹ mẹ yan nene, Ọghẹnẹ ro sun vwe vwẹ akpọ mẹ rhi te nonẹ,|Ọ nẹ ẹrhovwo ki Josẹf, ọ da ta, Ọghẹnẹ rẹ Ebraham vẹ Aizik rẹ esẹ mẹ yan nene, Ọghẹnẹ ro sun vwe vwẹ akpọ mẹ rhi te nonẹ,
GEN_048_016|amakashe rọ tan vwẹ nẹ idẹbono ejobi, bruphihọ kẹ emọ nana; jẹn odẹ mẹ wan oma rayen va phia, kugbe odẹ rẹ esẹ mẹ Ebraham vẹ Aizik; jẹn ayen bu phihọ ẹgborho vwẹ enu rẹ akpọ na.|amakashe rọ tan vwẹ nẹ idẹbono ejobi, bruphihọ kẹ emọ nana; jẹn odẹ mẹ wan oma rayen va phia, kugbe odẹ rẹ esẹ mẹ Ebraham vẹ Aizik; jẹn ayen bu phihọ ẹgborho vwẹ enu rẹ akpọ na.
GEN_048_018|Josẹf da ta kẹ ọsẹ rọye, Ọ dia ọtiọye-e, baba, fikiridie Ọnana ọye ọmọkpako, Ghwẹ obọrhe wẹn kpahe uyovwi rọye.|Josẹf da ta kẹ ọsẹ rọye, Ọ dia ọtiọye-e, baba, fikiridie Ọnana ọye ọmọkpako, Ghwẹ obọrhe wẹn kpahe uyovwi rọye.
GEN_048_019|Ẹkẹvuọvo ọsẹ rọye da sen tanẹ, Me riẹnre mọmẹ, Me riẹnre, okpuyovwi rọye je cha dia ohwo rhe, ọ je cha rho; dede na oniọvo rọye rẹ otete na cha rhonọ, uvwiẹ rọye che hirhe ẹgborho rode.|Ẹkẹvuọvo ọsẹ rọye da sen tanẹ, Me riẹnre mọmẹ, Me riẹnre, okpuyovwi rọye je cha dia ohwo rhe, ọ je cha rho; dede na oniọvo rọye rẹ otete na cha rhonọ, uvwiẹ rọye che hirhe ẹgborho rode.
GEN_048_020|Ọtiọye kọye ọ nẹ ẹrhovwo kẹ ayen vwẹ ẹdẹ yena tanẹ, Oma wẹ yẹ Izrẹl wan nẹ ẹrhovwo tanẹ, Ọghẹnẹ ru we kiri Ifrem vi Manasse; kẹ etiọye ọ vwẹ Ifrem ka obaro ki Manasse.|Ọtiọye kọye ọ nẹ ẹrhovwo kẹ ayen vwẹ ẹdẹ yena tanẹ, Oma wẹ yẹ Izrẹl wan nẹ ẹrhovwo tanẹ, Ọghẹnẹ ru we kiri Ifrem vi Manasse; kẹ etiọye ọ vwẹ Ifrem ka obaro ki Manasse.
GEN_048_021|Etiyin Izrẹl da ta ki Josẹf, Nighe, mi muegbe rẹ ughwu re, ẹkẹvuọvo Ọghẹnẹ nene uwe dia, rọ je vwo wẹ rhivwi rhi te otọ rẹ esẹ wẹn.|Etiyin Izrẹl da ta ki Josẹf, Nighe, mi muegbe rẹ ughwu re, ẹkẹvuọvo Ọghẹnẹ nene uwe dia, rọ je vwo wẹ rhivwi rhi te otọ rẹ esẹ wẹn.
GEN_050_001|Josẹf da gbanọ ọsẹ rọye ọ da vwẹ opharo te, ọ da viẹ, ọ da fiọnfiọn.|Josẹf da gbanọ ọsẹ rọye ọ da vwẹ opharo te, ọ da viẹ, ọ da fiọnfiọn.
GEN_050_002|Josẹf da kẹ idibo rọye rẹ ẹbo nẹ ayen vwẹ umwu pharọ orivwi rẹ ọsẹ rọye Ọtiọye na ẹbo na da pharọ orivwi rẹ Izrẹl,|Josẹf da kẹ idibo rọye rẹ ẹbo nẹ ayen vwẹ umwu pharọ orivwi rẹ ọsẹ rọye Ọtiọye na ẹbo na da pharọ orivwi rẹ Izrẹl,
GEN_050_003|ẹdẹ ujuvẹ eruo, kidie ekuakua ra vwọ pharọ pha buebu. Ihwo rẹ Ijipt na da viẹ ẹdẹ ujorha gbẹ ihwe.|ẹdẹ ujuvẹ eruo, kidie ekuakua ra vwọ pharọ pha buebu. Ihwo rẹ Ijipt na da viẹ ẹdẹ ujorha gbẹ ihwe.
GEN_050_004|Ẹdẹ rẹ uvweri na ejobi vwọ ghwiẹ nu, Josẹf da ta kẹ ekru ri Fero nẹ, Ọ da dianẹ ivun mẹ vwerhe ovwan, gba ta, Me rẹ wẹ, ki Fero nyo nẹ,|Ẹdẹ rẹ uvweri na ejobi vwọ ghwiẹ nu, Josẹf da ta kẹ ekru ri Fero nẹ, Ọ da dianẹ ivun mẹ vwerhe ovwan, gba ta, Me rẹ wẹ, ki Fero nyo nẹ,
GEN_050_006|Fero da kpahe kẹ, Yanran re shi ọsẹ wẹn, kirobo rọ tanẹ wo duvwu iyori kẹ ọye na.|Fero da kpahe kẹ, Yanran re shi ọsẹ wẹn, kirobo rọ tanẹ wo duvwu iyori kẹ ọye na.
GEN_050_007|Kọye Josẹf da yanran re shi ọsẹ rọye, idibo ri Fero ejobi de nene yanran, kugbe ekpako rẹ Ijipt ejobi,|Kọye Josẹf da yanran re shi ọsẹ rọye, idibo ri Fero ejobi de nene yanran, kugbe ekpako rẹ Ijipt ejobi,
GEN_050_008|etiọye ji te uwevwi ri Josẹf, emesẹ rọye, kugbe uwevwi rẹ ọsẹ rọye ejobi, jokpa rẹ imitete na ọvo, uchuru rayen, vẹ eranvwe rayen ọvo ri chekọ vwi Goshẹn.|etiọye ji te uwevwi ri Josẹf, emesẹ rọye, kugbe uwevwi rẹ ọsẹ rọye ejobi, jokpa rẹ imitete na ọvo, uchuru rayen, vẹ eranvwe rayen ọvo ri chekọ vwi Goshẹn.
GEN_050_009|Te idjighere rẹ ofovwi te iyesi vẹ otu re gua iyi nenire, usun grogro rọghọ rọghọ.|Te idjighere rẹ ofovwi te iyesi vẹ otu re gua iyi nenire, usun grogro rọghọ rọghọ.
GEN_050_010|Rẹ ayen rhi vwo te uwevwi rẹ ewunye rẹ Atad, rọ abọ oboyi ri Jọdan, Etiyin ayen da viẹ oviẹ rode, oviẹ rẹ uvwerhe, o de muomahọ urhughwrẹ soso vwọ ke ọsẹ rọye.|Rẹ ayen rhi vwo te uwevwi rẹ ewunye rẹ Atad, rọ abọ oboyi ri Jọdan, Etiyin ayen da viẹ oviẹ rode, oviẹ rẹ uvwerhe, o de muomahọ urhughwrẹ soso vwọ ke ọsẹ rọye.
GEN_050_013|kidie emọ rọye muro rhe otọ ri Kenan, ayen de rhi sho phihọ ẹmwa rọ aghwa ri Mak-pela, rọ obọrhe ri Mamre, rẹ Ebraham dẹre kugbe udju mie Efrọn ohwo ri Hẹt, rọ dia ẹkẹn rẹ ogbẹ.|kidie emọ rọye muro rhe otọ ri Kenan, ayen de rhi sho phihọ ẹmwa rọ aghwa ri Mak-pela, rọ obọrhe ri Mamre, rẹ Ebraham dẹre kugbe udju mie Efrọn ohwo ri Hẹt, rọ dia ẹkẹn rẹ ogbẹ.
GEN_050_014|Ro vwo shi ọsẹ rọye nu. Josẹf de rhivwi kpo Ijipt vẹ emesẹ rọye kugbe ihwo ejobi ri nenire ra re shi ọsẹ rọye.|Ro vwo shi ọsẹ rọye nu. Josẹf de rhivwi kpo Ijipt vẹ emesẹ rọye kugbe ihwo ejobi ri nenire ra re shi ọsẹ rọye.
GEN_050_015|Ọke rẹ emesẹ ri Josẹf vwọ mrẹ nẹ ọsẹ rayen ghwure, ayen da ta, Ọke ọvo evun rẹ avwanre Me rhoma ri miovwo Josẹf, ọ Me rhe hwosa rẹ imwemwu ri Me ruro kẹ avwanre.|Ọke rẹ emesẹ ri Josẹf vwọ mrẹ nẹ ọsẹ rayen ghwure, ayen da ta, Ọke ọvo evun rẹ avwanre Me rhoma ri miovwo Josẹf, ọ Me rhe hwosa rẹ imwemwu ri Me ruro kẹ avwanre.
GEN_050_018|Emesẹ rọye na ọvo da yan rhe ri shiguẹ kẹ, ayen da ta, Nighe, avwanre idibo wẹn.|Emesẹ rọye na ọvo da yan rhe ri shiguẹ kẹ, ayen da ta, Nighe, avwanre idibo wẹn.
GEN_050_019|Ẹkẹvuọvo Josẹf da ta kẹ ayen, Wa djẹ oshọ-ọ fikiridie kẹ ẹdia rẹ Ọghẹnẹ mi epha?|Ẹkẹvuọvo Josẹf da ta kẹ ayen, Wa djẹ oshọ-ọ fikiridie kẹ ẹdia rẹ Ọghẹnẹ mi epha?
GEN_050_022|Ọtiọye na Josẹf da dia otọ rẹ Ijipt, te ọye vẹ uwevwi rọye ejobi, Josẹf da dia ikpe ujori gbẹ ihwe.|Ọtiọye na Josẹf da dia otọ rẹ Ijipt, te ọye vẹ uwevwi rọye ejobi, Josẹf da dia ikpe ujori gbẹ ihwe.
GEN_050_023|Josẹf da mrẹ ivwrọmọ rẹ erha rẹ Ifrem, ji te emọ ri Machir rẹ ọmọ ri Manasse re vwẹriẹ phihọ awọ ri Josẹf.|Josẹf da mrẹ ivwrọmọ rẹ erha rẹ Ifrem, ji te emọ ri Machir rẹ ọmọ ri Manasse re vwẹriẹ phihọ awọ ri Josẹf.
GEN_050_024|Josẹf da ta kẹ emesẹ rọye, Mi che ghwu reọ, ẹkẹvuọvo Ọghẹnẹ che bru ovwan rhe, rọ da reyọ ovwan nẹ otọ nana vwo kpo otọ re veri kẹ Ebraham, Aizik, kugbe Jekọp.|Josẹf da ta kẹ emesẹ rọye, Mi che ghwu reọ, ẹkẹvuọvo Ọghẹnẹ che bru ovwan rhe, rọ da reyọ ovwan nẹ otọ nana vwo kpo otọ re veri kẹ Ebraham, Aizik, kugbe Jekọp.
GEN_050_025|Josẹf de tanẹ, emọ rẹ Izrẹl duvwu iyori, tanẹ, Ọghẹnẹ mrẹ ovwan, ovwan Me ghwa ibeku mẹ nẹ etinẹ.|Josẹf de tanẹ, emọ rẹ Izrẹl duvwu iyori, tanẹ, Ọghẹnẹ mrẹ ovwan, ovwan Me ghwa ibeku mẹ nẹ etinẹ.
GEN_050_026|Josẹf de ghwu, rọ vwọ tọn ẹgbukpe ujori gbẹ ihwe nu, ayen da vwẹ umwu phare orivwi rọye, e de muo phihọ okọ vwẹ Ijipt.|Josẹf de ghwu, rọ vwọ tọn ẹgbukpe ujori gbẹ ihwe nu, ayen da vwẹ umwu phare orivwi rọye, e de muo phihọ okọ vwẹ Ijipt.
GEN_005_002|Ọshare vẹ aye ọ ma ayen, o de bruphihọ kẹ ayen, o de se odẹ rayen ohwo vwẹ ọke rọ vwọ ma ayen nu.|Ọshare vẹ aye ọ ma ayen, o de bruphihọ kẹ ayen, o de se odẹ rayen ohwo vwẹ ọke rọ vwọ ma ayen nu.
GEN_005_003|Ọke rẹ Adam vwọ dia ikpe ujosa gbẹ ihwe nu, ọ da rhe dia ọsẹ rẹ ọmọ ro vwiẹri họhọ oma rọye, kọye uhoho rọye, o de se ode rọye Sẹt.|Ọke rẹ Adam vwọ dia ikpe ujosa gbẹ ihwe nu, ọ da rhe dia ọsẹ rẹ ọmọ ro vwiẹri họhọ oma rọye, kọye uhoho rọye, o de se ode rọye Sẹt.
GEN_005_005|Kọye ẹdẹ rẹ akpọ rẹ Adam ejobi da dia ikpe uri ẹne gbe ujosa gbẹ ihwe; o ki rhi ghwu.|Kọye ẹdẹ rẹ akpọ rẹ Adam ejobi da dia ikpe uri ẹne gbe ujosa gbẹ ihwe; o ki rhi ghwu.
GEN_005_006|Ri Sẹt rhe vwọ dia ikpe ujọne gbẹ iyori nure, ọ da rhe dia ọsẹ ri Inọsh.|Ri Sẹt rhe vwọ dia ikpe ujọne gbẹ iyori nure, ọ da rhe dia ọsẹ ri Inọsh.
GEN_005_007|Sẹt vwo vwiẹ Inosh nu ọ da rhe dia akpọ na ikpe uri ẹne gbẹ ighwrẹ, o de vwiẹ emeshare kugbe emetẹ.|Sẹt vwo vwiẹ Inosh nu ọ da rhe dia akpọ na ikpe uri ẹne gbẹ ighwrẹ, o de vwiẹ emeshare kugbe emetẹ.
GEN_005_008|Kọye ẹdẹ ri Sẹt dia akpọ na ejobi da dia uri ẹne gbẹ ujosa gbẹ ihwivẹ, o de ghwu.|Kọye ẹdẹ ri Sẹt dia akpọ na ejobi da dia uri ẹne gbẹ ujosa gbẹ ihwivẹ, o de ghwu.
GEN_005_011|Kọye ẹdẹ rẹ akpọ rẹ Inọsh ejobi da dia ikpe uri ẹne gbẹ iyori; o de ghwu.|Kọye ẹdẹ rẹ akpọ rẹ Inọsh ejobi da dia ikpe uri ẹne gbẹ iyori; o de ghwu.
GEN_005_012|Ri Kenan vwọ dia ikpe ujorha gbẹ ihwe nure, ọ da rhe dia ọsẹ ri Mahalalẹl.|Ri Kenan vwọ dia ikpe ujorha gbẹ ihwe nure, ọ da rhe dia ọsẹ ri Mahalalẹl.
GEN_005_013|Kenan rhi vwo vwiẹ Mahalalẹl nu, ọke rhe dia akpọ na ikpe uri ẹne gbẹ ujuvẹ, o ki rhe vwiẹ emeshare kugbe emetẹ.|Kenan rhi vwo vwiẹ Mahalalẹl nu, ọke rhe dia akpọ na ikpe uri ẹne gbẹ ujuvẹ, o ki rhe vwiẹ emeshare kugbe emetẹ.
GEN_005_014|Kọye ẹdẹ rẹ akpọ ri Kenan ejobi da dia ikpe uri ẹne gbẹ ujori gbẹ ihwe; o de ghwu.|Kọye ẹdẹ rẹ akpọ ri Kenan ejobi da dia ikpe uri ẹne gbẹ ujori gbẹ ihwe; o de ghwu.
GEN_005_015|Ri Mahalalẹl vwọ dia akpọ ikpe ujorha gbe iyori nu, ọ da rhe dia ọsẹ ri Jared.|Ri Mahalalẹl vwọ dia akpọ ikpe ujorha gbe iyori nu, ọ da rhe dia ọsẹ ri Jared.
GEN_005_016|Mahalalẹl rhi vwo vwiẹ Jared nu ọ da dia akpọ na ikpe uri ẹne gbẹ ọgban, o de vwiẹ emeshare kugbe emetẹ efa.|Mahalalẹl rhi vwo vwiẹ Jared nu ọ da dia akpọ na ikpe uri ẹne gbẹ ọgban, o de vwiẹ emeshare kugbe emetẹ efa.
GEN_005_017|Kọye ẹdẹ rẹ akpọ ri Mahalalẹl ejobi da dia ikpe uri ẹne gbẹ ujọne gbẹ ihwe gbẹ iyori, o de ghwu.|Kọye ẹdẹ rẹ akpọ ri Mahalalẹl ejobi da dia ikpe uri ẹne gbẹ ujọne gbẹ ihwe gbẹ iyori, o de ghwu.
GEN_005_018|Ọke ri Jared vwọ dia akpọ na ikpe ujọrenre gbe ivẹ nure ọ da rhe dia ọsẹ rẹ Inọk.|Ọke ri Jared vwọ dia akpọ na ikpe ujọrenre gbe ivẹ nure ọ da rhe dia ọsẹ rẹ Inọk.
GEN_005_020|Kọye ẹdẹ rẹ akpọ ri Jared ejobi da dia uri ẹne gbẹ ujọrenre gbẹ ivẹ, o de ghwu.|Kọye ẹdẹ rẹ akpọ ri Jared ejobi da dia uri ẹne gbẹ ujọrenre gbẹ ivẹ, o de ghwu.
GEN_005_021|Ri Inọk vwọ dia akpọ ikpe ujorha gbe iyori nu, ọ da rhe dia ọsẹ ri Metusela.|Ri Inọk vwọ dia akpọ ikpe ujorha gbe iyori nu, ọ da rhe dia ọsẹ ri Metusela.
GEN_005_022|Inọk da yan nene Ọghẹnẹ ro vwo vwiẹ Metusela nu ikpe uri gbe ujori o de vwiẹ emeshare kugbe emetẹ efa|Inọk da yan nene Ọghẹnẹ ro vwo vwiẹ Metusela nu ikpe uri gbe ujori o de vwiẹ emeshare kugbe emetẹ efa
GEN_005_023|Kọye ẹdẹ rẹ akpọ rẹ Inọk ejobi da dia uri gbe ujorenre gbe iyori.|Kọye ẹdẹ rẹ akpọ rẹ Inọk ejobi da dia uri gbe ujorenre gbe iyori.
GEN_005_024|Inọk da yan nene Ọghẹnẹ o gbi ghwu-u, fikiridie Ọghẹnẹ reyerọ.|Inọk da yan nene Ọghẹnẹ o gbi ghwu-u, fikiridie Ọghẹnẹ reyerọ.
GEN_005_025|Ọke ri Metusela vwọ dia akpọ ikpe ujurhiri gbe ighwrẹ re, ọ da rhe dia ọsẹ ri Lamẹk.|Ọke ri Metusela vwọ dia akpọ ikpe ujurhiri gbe ighwrẹ re, ọ da rhe dia ọsẹ ri Lamẹk.
GEN_005_026|Metusela rhi vwo vwiẹ Lamẹk nu, ọ da dia ikpe uri erha gbẹ ujurhiri gbẹ ivẹ, o de vwiẹ emeshare kugbe emetẹ efa.|Metusela rhi vwo vwiẹ Lamẹk nu, ọ da dia ikpe uri erha gbẹ ujurhiri gbẹ ivẹ, o de vwiẹ emeshare kugbe emetẹ efa.
GEN_005_027|Kọye ẹdẹ rẹ akpọ ri Metusela ejobi da dia ikpe uri ẹne gbẹ ujọrenre gbẹ irhiri, o de ghwu.|Kọye ẹdẹ rẹ akpọ ri Metusela ejobi da dia ikpe uri ẹne gbẹ ujọrenre gbẹ irhiri, o de ghwu.
GEN_005_028|Re Lamẹk vwọ dia akpọ ikpe ujurhiri gbẹ ivẹ nure, ọ da rhe dia ọsẹ rẹ ọmọshare,|Re Lamẹk vwọ dia akpọ ikpe ujurhiri gbẹ ivẹ nure, ọ da rhe dia ọsẹ rẹ ọmọshare,
GEN_005_030|Lamẹk rhi vwo vwiẹ Noa nu, ọ da dia akpọ ikpe uri ivẹ gbẹ ujurhiri gbẹ ihwiori, o de vwiẹ emeshare kugbe emetẹ.|Lamẹk rhi vwo vwiẹ Noa nu, ọ da dia akpọ ikpe uri ivẹ gbẹ ujurhiri gbẹ ihwiori, o de vwiẹ emeshare kugbe emetẹ.
GEN_005_031|Kọye ẹdẹ rẹ akpọ ri Lamẹk ejobi da dia ikpe uri erha gbẹ ujori gbẹ ighwrẹ, o de ghwu.|Kọye ẹdẹ rẹ akpọ ri Lamẹk ejobi da dia ikpe uri erha gbẹ ujori gbẹ ighwrẹ, o de ghwu.
GEN_005_032|Ri Noa vwọ ikpe uri ivẹ gbẹ ujori, ọ da rhe dia ọsẹ ri Shẹm, Ham kugbe Jafẹt.|Ri Noa vwọ ikpe uri ivẹ gbẹ ujori, ọ da rhe dia ọsẹ ri Shẹm, Ham kugbe Jafẹt.
GEN_010_001|Enana ye orua rẹ emọ ri Noa, Shẹm, Ham, kugbe Jafẹt, rẹ oghwe na vwọ kpọnu ayen de rhi vwiẹ emọ.|Enana ye orua rẹ emọ ri Noa, Shẹm, Ham, kugbe Jafẹt, rẹ oghwe na vwọ kpọnu ayen de rhi vwiẹ emọ.
GEN_010_002|Emọ ri Jafẹt kẹ ena: Goma, Magog, Madai, Javan, Tubal, Mẹshẹk, Tiras.|Emọ ri Jafẹt kẹ ena: Goma, Magog, Madai, Javan, Tubal, Mẹshẹk, Tiras.
GEN_010_003|Emọ ri Goma kẹ ena: Ashkenaz, Rifat, kugbe Togarma.|Emọ ri Goma kẹ ena: Ashkenaz, Rifat, kugbe Togarma.
GEN_010_004|Emọ ri Javan Elishah, Tarshish, Kitim, kugbe Dodanim.|Emọ ri Javan Elishah, Tarshish, Kitim, kugbe Dodanim.
GEN_010_006|Emọ ri Ham Kush, Ijipt, Put, kugbe Kenan|Emọ ri Ham Kush, Ijipt, Put, kugbe Kenan
GEN_010_007|Emọ ri Kush Seba, Havilah, Sabta, Raama, kugbe Sabteka. Emọ ri Raama Sheba kugbe Dedan.|Emọ ri Kush Seba, Havilah, Sabta, Raama, kugbe Sabteka. Emọ ri Raama Sheba kugbe Dedan.
GEN_010_008|Kush kọye ọsẹ ri Nimrọd, ọye ohwo rẹ ẹsosuọ vwẹ akpọ na rọ to dia ọgban.|Kush kọye ọsẹ ri Nimrọd, ọye ohwo rẹ ẹsosuọ vwẹ akpọ na rọ to dia ọgban.
GEN_010_010|Emuophihọ rẹ uvie rọye ki Babẹl, Erẹk kugbe Akad, enana ejobi kẹ otọ ri Shinar epha.|Emuophihọ rẹ uvie rọye ki Babẹl, Erẹk kugbe Akad, enana ejobi kẹ otọ ri Shinar epha.
GEN_010_011|Otọ yena kọye o nu kpo Asiria, ọ da ra bọ Ninivẹh, Rehobọt-Ir, Kala, kugbe|Otọ yena kọye o nu kpo Asiria, ọ da ra bọ Ninivẹh, Rehobọt-Ir, Kala, kugbe
GEN_010_012|Resẹn vwẹ uvwre ri Ninivẹh vi Kala, kọye orere rode na.|Resẹn vwẹ uvwre ri Ninivẹh vi Kala, kọye orere rode na.
GEN_010_013|Ijipt, da dia ọsẹ ri Ludim, Anamim, Lehabim, Naftu-him,|Ijipt, da dia ọsẹ ri Ludim, Anamim, Lehabim, Naftu-him,
GEN_010_014|Patrusim, Kaslu-him (kẹ Etiyin Filistia nurhe), kugbe Kaftorim.|Patrusim, Kaslu-him (kẹ Etiyin Filistia nurhe), kugbe Kaftorim.
GEN_010_015|Kenan kọye ọsẹ ri Sidọn, ọmọkpako rọye, kugbe Hẹt,|Kenan kọye ọsẹ ri Sidọn, ọmọkpako rọye, kugbe Hẹt,
GEN_010_016|kugbe ihwo ri Jebus, ihwo ri Amọr, ihwo ri Gergas,|kugbe ihwo ri Jebus, ihwo ri Amọr, ihwo ri Gergas,
GEN_010_017|ihwo ri Hiv, ihwo ri Arka, ihwo ri Sin,|ihwo ri Hiv, ihwo ri Arka, ihwo ri Sin,
GEN_010_018|ihwo ri Arvad, ihwo ri Zema kugbe ihwo ri Hamat. Ukuko rọye uvwiẹ ri Kenan na da rhe hrabọ.|ihwo ri Arvad, ihwo ri Zema kugbe ihwo ri Hamat. Ukuko rọye uvwiẹ ri Kenan na da rhe hrabọ.
GEN_010_019|Otọ rẹ ihwo ri Kenan da hẹre nẹ Sodọm vwẹ ẹbẹre ri Gẹra, re te Gaza, vwẹ abọ ri Sidọn, Gomora, Adma kugbe Zẹboiim, rhiri re te Lasha.|Otọ rẹ ihwo ri Kenan da hẹre nẹ Sodọm vwẹ ẹbẹre ri Gẹra, re te Gaza, vwẹ abọ ri Sidọn, Gomora, Adma kugbe Zẹboiim, rhiri re te Lasha.
GEN_010_020|Enana eye emọ ri Ham, vwẹ ekrekru rayen, vẹ ephẹrẹ rayen, otọ rayen, kugbe ẹgborho rayen.|Enana eye emọ ri Ham, vwẹ ekrekru rayen, vẹ ephẹrẹ rayen, otọ rayen, kugbe ẹgborho rayen.
GEN_010_021|Ji vwi Shẹm na, ọye ọsẹ rẹ emọ rẹ Ẹber ejobi, oniọvo ri Jafẹt rẹ ọkpako, ọye vwiẹ emọ kẹ.|Ji vwi Shẹm na, ọye ọsẹ rẹ emọ rẹ Ẹber ejobi, oniọvo ri Jafẹt rẹ ọkpako, ọye vwiẹ emọ kẹ.
GEN_010_022|Emọ ri Shẹm: Elam, Asshur, Apak-shad, Lud, kugbe Aram.|Emọ ri Shẹm: Elam, Asshur, Apak-shad, Lud, kugbe Aram.
GEN_010_023|Emọ ri Aram: Uz, Hul, Gether kugbe Mash.|Emọ ri Aram: Uz, Hul, Gether kugbe Mash.
GEN_010_025|Eber de vwiẹ emọ ivẹ odẹ rẹ ọvo ki Pẹlẹg, ọke rọye akpọ na vwọ hẹriẹ, odẹ rẹ oniọvo rọye ke rha Joktan.|Eber de vwiẹ emọ ivẹ odẹ rẹ ọvo ki Pẹlẹg, ọke rọye akpọ na vwọ hẹriẹ, odẹ rẹ oniọvo rọye ke rha Joktan.
GEN_010_026|Joktan kọye ọsẹ ri Almodad, Shelef, Hazarmaveth, Jerah,|Joktan kọye ọsẹ ri Almodad, Shelef, Hazarmaveth, Jerah,
GEN_010_027|Hadoram, Uzal, Diklah,|Hadoram, Uzal, Diklah,
GEN_010_028|Obal, Abima-el, Sheba,|Obal, Abima-el, Sheba,
GEN_010_029|Ofir Havilah, kugbe Jobab; enana ejobi na emọ ri Joktan.|Ofir Havilah, kugbe Jobab; enana ejobi na emọ ri Joktan.
GEN_010_030|Otọ rẹ ayen diare hẹre ni Mesha vwẹ ẹbẹre ri Sefar re te orho rẹ ugbenu rẹ ọnre va nẹcha na.|Otọ rẹ ayen diare hẹre ni Mesha vwẹ ẹbẹre ri Sefar re te orho rẹ ugbenu rẹ ọnre va nẹcha na.
GEN_010_031|Enana emọ ri Shẹm, vwẹ ekrekru rayen, vẹ ephẹrẹ rayen, otọ rayen kugbe ẹgborho rayen.|Enana emọ ri Shẹm, vwẹ ekrekru rayen, vẹ ephẹrẹ rayen, otọ rayen kugbe ẹgborho rayen.
GEN_045_003|Josẹf da ta kẹ emesẹ rọye, Mẹvwẹ Josẹf, ọsẹ Me je akpọ? Ẹkẹvuọvo emesẹ rọye gbe sa kpahe kẹ-ẹ, kidie ofu dje ayen hwe vwẹ obaro rọye.|Josẹf da ta kẹ emesẹ rọye, Mẹvwẹ Josẹf, ọsẹ Me je akpọ? Ẹkẹvuọvo emesẹ rọye gbe sa kpahe kẹ-ẹ, kidie ofu dje ayen hwe vwẹ obaro rọye.
GEN_045_006|Kidie owẹvwe na firi vwẹ otọ na ikpe ivẹ nana re; ikpe iyori ji chekọ rẹ ihwo de je voro eyẹ evuo.|Kidie owẹvwe na firi vwẹ otọ na ikpe ivẹ nana re; ikpe iyori ji chekọ rẹ ihwo de je voro eyẹ evuo.
GEN_045_008|Ọtiọye na ọ gbe dianẹ ovwan ri ji vwe rhe obonẹ-ẹ, ẹkẹvuọvo Ọghẹnẹ; ọ da vwẹ ovwẹ ru ọsẹ ki Fero, kugbe olori rẹ uwevwi rọye ejobi vẹ osun rẹ otọ rẹ Ijipt ejobi.|Ọtiọye na ọ gbe dianẹ ovwan ri ji vwe rhe obonẹ-ẹ, ẹkẹvuọvo Ọghẹnẹ; ọ da vwẹ ovwẹ ru ọsẹ ki Fero, kugbe olori rẹ uwevwi rọye ejobi vẹ osun rẹ otọ rẹ Ijipt ejobi.
GEN_045_009|Jọphẹre yan bru ọsẹ mẹ re wa ta kẹ, Enẹ Josẹf rẹ ọmọ wẹn tare, Ọghẹnẹ vwẹ ovwẹ ru olori rẹ Ijipt ejobi; yan bru vwe rhe, wo gbe eghẹrẹ-ẹ,|Jọphẹre yan bru ọsẹ mẹ re wa ta kẹ, Enẹ Josẹf rẹ ọmọ wẹn tare, Ọghẹnẹ vwẹ ovwẹ ru olori rẹ Ijipt ejobi; yan bru vwe rhe, wo gbe eghẹrẹ-ẹ,
GEN_045_010|wọ cha dia otọ ri Goshẹn, ku wo si kẹrẹ ovwẹ, re owẹ te emọ wẹn kugbe emọ wẹn vẹ emọ rayen, te igodẹ wẹn, vẹ uchuru wẹn, kugbe obo wo vwori ejobi,|wọ cha dia otọ ri Goshẹn, ku wo si kẹrẹ ovwẹ, re owẹ te emọ wẹn kugbe emọ wẹn vẹ emọ rayen, te igodẹ wẹn, vẹ uchuru wẹn, kugbe obo wo vwori ejobi,
GEN_045_011|kẹ Etiyin Me da ghẹre owẹ, kidie ikpe iyori soso rẹ owẹvwe na ji chekọ, ọ rha dia eriyi-in te owẹ te evwruwevwi wẹn ejobi, kugbe obo wo vwori ejobi da rhe kpẹn abọ rẹ.|kẹ Etiyin Me da ghẹre owẹ, kidie ikpe iyori soso rẹ owẹvwe na ji chekọ, ọ rha dia eriyi-in te owẹ te evwruwevwi wẹn ejobi, kugbe obo wo vwori ejobi da rhe kpẹn abọ rẹ.
GEN_045_012|Vwẹ enẹna ẹro wẹn mrẹre, ẹro rẹ oniọvo mẹ Bẹnjamin je mrẹre, tanẹ unu mẹ re ta ota na kẹ wẹ na.|Vwẹ enẹna ẹro wẹn mrẹre, ẹro rẹ oniọvo mẹ Bẹnjamin je mrẹre, tanẹ unu mẹ re ta ota na kẹ wẹ na.
GEN_045_013|Wo mi gbe ikun rẹ erhuvwu mẹ re wọ mrẹre vwẹ Ijipt na kẹ ọsẹ mẹ, kugbe obo wọ mrẹre ejobi. Jọphẹre reyọ ọsẹ Me rhe obonẹ.|Wo mi gbe ikun rẹ erhuvwu mẹ re wọ mrẹre vwẹ Ijipt na kẹ ọsẹ mẹ, kugbe obo wọ mrẹre ejobi. Jọphẹre reyọ ọsẹ Me rhe obonẹ.
GEN_045_014|Ọ da gbanọ Bẹnjamin rẹ oniọvo rọye na ohọre ọ da viẹ, Bẹnjamin da je viẹ vwẹ ohọre rọye.|Ọ da gbanọ Bẹnjamin rẹ oniọvo rọye na ohọre ọ da viẹ, Bẹnjamin da je viẹ vwẹ ohọre rọye.
GEN_045_015|Ọ da fiọnfiọn emesẹ rọye ejobi unu ọ da viẹ ku ayen; rẹ ena ejobi vwọ wan nu emesẹ rọye ejobi de nene gbe ikun.|Ọ da fiọnfiọn emesẹ rọye ejobi unu ọ da viẹ ku ayen; rẹ ena ejobi vwọ wan nu emesẹ rọye ejobi de nene gbe ikun.
GEN_045_016|Rẹ usi rẹ ikun na vwo te uwevwi ri Fero, nẹ, Emesẹ ri Josẹf rhere, oma da vwerhe Fero vẹ idibo rọye gangan.|Rẹ usi rẹ ikun na vwo te uwevwi ri Fero, nẹ, Emesẹ ri Josẹf rhere, oma da vwerhe Fero vẹ idibo rọye gangan.
GEN_045_017|Fero da ta ki Josẹf, Ta kẹ emesẹ wẹn, Ru Ọnana kru eghwa kpahe eranvwe wẹn re we rhivwi kpo otọ ri Kenan,|Fero da ta ki Josẹf, Ta kẹ emesẹ wẹn, Ru Ọnana kru eghwa kpahe eranvwe wẹn re we rhivwi kpo otọ ri Kenan,
GEN_045_018|Reyọ ọsẹ wẹn kugbe evwruwevwi wẹn, re we bru vwe rhe, ke Me vwẹ otọ esiri rẹ Ijipt na vwọ kẹ wẹ, ku wọ re ivwri rẹ otọ na.|Reyọ ọsẹ wẹn kugbe evwruwevwi wẹn, re we bru vwe rhe, ke Me vwẹ otọ esiri rẹ Ijipt na vwọ kẹ wẹ, ku wọ re ivwri rẹ otọ na.
GEN_045_019|Mi ji ji urhi, Ru Ọnana reyọ akpẹrẹ nẹ otọ rẹ Ijipt yanran re vwo mu imitete na vẹ eya wẹn, ji mu ọsẹ wẹn, ru wọ rhe.|Mi ji ji urhi, Ru Ọnana reyọ akpẹrẹ nẹ otọ rẹ Ijipt yanran re vwo mu imitete na vẹ eya wẹn, ji mu ọsẹ wẹn, ru wọ rhe.
GEN_045_020|Wọ davwerhọ rẹ eyere wẹ-ẹn, kidie otọ esiri rẹ Ijipt na ejobi ewẹn.|Wọ davwerhọ rẹ eyere wẹ-ẹn, kidie otọ esiri rẹ Ijipt na ejobi ewẹn.
GEN_045_021|Emọ rẹ Izrẹl de ghine ru ọtiọye; Josẹf da vwẹ akpẹrẹ kẹ ayen, kirobo ri Fero tare, ọ da vwẹ emuọre ke ayen vwẹ oyan na.|Emọ rẹ Izrẹl de ghine ru ọtiọye; Josẹf da vwẹ akpẹrẹ kẹ ayen, kirobo ri Fero tare, ọ da vwẹ emuọre ke ayen vwẹ oyan na.
GEN_045_022|Ọ da vwẹ ewun rẹ orẹ kẹ ayen ọvuọvo, ẹkẹvuọvo ọ da vwẹ uchunu rẹ idọnọ uri gbẹ ujori ki Bẹnjamin kugbe iwun rẹ orẹ iyori.|Ọ da vwẹ ewun rẹ orẹ kẹ ayen ọvuọvo, ẹkẹvuọvo ọ da vwẹ uchunu rẹ idọnọ uri gbẹ ujori ki Bẹnjamin kugbe iwun rẹ orẹ iyori.
GEN_045_023|Ekuakua nana keye o vwo rhe ọsẹ rọye: oghwa rẹ ekẹtẹkẹtẹ ihwe re vọnre vẹ emu esiri rẹ Ijipt ejobi, oghwa rẹ ekẹtẹkẹtẹ rẹ eya ihwe rẹ ọkọka, ikara, kugbe emuọre rẹ oyan na kẹ ọsẹ rọye.|Ekuakua nana keye o vwo rhe ọsẹ rọye: oghwa rẹ ekẹtẹkẹtẹ ihwe re vọnre vẹ emu esiri rẹ Ijipt ejobi, oghwa rẹ ekẹtẹkẹtẹ rẹ eya ihwe rẹ ọkọka, ikara, kugbe emuọre rẹ oyan na kẹ ọsẹ rọye.
GEN_045_026|Ayen da vuẹ, ni Josẹf je akpọ, kọye osun vwẹ otọ rẹ Ijipt. Oma de ro, kidie o se ayen gbuyota-a.|Ayen da vuẹ, ni Josẹf je akpọ, kọye osun vwẹ otọ rẹ Ijipt. Oma de ro, kidie o se ayen gbuyota-a.
GEN_049_001|Etiyin Jekọp de se emọ rọye, ọ da ta, Wa ghwẹ oma koko, re Me ta kẹ ovwan obo re cha phia kẹ ovwan vwẹ ẹdẹ rọ cha.|Etiyin Jekọp de se emọ rọye, ọ da ta, Wa ghwẹ oma koko, re Me ta kẹ ovwan obo re cha phia kẹ ovwan vwẹ ẹdẹ rọ cha.
GEN_049_002|Aghwe oma koko re we nyo, E emọ ri Jekọp, kerhọ rẹ ọsẹ rẹ ovwan.|Aghwe oma koko re we nyo, E emọ ri Jekọp, kerhọ rẹ ọsẹ rẹ ovwan.
GEN_049_003|Rubẹn, wẹ ọwanra mẹ, ẹgba mẹ, vẹ omamọ rẹ ẹsosuọ rẹ ogangan mẹ, ro titiri vwẹ eheri, ro kperi usi vwẹ ogangan.|Rubẹn, wẹ ọwanra mẹ, ẹgba mẹ, vẹ omamọ rẹ ẹsosuọ rẹ ogangan mẹ, ro titiri vwẹ eheri, ro kperi usi vwẹ ogangan.
GEN_049_004|Ragha ragha kiri ame, wo rhe kperi usi-i kidie wo kpo ehwa rẹ ọsẹ wẹn; wo de miovwo wo de kpo asan Me da rioma.|Ragha ragha kiri ame, wo rhe kperi usi-i kidie wo kpo ehwa rẹ ọsẹ wẹn; wo de miovwo wo de kpo asan Me da rioma.
GEN_049_005|Simiọn vi Livae iniọvo ivẹ, emu gbrigbri ayen vwẹ elọkọ rayen ruẹ|Simiọn vi Livae iniọvo ivẹ, emu gbrigbri ayen vwẹ elọkọ rayen ruẹ
GEN_049_006|E, erhi mẹ, wọ vwẹriẹ umẹ raye-en, E, erhi mẹ, wo te ukoko raye-en, kidie vwẹ ophu rayen ayen hwe ihwo, vwẹ ẹro hrehre rayen ayen yoro uriẹn nẹ awọ rẹ erhuẹn.|E, erhi mẹ, wọ vwẹriẹ umẹ raye-en, E, erhi mẹ, wo te ukoko raye-en, kidie vwẹ ophu rayen ayen hwe ihwo, vwẹ ẹro hrehre rayen ayen yoro uriẹn nẹ awọ rẹ erhuẹn.
GEN_049_007|Eka kẹ ophu rayen, kidie ọ ganọ, kẹ ivuemiovwo rayen, kidie ọ branọ; Me ghare ayen phihọ Jekọp ke Me hra ayen vwẹ Izrẹl.|Eka kẹ ophu rayen, kidie ọ ganọ, kẹ ivuemiovwo rayen, kidie ọ branọ; Me ghare ayen phihọ Jekọp ke Me hra ayen vwẹ Izrẹl.
GEN_049_008|Juda, imoni wẹn ejobi ki jiri uwe; obọ wẹn kọ yọnrọn ubiupho rẹ ivwighrẹ wẹn; Emọ rẹ ọsẹ wẹn ki diguẹ te otọ kẹ wẹ.|Juda, imoni wẹn ejobi ki jiri uwe; obọ wẹn kọ yọnrọn ubiupho rẹ ivwighrẹ wẹn; Emọ rẹ ọsẹ wẹn ki diguẹ te otọ kẹ wẹ.
GEN_049_009|Juda ọmọ rẹ okpohrokpo; vwẹ eranvwe emuo, ọmọ mẹ, wo de vrẹn kpenu. Orhuẹri, o fiọnko kiri okpohrokpo, kiri okpohrokpo rẹ aye, kono ri se guegue?|Juda ọmọ rẹ okpohrokpo; vwẹ eranvwe emuo, ọmọ mẹ, wo de vrẹn kpenu. Orhuẹri, o fiọnko kiri okpohrokpo, kiri okpohrokpo rẹ aye, kono ri se guegue?
GEN_049_010|Ọkpọ na rhe se ni Juda-a, eye ọkpọ rẹ osun na rhe se nẹ agada rọyee, bẹsiẹ ro che vwo te obọ rẹ ohwo ro viri, kọye ihwo na ejobi che mu ọghọ ke.|Ọkpọ na rhe se ni Juda-a, eye ọkpọ rẹ osun na rhe se nẹ agada rọyee, bẹsiẹ ro che vwo te obọ rẹ ohwo ro viri, kọye ihwo na ejobi che mu ọghọ ke.
GEN_049_011|Kọ gba upene rẹ ekẹtẹkẹtẹ mui vain ekẹtẹkẹtẹ na ke churo mui vain ro fori, kọ hworhẹ ewun rọye vwẹ udi ri vain adagba rọye vwe ọbara ri otiẹ;|Kọ gba upene rẹ ekẹtẹkẹtẹ mui vain ekẹtẹkẹtẹ na ke churo mui vain ro fori, kọ hworhẹ ewun rọye vwẹ udi ri vain adagba rọye vwe ọbara ri otiẹ;
GEN_049_012|ẹro rọye kọ vwara gbae fiki ri wain, ako rọye kọ fon toto fiki rẹ ameivie.|ẹro rọye kọ vwara gbae fiki ri wain, ako rọye kọ fon toto fiki rẹ ameivie.
GEN_049_013|Zẹbulọn obo erhuru ọ cha dia, Etiyin eko che gbo phihọ, ughwru rọye ki Zidon ọ dia.|Zẹbulọn obo erhuru ọ cha dia, Etiyin eko che gbo phihọ, ughwru rọye ki Zidon ọ dia.
GEN_049_014|Isaka kọ họhọ ekẹtẹkẹtẹ, ro fiọnko phihọ uvwre rẹ ogba rẹ igegede,|Isaka kọ họhọ ekẹtẹkẹtẹ, ro fiọnko phihọ uvwre rẹ ogba rẹ igegede,
GEN_049_015|ọ mrẹre nẹ ẹdia rẹ urovwoma yovwiri, nẹ otọ na ji vwo erhuvwu, ọtiọye o de gbe igabọ otọ mu, ọ da rhe dia ọviẹn rẹ owian.|ọ mrẹre nẹ ẹdia rẹ urovwoma yovwiri, nẹ otọ na ji vwo erhuvwu, ọtiọye o de gbe igabọ otọ mu, ọ da rhe dia ọviẹn rẹ owian.
GEN_049_016|Dan kọ dia oguẹdjọ re ihwo rọye kiri ẹgborho ọvo vwẹ Izrẹl na.|Dan kọ dia oguẹdjọ re ihwo rọye kiri ẹgborho ọvo vwẹ Izrẹl na.
GEN_049_017|Dan kọ dia ọrọdekọ vwe ugbo idjerhe, ọrobiebi vwẹ orhaghwa, rọ rhọvwe iyesi ukowọ ohwo rọ gua mi she kpuko.|Dan kọ dia ọrọdekọ vwe ugbo idjerhe, ọrobiebi vwẹ orhaghwa, rọ rhọvwe iyesi ukowọ ohwo rọ gua mi she kpuko.
GEN_049_018|Me hẹrhẹ esivwo wẹn, E Ọrovwohwo.|Me hẹrhẹ esivwo wẹn, E Ọrovwohwo.
GEN_049_019|Ofru ki che gborho Gad, ẹkẹvuọvo ko bresi rẹ ichiyin rayen.|Ofru ki che gborho Gad, ẹkẹvuọvo ko bresi rẹ ichiyin rayen.
GEN_049_021|Naftali ọye uzo rọ rha nẹ ufi, rọ djẹ etọ dorie dorie.|Naftali ọye uzo rọ rha nẹ ufi, rọ djẹ etọ dorie dorie.
GEN_049_023|A da vwẹ ibige bro ra, e siro phihọ a sarọ gangan,|A da vwẹ ibige bro ra, e siro phihọ a sarọ gangan,
GEN_049_027|Bẹnjamin okpohrokpo rọ chẹghẹ emu, irhiọke ọ Me savwọ eranvwe rọye vwẹ ovwọnvwọn kọ ghara ibu rọye.|Bẹnjamin okpohrokpo rọ chẹghẹ emu, irhiọke ọ Me savwọ eranvwe rọye vwẹ ovwọnvwọn kọ ghara ibu rọye.
GEN_049_028|Enana ejobi na eye orua ihwivẹ rẹ Izrẹl; Ọnana kọye obo rẹ ọsẹ rayen ta kẹ ayen rọ vwọ nẹ ẹrhovwo kẹ ayen, dohwo dẹrhovwo ro foro.|Enana ejobi na eye orua ihwivẹ rẹ Izrẹl; Ọnana kọye obo rẹ ọsẹ rayen ta kẹ ayen rọ vwọ nẹ ẹrhovwo kẹ ayen, dohwo dẹrhovwo ro foro.
GEN_049_029|Etiyin o de ji urhi kẹ ayen ọ da ta kẹ ayen, Mi che kpo bru ihwo mẹ rare, we shi vwe kugbe esẹ mẹ vwẹ ẹmwa rọ ẹghwa rẹ Efrọn ohwo ri Hẹt na,|Etiyin o de ji urhi kẹ ayen ọ da ta kẹ ayen, Mi che kpo bru ihwo mẹ rare, we shi vwe kugbe esẹ mẹ vwẹ ẹmwa rọ ẹghwa rẹ Efrọn ohwo ri Hẹt na,
GEN_049_030|ẹmwa rẹ ẹghwa vwi Mak-pela, rọ obọhwere ri Mamre, vwẹ otọ ri Kenan, re Ebraham dẹ kugbe ẹghwa mie Efrọn ohwo ri Hẹt, rere ọ dia ogbe.|ẹmwa rẹ ẹghwa vwi Mak-pela, rọ obọhwere ri Mamre, vwẹ otọ ri Kenan, re Ebraham dẹ kugbe ẹghwa mie Efrọn ohwo ri Hẹt, rere ọ dia ogbe.
GEN_049_031|Etiyin e shi Ebraham phihọ kugbe Sera rẹ aye rọye, Etiyin e shi Aizik phihọ kugbe Rebeka rẹ aye rọye, Etiyin mi ji shi Leah phihọ|Etiyin e shi Ebraham phihọ kugbe Sera rẹ aye rọye, Etiyin e shi Aizik phihọ kugbe Rebeka rẹ aye rọye, Etiyin mi ji shi Leah phihọ
GEN_049_032|ẹghwa na kugbe ẹmwa na rọ herọ na a de ayen mie ohwo ri Hẹt.|ẹghwa na kugbe ẹmwa na rọ herọ na a de ayen mie ohwo ri Hẹt.
GEN_049_033|Ri Jekọp vwọ ta eta enana ejobi nu kẹ emọ rọye, o de si awọ rọye ro ehwa, o de phi ẹnwẹn họ, e de sho kugbe ihwo rọye.|Ri Jekọp vwọ ta eta enana ejobi nu kẹ emọ rọye, o de si awọ rọye ro ehwa, o de phi ẹnwẹn họ, e de sho kugbe ihwo rọye.
GEN_001_003|Etiyin Ọghẹnẹ da ta, E gbe jẹn orẹmrẹ dia, orẹmrẹ da ghene dia.|Etiyin Ọghẹnẹ da ta, E gbe jẹn orẹmrẹ dia, orẹmrẹ da ghene dia.
GEN_001_004|Ọghẹnẹ da mrẹ nẹ orẹmrẹ na yoma; Ọghẹnẹ da hẹriẹ orẹmrẹ na nẹ ebrin na.|Ọghẹnẹ da mrẹ nẹ orẹmrẹ na yoma; Ọghẹnẹ da hẹriẹ orẹmrẹ na nẹ ebrin na.
GEN_001_005|Ọghẹnẹ de se orẹmrẹ na Uvo, o de rhe se ebrin na Ason. Te ovwọnvwọn te irhiọke da dia ẹdẹ rẹsosuọ.|Ọghẹnẹ de se orẹmrẹ na Uvo, o de rhe se ebrin na Ason. Te ovwọnvwọn te irhiọke da dia ẹdẹ rẹsosuọ.
GEN_001_006|Ọghẹnẹ da tanẹ, Gbe jẹn irharheghe dia uherevie rẹ ame na, rere ọ hẹriẹ ame na vwo nẹ ame na.|Ọghẹnẹ da tanẹ, Gbe jẹn irharheghe dia uherevie rẹ ame na, rere ọ hẹriẹ ame na vwo nẹ ame na.
GEN_001_008|Ọghẹnẹ de se irharheghe na Odjuvwu. Te ovwọnvwọn te irhiọke da dia ẹdẹ rivẹ.|Ọghẹnẹ de se irharheghe na Odjuvwu. Te ovwọnvwọn te irhiọke da dia ẹdẹ rivẹ.
GEN_001_010|Ọghẹnẹ se otọ ọyaya na Otọ, ame rọ rha ghwe koko asan ọvo na o de rhe se Urhie, Ọghẹnẹ da mrẹ ne oyoma.|Ọghẹnẹ se otọ ọyaya na Otọ, ame rọ rha ghwe koko asan ọvo na o de rhe se Urhie, Ọghẹnẹ da mrẹ ne oyoma.
GEN_001_011|Ọghẹnẹ da ta, Gbe jẹn otọ na di ẹbe, irhe re mọn kugbe irhe re emamọ rẹ ibi dia evun rayen, durhe doghere rọye vwe evun rẹ otọ na. O da ghene dia ọtiọye.|Ọghẹnẹ da ta, Gbe jẹn otọ na di ẹbe, irhe re mọn kugbe irhe re emamọ rẹ ibi dia evun rayen, durhe doghere rọye vwe evun rẹ otọ na. O da ghene dia ọtiọye.
GEN_001_012|Otọ na de ghine di ẹbe, irhe re mọn emamọ durhe doghere rọye kugbe irhe re mọn emamọ rẹ ibi dia evun rayen, durhe doghẹre rọye Ọghẹnẹ da mrẹ nẹ oyoma.|Otọ na de ghine di ẹbe, irhe re mọn emamọ durhe doghere rọye kugbe irhe re mọn emamọ rẹ ibi dia evun rayen, durhe doghẹre rọye Ọghẹnẹ da mrẹ nẹ oyoma.
GEN_001_013|Te ovwọnvwọn te irhiọke da dia ẹdẹ rerha.|Te ovwọnvwọn te irhiọke da dia ẹdẹ rerha.
GEN_001_018|ri sun vwẹ enu rẹ uvo vẹ ason na, kugbe rere e rha hẹriẹ ebrin vwo nẹ orẹmrẹ. Ọghẹnẹ da mrẹ nẹ oyoma.|ri sun vwẹ enu rẹ uvo vẹ ason na, kugbe rere e rha hẹriẹ ebrin vwo nẹ orẹmrẹ. Ọghẹnẹ da mrẹ nẹ oyoma.
GEN_001_019|Te ovwọnvwọn te irhiọke da dia ẹdẹ rẹne.|Te ovwọnvwọn te irhiọke da dia ẹdẹ rẹne.
GEN_001_021|Etiyin Ọghẹnẹ da ma eranvwe ride na, kugbe eranvwe keranvwe ekpokpọ re yan re rhẹrhẹ, re vọn evun rẹ ame na, dohwo doka rọye, kugbe ọphran kọphran ro vwo ibekpe dọphran doghere rọye. Ọghẹnẹ da mrẹ nẹ oyoma.|Etiyin Ọghẹnẹ da ma eranvwe ride na, kugbe eranvwe keranvwe ekpokpọ re yan re rhẹrhẹ, re vọn evun rẹ ame na, dohwo doka rọye, kugbe ọphran kọphran ro vwo ibekpe dọphran doghere rọye. Ọghẹnẹ da mrẹ nẹ oyoma.
GEN_001_023|Te ovwọnvwọn te irhiọke da dia ẹdẹ riyori.|Te ovwọnvwọn te irhiọke da dia ẹdẹ riyori.
GEN_001_024|Ọghẹnẹ da ta, Gbe jẹn akpọ na vwẹ eranvwe ekpokpọ vwọ phia, kueranvwe kuoka, uchuru kugbe obo ri kpono kugbe eranvwe re djoma; deranvwe doka rayen. Ọ da ghene dia ọtiọye.|Ọghẹnẹ da ta, Gbe jẹn akpọ na vwẹ eranvwe ekpokpọ vwọ phia, kueranvwe kuoka, uchuru kugbe obo ri kpono kugbe eranvwe re djoma; deranvwe doka rayen. Ọ da ghene dia ọtiọye.
GEN_001_025|Ọghẹnẹ da ma eranvwe rẹ akpọ na, deranvwe doka rayen kugbe uchuru okoka rọye, kugbe emu kemu ri kpono vwẹ otọ na okoka rọye. Ọghẹnẹ da mrẹ nẹ oyoma.|Ọghẹnẹ da ma eranvwe rẹ akpọ na, deranvwe doka rayen kugbe uchuru okoka rọye, kugbe emu kemu ri kpono vwẹ otọ na okoka rọye. Ọghẹnẹ da mrẹ nẹ oyoma.
GEN_001_029|Ọghẹnẹ da ta, Nighe, Me reyọ urhe kurhe rọ mọn ubi ejobi rọ enu rẹ otọ na vwọ kẹ wẹ, kugbe urhe kurhe rọ mọn emamọ kọ dia emuọre kẹ ovwan.|Ọghẹnẹ da ta, Nighe, Me reyọ urhe kurhe rọ mọn ubi ejobi rọ enu rẹ otọ na vwọ kẹ wẹ, kugbe urhe kurhe rọ mọn emamọ kọ dia emuọre kẹ ovwan.
GEN_001_031|Ọghẹnẹ da mrẹ emu kemu rọ mare na, nighe, oyovwiri gangan Te ovwọnvwọn te irhiọke da dia ẹdẹ resan.|Ọghẹnẹ da mrẹ emu kemu rọ mare na, nighe, oyovwiri gangan Te ovwọnvwọn te irhiọke da dia ẹdẹ resan.
GEN_003_004|Ẹkẹvuọvo ọrọdekọ na da ta kẹ aye na, We che ghwu-u.|Ẹkẹvuọvo ọrọdekọ na da ta kẹ aye na, We che ghwu-u.
GEN_003_005|Kidie Ọghẹnẹ riẹnre nẹ ọke wa da riọ ẹro rẹ ovwan ko rhie, ku wa họhọ Ọghẹnẹ, rọ riẹn erhuvwu vẹ umiovwo.|Kidie Ọghẹnẹ riẹnre nẹ ọke wa da riọ ẹro rẹ ovwan ko rhie, ku wa họhọ Ọghẹnẹ, rọ riẹn erhuvwu vẹ umiovwo.
GEN_003_006|Rẹ aye na vwọ mrẹ nẹ urhe na fẹriọ, o ki rhe fẹro, nẹ urhe na ki rhe ru ohwo ghwanre, ọ da reyọ omamọ rọye ọ da riọ; ọ da je vwẹ ẹvo kẹ ọshare rọye ọ da je re.|Rẹ aye na vwọ mrẹ nẹ urhe na fẹriọ, o ki rhe fẹro, nẹ urhe na ki rhe ru ohwo ghwanre, ọ da reyọ omamọ rọye ọ da riọ; ọ da je vwẹ ẹvo kẹ ọshare rọye ọ da je re.
GEN_003_007|Kọye ẹro rayen ivẹ de rhie, ayen da riẹn nẹ ayen ban phihọ, ayen de ko ẹbe ri fig kugbe vwo ru amwa vwo rhuo oma rayen.|Kọye ẹro rayen ivẹ de rhie, ayen da riẹn nẹ ayen ban phihọ, ayen de ko ẹbe ri fig kugbe vwo ru amwa vwo rhuo oma rayen.
GEN_003_009|Ẹkẹvuọvo Ọrovwohwo Ọghẹnẹ de se ọshare na, ọ da ta kẹ nẹ, Tivọ wọ epha vwo?|Ẹkẹvuọvo Ọrovwohwo Ọghẹnẹ de se ọshare na, ọ da ta kẹ nẹ, Tivọ wọ epha vwo?
GEN_003_010|Ọ da tanẹ, Mi nyo urhuru wẹn vwẹ evun rẹ udju na, oshọ ko mu vwe, fikiridie Me ban phihọ; ki mi si oma mẹ nu.|Ọ da tanẹ, Mi nyo urhuru wẹn vwẹ evun rẹ udju na, oshọ ko mu vwe, fikiridie Me ban phihọ; ki mi si oma mẹ nu.
GEN_003_011|O da ta, Ono ta kẹ wẹ nẹ wọ ban phihọ? Takpe wọ re omamọ rẹ urhe ri mi ji urhi kẹ wẹ nu wọ ria-a na?|O da ta, Ono ta kẹ wẹ nẹ wọ ban phihọ? Takpe wọ re omamọ rẹ urhe ri mi ji urhi kẹ wẹ nu wọ ria-a na?
GEN_003_013|Etiyin Ọrovwohwo Ọghẹnẹ da ta kẹ aye na, Ọna ki didi emu wo ruru na? Aye na da ta, Ọrọdekọ re phiẹn vwẹ, Me da re.|Etiyin Ọrovwohwo Ọghẹnẹ da ta kẹ aye na, Ọna ki didi emu wo ruru na? Aye na da ta, Ọrọdekọ re phiẹn vwẹ, Me da re.
GEN_003_014|Ọrovwohwo Ọghẹnẹ da ta kẹ ọrọdekọ na, Fiki robo wo vwo ru emu nana, eka kẹ wẹ vwẹ ohri rẹ uchuru ejobi, kugbe ohri rẹ eranvwe ejobi; evun wẹn kọye wo vwo kpono yan, ekpẹn kọye wọ cha re vwẹ ẹdẹ rẹ akpọ wẹn ejobi.|Ọrovwohwo Ọghẹnẹ da ta kẹ ọrọdekọ na, Fiki robo wo vwo ru emu nana, eka kẹ wẹ vwẹ ohri rẹ uchuru ejobi, kugbe ohri rẹ eranvwe ejobi; evun wẹn kọye wo vwo kpono yan, ekpẹn kọye wọ cha re vwẹ ẹdẹ rẹ akpọ wẹn ejobi.
GEN_003_015|Ki mi phi eghrẹ phihọ uvwre wẹn vẹ ọ rẹ aye na, Te uvwre rẹ emọ wẹn vẹ erẹ aye na, kọ ghwiẹ wẹ uyovwi, ku wọ rhovwọ uchukowọ.|Ki mi phi eghrẹ phihọ uvwre wẹn vẹ ọ rẹ aye na, Te uvwre rẹ emọ wẹn vẹ erẹ aye na, kọ ghwiẹ wẹ uyovwi, ku wọ rhovwọ uchukowọ.
GEN_003_016|Vwọ kẹ aye na ọ da ta, Me kẹ wẹ odjadja buebu vwẹ ọke rẹ evwiẹ wẹn, vwẹ odjadja wo de vwiẹ emọ, ẹguọnọ wẹn kẹ obọ rẹ ọshare wẹn onurhe, ko sun we.|Vwọ kẹ aye na ọ da ta, Me kẹ wẹ odjadja buebu vwẹ ọke rẹ evwiẹ wẹn, vwẹ odjadja wo de vwiẹ emọ, ẹguọnọ wẹn kẹ obọ rẹ ọshare wẹn onurhe, ko sun we.
GEN_003_017|Vwọ kẹ Adam ọ da tanẹ, Fikiridie wọ vwọ kerhọ rẹ aye wẹn, wo da re emamọ rẹ urhe na re Me djẹ wẹ nu wọ ria-a na, eka kọ dia kẹ otọ na fiki wẹn, vwẹ evun rẹ owian wọ ke sa re emu vwẹ ẹdẹ rẹ akpọ wẹn ejobi;|Vwọ kẹ Adam ọ da tanẹ, Fikiridie wọ vwọ kerhọ rẹ aye wẹn, wo da re emamọ rẹ urhe na re Me djẹ wẹ nu wọ ria-a na, eka kọ dia kẹ otọ na fiki wẹn, vwẹ evun rẹ owian wọ ke sa re emu vwẹ ẹdẹ rẹ akpọ wẹn ejobi;
GEN_003_018|idjigbẹ vẹ ekpia ke djẹ nẹ otọ na rhe kẹ wẹ, ku wọ cha re ekankọn rẹ aghwa na.|idjigbẹ vẹ ekpia ke djẹ nẹ otọ na rhe kẹ wẹ, ku wọ cha re ekankọn rẹ aghwa na.
GEN_003_019|Ọdja kọ dia opharo wẹn wọ ke cha re emu, bẹsiẹ wo che vwo rhivwi kpo otọ ri wo nurhe, ekpẹn wo ji che hirhe ra.|Ọdja kọ dia opharo wẹn wọ ke cha re emu, bẹsiẹ wo che vwo rhivwi kpo otọ ri wo nurhe, ekpẹn wo ji che hirhe ra.
GEN_003_020|Ọshare na de se odẹ rẹ aye rọye Ivi, fikiridie ọye oni rẹ ihwo rẹ akpọ na ejobi.|Ọshare na de se odẹ rẹ aye rọye Ivi, fikiridie ọye oni rẹ ihwo rẹ akpọ na ejobi.
GEN_003_021|Ọrovwohwo Ọghẹnẹ de ko ewun rẹ ophiẹn kẹ Adam vẹ aye rọye, o de rhuo ayen.|Ọrovwohwo Ọghẹnẹ de ko ewun rẹ ophiẹn kẹ Adam vẹ aye rọye, o de rhuo ayen.
GEN_003_022|Ọrovwohwo Ọghẹnẹ da ta, Nighe, ohwo rhoma rhe họhọ ọvo rẹ avwanre re, rọ riẹn erhuvwu vẹ umiovwo re, Asakiephana, a da fọ ke, ọ cha riẹn obọ rọye rhe ọ da je rhe reyọ omamọ rẹ urhe rẹ arhọ na, ọ da riọ, ọ da rhe dia bẹdẹ.|Ọrovwohwo Ọghẹnẹ da ta, Nighe, ohwo rhoma rhe họhọ ọvo rẹ avwanre re, rọ riẹn erhuvwu vẹ umiovwo re, Asakiephana, a da fọ ke, ọ cha riẹn obọ rọye rhe ọ da je rhe reyọ omamọ rẹ urhe rẹ arhọ na, ọ da riọ, ọ da rhe dia bẹdẹ.
GEN_003_023|Fiki rẹ ọtiọye na Ọrovwohwo Ọghẹnẹ da djẹ nẹ evun rẹ udju rẹ Idẹn na, nẹ o gbe re voro otọ ra reyerọ nurhe na.|Fiki rẹ ọtiọye na Ọrovwohwo Ọghẹnẹ da djẹ nẹ evun rẹ udju rẹ Idẹn na, nẹ o gbe re voro otọ ra reyerọ nurhe na.
GEN_003_024|Ọ da djẹ ohwo na ruẹ afe, vwẹ obọrhe rẹ udju rẹ Idẹn na, o de phi chẹrobim, ọ vẹ ọnọkọ rẹ erhanre rọ rhẹriẹ kpenẹ kpenẹ, rọ rhẹrẹ urhe rẹ arhọ na.|Ọ da djẹ ohwo na ruẹ afe, vwẹ obọrhe rẹ udju rẹ Idẹn na, o de phi chẹrobim, ọ vẹ ọnọkọ rẹ erhanre rọ rhẹriẹ kpenẹ kpenẹ, rọ rhẹrẹ urhe rẹ arhọ na.
GEN_004_001|Vwẹ ọke nana Adam da rhe riẹn aye rọye Ivi, ọ da mrevun o de vwiẹ Ken, tanẹ, Mi vwiẹ ohwo vwẹ ọchuko rẹ Ọrovwohwo.|Vwẹ ọke nana Adam da rhe riẹn aye rọye Ivi, ọ da mrevun o de vwiẹ Ken, tanẹ, Mi vwiẹ ohwo vwẹ ọchuko rẹ Ọrovwohwo.
GEN_004_002|Obọ rivẹ o de vwiẹ oniọvo rọye Ebẹl. Ebẹl na kẹ igodẹ ochurẹ, Ken otọ kọye o voro.|Obọ rivẹ o de vwiẹ oniọvo rọye Ebẹl. Ebẹl na kẹ igodẹ ochurẹ, Ken otọ kọye o voro.
GEN_004_005|ẹkẹvuọvo ọ ri Ken o de no saka. Ivun de miovwi Ken gangan o de mu opharo phihọ.|ẹkẹvuọvo ọ ri Ken o de no saka. Ivun de miovwi Ken gangan o de mu opharo phihọ.
GEN_004_007|Wọ riẹn ru nọ, ọ gbe rha jẹn wẹ reyọ? Wọ rha riẹn ru-u na, umwemwu fiọko vwọ anurhoro wẹn, wẹwẹ ọ guọnọ reyọ ẹkẹvuọvo pharhe wo phio kparobọ.|Wọ riẹn ru nọ, ọ gbe rha jẹn wẹ reyọ? Wọ rha riẹn ru-u na, umwemwu fiọko vwọ anurhoro wẹn, wẹwẹ ọ guọnọ reyọ ẹkẹvuọvo pharhe wo phio kparobọ.
GEN_004_008|Ken da ta kẹ Ebẹl rẹ oniọvo rọye nẹ, Gbe jẹ avwanre kpo obo aghwa. Rẹ ayen vwọ obo aghwa re, Ken da vwọ so oniọvo rọye Ebẹl o de hwe ghwu.|Ken da ta kẹ Ebẹl rẹ oniọvo rọye nẹ, Gbe jẹ avwanre kpo obo aghwa. Rẹ ayen vwọ obo aghwa re, Ken da vwọ so oniọvo rọye Ebẹl o de hwe ghwu.
GEN_004_009|Etiyin Ọrovwohwo da ta kẹ Ken, Tivọ Ebẹl rẹ oniọvo wẹn epha? Ọ da ta, Me riẹnre-e, mẹvwẹ re sẹro rẹ oniọvo mẹ?|Etiyin Ọrovwohwo da ta kẹ Ken, Tivọ Ebẹl rẹ oniọvo wẹn epha? Ọ da ta, Me riẹnre-e, mẹvwẹ re sẹro rẹ oniọvo mẹ?
GEN_004_012|Wo de voro otọ na, o gbi che yovwi emu kẹ wẹ-ẹ, ku wọ dia ọvwisusu kugbe osoghoro vwẹ evun rẹ akpọ na.|Wo de voro otọ na, o gbi che yovwi emu kẹ wẹ-ẹ, ku wọ dia ọvwisusu kugbe osoghoro vwẹ evun rẹ akpọ na.
GEN_004_013|Ken da ta kẹ Ọrovwohwo, Oja mẹ ọ rhonọ obo ri mi se chiri.|Ken da ta kẹ Ọrovwohwo, Oja mẹ ọ rhonọ obo ri mi se chiri.
GEN_004_015|Ọrovwohwo da ta kẹ nẹ, Ọ dia eriyi-in, ọ da dianẹ ohwo hwe Ken, ka re ihri akueghwrẹ vwẹ obọ rọye Ọrovwohwo da ka oka vwọi Ken, rere ohwo rọ mrẹrẹ vwo je hwe.|Ọrovwohwo da ta kẹ nẹ, Ọ dia eriyi-in, ọ da dianẹ ohwo hwe Ken, ka re ihri akueghwrẹ vwẹ obọ rọye Ọrovwohwo da ka oka vwọi Ken, rere ohwo rọ mrẹrẹ vwo je hwe.
GEN_004_017|Ken da riẹn aye rọye, ọ da mrevun o de vwiẹ Inọk, ọ da fan orere, o de mu odẹ rẹ ọmọ rọye se, Inọk.|Ken da riẹn aye rọye, ọ da mrevun o de vwiẹ Inọk, ọ da fan orere, o de mu odẹ rẹ ọmọ rọye se, Inọk.
GEN_004_018|Inọk de vwiẹ Irad, Irad kọye ọsẹ ri Mẹhujael, Mẹhujael kọye ọsẹ ri Mẹtushẹl, Mẹtushẹl kọye ọsẹ ri Lamẹk|Inọk de vwiẹ Irad, Irad kọye ọsẹ ri Mẹhujael, Mẹhujael kọye ọsẹ ri Mẹtushẹl, Mẹtushẹl kọye ọsẹ ri Lamẹk
GEN_004_019|Lamẹk da reyọ eya ivẹ, odẹ rẹ ọvo kẹ Ada, odẹ rẹ ọrivẹ ki Zila|Lamẹk da reyọ eya ivẹ, odẹ rẹ ọvo kẹ Ada, odẹ rẹ ọrivẹ ki Zila
GEN_004_020|Ada de vwiẹ Jabal, ọye ọsẹ rẹ ihwo re dia utughẹ ri ji churu uchuru.|Ada de vwiẹ Jabal, ọye ọsẹ rẹ ihwo re dia utughẹ ri ji churu uchuru.
GEN_004_021|Odẹ rẹ oniọvo rọye ki Jubal, kọye rha ọsẹ rẹ ihwo ri hworo isorogu vẹ owanre.|Odẹ rẹ oniọvo rọye ki Jubal, kọye rha ọsẹ rẹ ihwo ri hworo isorogu vẹ owanre.
GEN_004_022|Zila de vwiẹ Tubal-Ken; kọye ogun ro duvwu erọvwo kugbe utehru Oniọvo ri Tubal-Ken rẹ ọmọtẹ ki Naama.|Zila de vwiẹ Tubal-Ken; kọye ogun ro duvwu erọvwo kugbe utehru Oniọvo ri Tubal-Ken rẹ ọmọtẹ ki Naama.
GEN_004_023|Lamẹk da ta kẹ eya rọye: Ada vi Zila nyo urhuru mẹ, ovwan eya ri Lamẹk kerhọ rẹ obo re Me ta. Mi hwe ohwo rọ wan vwẹ oma, emeghene rọ ghwiẹ vwẹ.|Lamẹk da ta kẹ eya rọye: Ada vi Zila nyo urhuru mẹ, ovwan eya ri Lamẹk kerhọ rẹ obo re Me ta. Mi hwe ohwo rọ wan vwẹ oma, emeghene rọ ghwiẹ vwẹ.
GEN_004_024|A da re ihri ri Ken akueghwrẹ, uyota ọ ri Lamẹk kẹ ujorha gbe ihwe akueghwrẹ.|A da re ihri ri Ken akueghwrẹ, uyota ọ ri Lamẹk kẹ ujorha gbe ihwe akueghwrẹ.
GEN_004_025|Adam da rhoma riẹn aye rọye, o de vwiẹ ọmọshare o de se odẹ rọye Sẹt, kidie ọ tare nẹ, Ọghẹnẹ kẹ vwẹ ohwo ọfa vwẹ ẹdia rẹ Ebẹl ri Ken hweri.|Adam da rhoma riẹn aye rọye, o de vwiẹ ọmọshare o de se odẹ rọye Sẹt, kidie ọ tare nẹ, Ọghẹnẹ kẹ vwẹ ohwo ọfa vwẹ ẹdia rẹ Ebẹl ri Ken hweri.
GEN_004_026|Sẹt de rhe vwiẹ ọshare re se odẹ rọye Inọsh. Vwẹ ọke yena yẹ ihwo ghwe mu odẹ rẹ Ọghẹnẹ ese obọ.|Sẹt de rhe vwiẹ ọshare re se odẹ rọye Inọsh. Vwẹ ọke yena yẹ ihwo ghwe mu odẹ rẹ Ọghẹnẹ ese obọ.
GEN_016_001|Vwẹ ọke nana Serai, aye rẹ Ebram na, ji vwiẹ ọmọ kẹ-ẹ. Yo vwo ọmọtẹ rẹ Ijipt ọvo ro gbe odibo kẹ rẹ odẹ rọye Hagar;|Vwẹ ọke nana Serai, aye rẹ Ebram na, ji vwiẹ ọmọ kẹ-ẹ. Yo vwo ọmọtẹ rẹ Ijipt ọvo ro gbe odibo kẹ rẹ odẹ rọye Hagar;
GEN_016_002|Serai da ta kẹ Ebram, Gbe no, Ọrovwohwo kanro ovwẹ o gbi ju vwe vwiẹ ọmọ-ọ, gbe bru ọmọtẹ mẹ na ra, ọkeọvo ke Me wan oma rọye vwo ọmọ. Ebram de nyo ota ri Serai na.|Serai da ta kẹ Ebram, Gbe no, Ọrovwohwo kanro ovwẹ o gbi ju vwe vwiẹ ọmọ-ọ, gbe bru ọmọtẹ mẹ na ra, ọkeọvo ke Me wan oma rọye vwo ọmọ. Ebram de nyo ota ri Serai na.
GEN_016_004|O de bru Hagar ra, ọ da mrevun, rọ vwọ mrevun nure na, ko nẹ onini rọye na Serai saka.|O de bru Hagar ra, ọ da mrevun, rọ vwọ mrevun nure na, ko nẹ onini rọye na Serai saka.
GEN_016_005|Serai da ta kẹ Ebram, Jẹn oruchọ ri mi ruru dia uyovwi wẹn; Me da vwẹ ọmọtẹ mẹ vwọ kẹ wẹ vwọ rọvwọ, rọ rhe vwọ mrẹ nẹ ọye mrevun na, ko ni vwe saka. Gbe jẹ Ọrovwohwo brorhiẹ mẹ vẹ ọwẹn,|Serai da ta kẹ Ebram, Jẹn oruchọ ri mi ruru dia uyovwi wẹn; Me da vwẹ ọmọtẹ mẹ vwọ kẹ wẹ vwọ rọvwọ, rọ rhe vwọ mrẹ nẹ ọye mrevun na, ko ni vwe saka. Gbe jẹ Ọrovwohwo brorhiẹ mẹ vẹ ọwẹn,
GEN_016_006|Ẹkẹvuọvo Ebram da ta kẹ Serai, Nighe, ogangan rẹ ọmọtẹ wẹn o rhe we, vwo ru obo ri je we. Etiyin Serai da djoma kpahọ, ọ da djẹ nẹ obọ rọye.|Ẹkẹvuọvo Ebram da ta kẹ Serai, Nighe, ogangan rẹ ọmọtẹ wẹn o rhe we, vwo ru obo ri je we. Etiyin Serai da djoma kpahọ, ọ da djẹ nẹ obọ rọye.
GEN_016_008|O da tanẹ, Hagar, ọmọtẹ ri Serai, tivọ wo nurhe ki tivọ wọ je ra? Ọ da tanẹ, Me djẹ nẹ obọ rẹ onini mẹ Serai|O da tanẹ, Hagar, ọmọtẹ ri Serai, tivọ wo nurhe ki tivọ wọ je ra? Ọ da tanẹ, Me djẹ nẹ obọ rẹ onini mẹ Serai
GEN_016_012|Ọ cha họhọ ekẹtẹkẹtẹ rọ djoma, rẹ obọ rọye mu kohwo kohwo rẹ obọ ri kohwo kohwo ji mu rhe, vwẹ irharo rẹ imoni rọye o de yenre akpọ rọye.|Ọ cha họhọ ekẹtẹkẹtẹ rọ djoma, rẹ obọ rọye mu kohwo kohwo rẹ obọ ri kohwo kohwo ji mu rhe, vwẹ irharo rẹ imoni rọye o de yenre akpọ rọye.
GEN_016_013|Kọye o de se asan rẹ Ọrovwohwo da ta ota kẹ na, Wẹ Ọghẹnẹ rọ mrorẹ, kidie ọ tare nẹ, Ke Me ghene mrẹ Ọghẹnẹ, Me mrẹrẹ nu Me da je rhọ?|Kọye o de se asan rẹ Ọrovwohwo da ta ota kẹ na, Wẹ Ọghẹnẹ rọ mrorẹ, kidie ọ tare nẹ, Ke Me ghene mrẹ Ọghẹnẹ, Me mrẹrẹ nu Me da je rhọ?
GEN_016_014|Fiki rẹ ọtiọye na e de se orhare na Beer-lahai-roi, ọ ughwru ri Kadẹsh vi Bẹrẹd.|Fiki rẹ ọtiọye na e de se orhare na Beer-lahai-roi, ọ ughwru ri Kadẹsh vi Bẹrẹd.
GEN_016_015|Hagar de vwiẹ ọmọshare kẹ Ebram, Ebram de se odẹ rẹ ọmọ na ri Hagar vwiẹ kẹ na Ishmael.|Hagar de vwiẹ ọmọshare kẹ Ebram, Ebram de se odẹ rẹ ọmọ na ri Hagar vwiẹ kẹ na Ishmael.
GEN_016_016|Ebram da dia ikpe ujọne gbẹ esan vwẹ ọke ri Hagar vwo vwiẹ Ishmael kẹ Ebram.|Ebram da dia ikpe ujọne gbẹ esan vwẹ ọke ri Hagar vwo vwiẹ Ishmael kẹ Ebram.
GEN_018_003|ọ da ta, Ọrovwovwe, ọ da dianẹ ivun mẹ vwerhe owẹ, wọ wanvrẹn odibo wẹ-ẹn.|ọ da ta, Ọrovwovwe, ọ da dianẹ ivun mẹ vwerhe owẹ, wọ wanvrẹn odibo wẹ-ẹn.
GEN_018_004|E jo vo ama ame rhe, re wa hworhẹ awọ wẹn, rere we rovwoma vwẹ otọ rẹ urhe na,|E jo vo ama ame rhe, re wa hworhẹ awọ wẹn, rere we rovwoma vwẹ otọ rẹ urhe na,
GEN_018_006|Ebraham de bru Sera kpata kpata kpo obo utughẹ, ọ da ta, Chere emu kpata kpata kẹ ihwo erha, omamọ rẹ emu, gbe, re wọ kaka ikara.|Ebraham de bru Sera kpata kpata kpo obo utughẹ, ọ da ta, Chere emu kpata kpata kẹ ihwo erha, omamọ rẹ emu, gbe, re wọ kaka ikara.
GEN_018_007|Ebraham da ghwa djẹ kpo obo uchuru rọye, o de mu upene rẹ erhuẹn, sọkọ sọkọ yoyovwi, ọ da vwọ kẹ odibo rọye, nọ ra rhuẹrẹ phẹrẹkpẹ.|Ebraham da ghwa djẹ kpo obo uchuru rọye, o de mu upene rẹ erhuẹn, sọkọ sọkọ yoyovwi, ọ da vwọ kẹ odibo rọye, nọ ra rhuẹrẹ phẹrẹkpẹ.
GEN_018_008|Ọ da reyọ evwri, kugbe ameivie vwo chere upene rẹ erhuẹn na, o de muo kẹ ayen, o de mudia kẹrẹ ayen vwẹ otọ rẹ urhe na je ayen ra ria.|Ọ da reyọ evwri, kugbe ameivie vwo chere upene rẹ erhuẹn na, o de muo kẹ ayen, o de mudia kẹrẹ ayen vwẹ otọ rẹ urhe na je ayen ra ria.
GEN_018_009|Ayen da nọ nẹ, Tivọ Sera rẹ aye wẹn epha? Ọ da tanẹ, Ọ obo utughẹ.|Ayen da nọ nẹ, Tivọ Sera rẹ aye wẹn epha? Ọ da tanẹ, Ọ obo utughẹ.
GEN_018_011|Vwẹ ọke nana Ebraham vi Sera eghwore, ekpakoro gangan re; okpuyovwi ri Sera bru afe re.|Vwẹ ọke nana Ebraham vi Sera eghwore, ekpakoro gangan re; okpuyovwi ri Sera bru afe re.
GEN_018_012|Etiyin Sera da hwẹ phihọ evun tanẹ, Ọke nana Me vwọ ghwo nure na, ekpuyovwi rẹ ọshare mẹ je ghwo, kẹ ọke na a ke mrẹ avwerhe ọfa?|Etiyin Sera da hwẹ phihọ evun tanẹ, Ọke nana Me vwọ ghwo nure na, ekpuyovwi rẹ ọshare mẹ je ghwo, kẹ ọke na a ke mrẹ avwerhe ọfa?
GEN_018_013|Ọrovwohwo da ta kẹ Ebraham, Kidie Sera vwọ hwẹ, tanẹ, Ke Me cha rhoma vwiẹ ọmọ vwẹ emare na?|Ọrovwohwo da ta kẹ Ebraham, Kidie Sera vwọ hwẹ, tanẹ, Ke Me cha rhoma vwiẹ ọmọ vwẹ emare na?
GEN_018_014|O vwo emuọvo rọ bẹn kẹ Ọrovwohwo? Ọke ri mi seri na ke Me cha rhoma bru we rhe, vwẹ asan evwru na, Sera ko che vwiẹ ọmọshare.|O vwo emuọvo rọ bẹn kẹ Ọrovwohwo? Ọke ri mi seri na ke Me cha rhoma bru we rhe, vwẹ asan evwru na, Sera ko che vwiẹ ọmọshare.
GEN_018_015|Ẹkẹvuọvo Sera da ghwunu, tanẹ, Me hwẹre-e, kidie oshọ muro. Ọ da ta, Ẹjo, ẹkẹvuọvo wọ ghine hwẹ.|Ẹkẹvuọvo Sera da ghwunu, tanẹ, Me hwẹre-e, kidie oshọ muro. Ọ da ta, Ẹjo, ẹkẹvuọvo wọ ghine hwẹ.
GEN_018_016|Etiyin eshare na da yan nẹ Etiyin, ayen da garo vi Sodọm; Ebraham de sun ayen te idjerhe.|Etiyin eshare na da yan nẹ Etiyin, ayen da garo vi Sodọm; Ebraham de sun ayen te idjerhe.
GEN_018_017|Ọrovwohwo da ta, Ki mi si obo ri mi che ru na nu kẹ Ebraham,|Ọrovwohwo da ta, Ki mi si obo ri mi che ru na nu kẹ Ebraham,
GEN_018_018|ye Me mrẹre nẹ Ebraham cha rho ri hirhe ẹgborho rode, rẹ ẹgborho rẹ akpọ na ejobi da wan oma rọye vwo ebruphihọ?|ye Me mrẹre nẹ Ebraham cha rho ri hirhe ẹgborho rode, rẹ ẹgborho rẹ akpọ na ejobi da wan oma rọye vwo ebruphihọ?
GEN_018_020|Etiyin Ọrovwohwo da ta kẹ, Kidie ekuvwie rẹ edo ri Sodọm vi Gomora ọ rhoro gangan umwemwu rayen brare gangan,|Etiyin Ọrovwohwo da ta kẹ, Kidie ekuvwie rẹ edo ri Sodọm vi Gomora ọ rhoro gangan umwemwu rayen brare gangan,
GEN_018_021|Me ra Me ra mrẹ sẹ ekuvwie ri mi nyo kpahọ ayen na ghine uyota eyẹ efia, ọ rha dia uyota-a ke Me riẹn.|Me ra Me ra mrẹ sẹ ekuvwie ri mi nyo kpahọ ayen na ghine uyota eyẹ efia, ọ rha dia uyota-a ke Me riẹn.
GEN_018_022|Etiyin ihwo na de ku oma rhẹriẹ nẹ Etiyin, ayen da garo vi Sodọm; ẹkẹvuọvo Ebraham ji mudia vwẹ obaro rẹ Ọrovwohwo.|Etiyin ihwo na de ku oma rhẹriẹ nẹ Etiyin, ayen da garo vi Sodọm; ẹkẹvuọvo Ebraham ji mudia vwẹ obaro rẹ Ọrovwohwo.
GEN_018_023|Etiyin Ebraham de sikẹrẹ, ọ da ta, Ku wo ghine ghwọrọ evwata kugbe iruimwemwu?|Etiyin Ebraham de sikẹrẹ, ọ da ta, Ku wo ghine ghwọrọ evwata kugbe iruimwemwu?
GEN_018_024|Ọ da dianẹ a mrẹ ihwo ujuvẹ gbe ihwe re dia evwata vwẹ orere na; wọ je ghwọrọ asan na, wo rhe jẹ ihwo ujuvẹ gbẹ ihwe rẹ evwata na vwo vwọ?|Ọ da dianẹ a mrẹ ihwo ujuvẹ gbe ihwe re dia evwata vwẹ orere na; wọ je ghwọrọ asan na, wo rhe jẹ ihwo ujuvẹ gbẹ ihwe rẹ evwata na vwo vwọ?
GEN_018_025|A gha e se ru emu ọtiọye-e, rẹ e vwo hwe evwata kugbe iruimwemwu, re evwata vwọ họhọ iruimwemwu, A sa mrẹ-ẹ; Obrorhiẹ rẹ akpọ na rhe se ru obo re gbare?|A gha e se ru emu ọtiọye-e, rẹ e vwo hwe evwata kugbe iruimwemwu, re evwata vwọ họhọ iruimwemwu, A sa mrẹ-ẹ; Obrorhiẹ rẹ akpọ na rhe se ru obo re gbare?
GEN_018_027|Ebraham da kpahe, Nighe, Me ra ta ota kẹ Ọrovwohwo, mẹvwẹ re ekpẹn vẹ iwurhie diodi na,|Ebraham da kpahe, Nighe, Me ra ta ota kẹ Ọrovwohwo, mẹvwẹ re ekpẹn vẹ iwurhie diodi na,
GEN_018_028|Ọ da dianẹ a mrẹ evwata ujuvẹ gbẹ iyori? Ku wọ je ghwọrọ orere na fiki rẹ iyori ọvo ri nuro na? Ọ da ta, Me sa ghwọrọ-ọ ọ da dianẹ a mrẹ evwata ujuvẹ gbe iyori vwọ.|Ọ da dianẹ a mrẹ evwata ujuvẹ gbẹ iyori? Ku wọ je ghwọrọ orere na fiki rẹ iyori ọvo ri nuro na? Ọ da ta, Me sa ghwọrọ-ọ ọ da dianẹ a mrẹ evwata ujuvẹ gbe iyori vwọ.
GEN_018_030|Etiyin ọ da ta, Biko e jẹn ophu mu Ọrovwohwo-o, re Me ta Ọnana. Ọ da dianẹ a mrẹ ọgban vwọ. Ọ da ta, Mi se ruo-o, ọ da dianẹ Me mrẹ ọgban vwọ.|Etiyin ọ da ta, Biko e jẹn ophu mu Ọrovwohwo-o, re Me ta Ọnana. Ọ da dianẹ a mrẹ ọgban vwọ. Ọ da ta, Mi se ruo-o, ọ da dianẹ Me mrẹ ọgban vwọ.
GEN_018_031|Ọ da ta, Nighe, ki mi kpokpo Ọrovwohwo na. Ọ da dianẹ a mrẹ uje vwọ. Ọ da kpahe, Vwi fiki rẹ uje na Me gbe sa ghwọrọ-ọ.|Ọ da ta, Nighe, ki mi kpokpo Ọrovwohwo na. Ọ da dianẹ a mrẹ uje vwọ. Ọ da kpahe, Vwi fiki rẹ uje na Me gbe sa ghwọrọ-ọ.
GEN_018_032|Ọ da rhoma ta, Biko e jẹn ophu mu Ọrovwohwo-o, Me je ta obọ nana tavwe. Ọ da dianẹ a mrẹ ihwo ihwe vwọ. Ọ da ta, Fiki rẹ ihwe na Me je sa ghwọrọ-ọ.|Ọ da rhoma ta, Biko e jẹn ophu mu Ọrovwohwo-o, Me je ta obọ nana tavwe. Ọ da dianẹ a mrẹ ihwo ihwe vwọ. Ọ da ta, Fiki rẹ ihwe na Me je sa ghwọrọ-ọ.
