GEN_002_001|data/processed/segments/GEN/GEN_002_001.wav|Kẹnẹ a ma odjúvwu vẹ akpọ́ kugbe obo re vọnrọ ejobi wan.
GEN_002_006|data/processed/segments/GEN/GEN_002_006.wav|ẹkẹvuọvo evwru kọye di muẹ nẹ otọ na kpenu ọ Me rhe kpọrhọ otọ na ejobi -
GEN_002_007|data/processed/segments/GEN/GEN_002_007.wav|kọye Ọrovwohwo Ọghẹnẹ da vwẹ ekpẹn rẹ otọ na vwọ ma ohwo, ọ da wẹn ẹwẹn rẹ arhọ na phihọ iwen rọye, ohwo de hirhe ohwo ọkpokpọ.
GEN_002_010|data/processed/segments/GEN/GEN_002_010.wav|Urhie da va phia vwẹ Idẹn rere ọrhuọrhuọ udju na, Etiyin ọ da jẹn eghọn ẹ́ne.
GEN_002_011|data/processed/segments/GEN/GEN_002_011.wav|Odẹ rẹ ọrẹsosuọ Pishọn, ọna re djẹ nene ubrotọ ri Havila, ra da mrẹ oro;
GEN_002_012|data/processed/segments/GEN/GEN_002_012.wav|oro rẹ otọ na pha yoyovwi; bideliọm vẹ oragha rẹ oniks; je otọ na rhe.
GEN_002_013|data/processed/segments/GEN/GEN_002_013.wav|Odẹ rẹ urhie rivẹ ki Gihọn, urhie nana re djẹ wan ubrotọ ri Kush.
GEN_002_014|data/processed/segments/GEN/GEN_002_014.wav|Odẹ rẹ urhie rerha ki Tigris, rọ djẹ nene obọrhe rẹ Asira. Urhie rẹne ki Yufretis.
GEN_002_015|data/processed/segments/GEN/GEN_002_015.wav|Ọrovwohwo Ọghẹnẹ da reyọ ohwo na o de phio phihọ udju rẹ Idẹn na rere ọ sẹro rọye.
GEN_002_016|data/processed/segments/GEN/GEN_002_016.wav|Ọrovwohwo Ọghẹnẹ de ji urhi kẹ ohwo na, nẹ, Wọ sa re omamọ komamọ rẹ udju na obo ri jẹn we;
GEN_002_018|data/processed/segments/GEN/GEN_002_018.wav|Ọrovwohwo Ọghẹnẹ da ta, Oyoma rere ọsháre ọ́vo vwọ dia sogono-o, Me ma ọchuko ro fori vwọ kẹ.
GEN_002_019|data/processed/segments/GEN/GEN_002_019.wav|Kọye vwẹ evun rẹ otọ na re, Ọrovwohwo Ọghẹnẹ da ma eránvwe keranvwe rẹ ághwá na kugbe ọphran kọphran rẹ enu na, ọ da ghwẹ ayen vwọ kẹ ohwo na sọsa mrẹ obo ro se ayen; obo rẹ ohwo na se eranvwe keranvwe ekpokpọ na, kẹ odẹ yena ese.
GEN_002_020|data/processed/segments/GEN/GEN_002_020.wav|Ohwo na de mu odẹ kẹ uchuru ejobi, vwọ kẹ ephran rẹ obenu na, ji te eránvwe rẹ ághwá na, ẹkẹvuọvo vwọ kẹ ekpuyovwi rẹ ohwo na a gbe mrẹ ọchuko ro fori vwọ kẹ-ẹ.
GEN_002_021|data/processed/segments/GEN/GEN_002_021.wav|Kọye Ọrovwohwo Ọghẹnẹ da vwẹ ovwerhe rode vwó mu ohwo na, rọ vwọ vwerhẹ re ọ da reyọ ubiedada rọye ode ko di;
GEN_002_022|data/processed/segments/GEN/GEN_002_022.wav|ubiedada rẹ Ọrovwohwo Ọghẹnẹ reyọre nẹ omá rẹ ọsháre rhe na o da vwọ ma ayé ọ da reyọ vwọ kẹ ọshare na.
GEN_002_023|data/processed/segments/GEN/GEN_002_023.wav|Etiyin ọsháre na da ta, Ọnana ubeku mẹ́ kugbe uvwo rẹ uvwo mẹ, ke se nẹ Ayé, fikiridie omá rẹ ọshare esiro nurhe.
GEN_002_024|data/processed/segments/GEN/GEN_002_024.wav|Fiki rẹ ọtiọye na ọsháre vwọ yan jẹn ọ́sẹ rọye vẹ oní rọye vwó kọ rhe gbanọ ayé rọye, ayen ke dia omá ọ́vo.
GEN_002_025|data/processed/segments/GEN/GEN_002_025.wav|Te ọshare na ve ayé rọye da ban phihọ, yẹ oma vo aye-en.
GEN_006_003|data/processed/segments/GEN/GEN_006_003.wav|Etiyin Ọrovwohwo da ta, Erhí Me sa dia evun rẹ ohwo bẹdẹ-ẹ, fikiridie uvwo oruẹ, ẹkẹvuọvo ẹ́dẹ rẹ akpọ́ rọye kẹ ikpe ujosa kọye ọ dia.
GEN_006_004|data/processed/segments/GEN/GEN_006_004.wav|Yi Nẹfilim evun rẹ akpọ́ vwẹ ọke yena, kọye vwẹ ukuko rọye re, rẹ emọ rẹ Ọghẹnẹ vwo bru emetẹ rẹ ihwo rẹ akpọ rhire, i de vwiẹ emọ kẹ ayen. Enana kẹ eye egba rẹ awanre, ri kperi usi.
GEN_006_009|data/processed/segments/GEN/GEN_006_009.wav|Enana ke ye orua ri Noa. Noa kẹ ọvwata oruẹ, o vwo eka vwẹ orua rọye na-a; Noa da yan kpahọ Ọghẹnẹ.
GEN_006_010|data/processed/segments/GEN/GEN_006_010.wav|Noa de vwó emeshare ẹ́rha, Shẹm, Ham kugbe Jafet.
GEN_006_011|data/processed/segments/GEN/GEN_006_011.wav|Akpọ́ na de rhi gbeku vwẹ obaro rẹ Ọghẹnẹ, akpọ na ke je vọn vẹ ozighi.
GEN_006_012|data/processed/segments/GEN/GEN_006_012.wav|Ọghẹnẹ da mrẹ akpọ na, nighe, o de gbeku; fikiridie uvwo ejobi gbeku tughu vwẹ enu rẹ akpọ na.
GEN_006_013|data/processed/segments/GEN/GEN_006_013.wav|Ọghẹnẹ da ta ki Noa, Me guọnọre ne Me guọghọ emú ejobi nẹ akpọ na, kidie akpọ na vọnre vẹ ozighi fiki rẹ ayen, nighe, Me guọghọ ayen vẹ akpọ na.
GEN_006_014|data/processed/segments/GEN/GEN_006_014.wav|Gba vwẹ urhé ri gofa kare ókọ̀, kare ivun phihọ okọ na, wọ nabọ pharọ te obevun te otafe vẹ orhọrhe.
GEN_006_015|data/processed/segments/GEN/GEN_006_015.wav|Ọtiọna kọye wo ruo: ugrogro rẹ ókọ̀ na kubit urí gbẹ ujori, ohẹhẹre rọye kubit ujuvẹ gbẹ ihwé, ekodo rọye kubit ọgban.
GEN_006_016|data/processed/segments/GEN/GEN_006_016.wav|Bọ uwévwi phihọ enu rẹ ókọ̀ na, re okpenu te kubit ọ́vo; re wo phi ẹchẹ phihọ okọkọ rọye, gba agbada ẹ́rha phihọ, ọvo obenu, ọvo uherevie, ọvo obotọ.
GEN_006_018|data/processed/segments/GEN/GEN_006_018.wav|Ẹkẹvuọvo ke Me vẹ owẹ re ọphọ; ko wọ cha ro evun rẹ ókọ̀ na, te owẹ te emọ wẹn, aye wẹn te eya rẹ emọ wẹn.
GEN_006_019|data/processed/segments/GEN/GEN_006_019.wav|Kugbe emú kemu ejobi ri vwó ẹnwẹn vwẹ akpọ na, ku wọ reyọ ayen ivivẹ, dohwo doghẹre rọye phihọ evun rẹ okọ na, rere ayen vẹ owẹ vwọ sa rhọ, ke dia aye gbe ọshare.
GEN_006_020|data/processed/segments/GEN/GEN_006_020.wav|Ọphra, dọphra doghẹre rọye, eránvwe, deranvwe doka rọye, obo ri kpono vwẹ otọ na doka rọye, ivẹ oghẹre ọ́vo eye ri che bru we rhe, re wọ mrasa sivwi ayen rhọ.
GEN_006_021|data/processed/segments/GEN/GEN_006_021.wav|Je reyọ obo rẹ unu ria demu doka rọye, ghwẹ ayen koko wọ nabọ sẹro rayen; kọ dia emú kẹ wẹ́ vẹ ayen.
GEN_006_022|data/processed/segments/GEN/GEN_006_022.wav|Noa de ru ọna; o de ru emú ejobi rẹ Ọghẹnẹ dje kẹ nẹ o ru.
GEN_007_001|data/processed/segments/GEN/GEN_007_001.wav|Etiyin Ọrovwohwo da ta kẹ Noa, Gba ro evun rẹ okọ na, wẹ́ kugbe evwruwevwi wẹn ejobi, fikiridie Me mrere nẹ wẹ ọvwata vwẹ obaro mẹ́ vwẹ evun rẹ uvwiẹ nana.
GEN_007_002|data/processed/segments/GEN/GEN_007_002.wav|Gba reyọ oka rẹ eranvwe ighwrẹ́ ivivẹ ri tete oma, ọ rẹ ọshare vẹ ọ rẹ aye kugbe eranvwe ivivẹ ri gbe oma, ọ rẹ ọshare vẹ aye rọye;
GEN_007_003|data/processed/segments/GEN/GEN_007_003.wav|kugbe oka rẹ ephra ri obenu na ighwrẹ́ ivivẹ rhe, ọshare vẹ aye, rere ayen vwo jẹ ghwọrọ kakare nẹ enu rẹ akpọ na.
GEN_007_004|data/processed/segments/GEN/GEN_007_004.wav|Kidie ẹ́dẹ ighwrẹ́ chekọ, re Me cha vwọ vwẹ osio rhe akpọ na uvó ujuvẹ kugbe asón ujuvẹ, emu kemu ro vwo ẹnwẹn re Me mare na ejobi ki mi phoro kakare nẹ enu rẹ otọ na.
GEN_007_005|data/processed/segments/GEN/GEN_007_005.wav|Noa de ru emu ejobi rẹ Ọrovwohwo dje kẹ na.
GEN_007_006|data/processed/segments/GEN/GEN_007_006.wav|Noa da dia ikpe urí ẹ́rha ọghwo te vwẹ ọke rẹ oghwe na vwo ku akpọ na.
GEN_007_007|data/processed/segments/GEN/GEN_007_007.wav|Te Noa vẹ emọ rọye vẹ aye rọye te eya rẹ emọ rọye vẹ ọ́ye da ro evun rẹ okọ na, rẹ ayen vwo nẹ ughwu rẹ amé na.
GEN_007_008|data/processed/segments/GEN/GEN_007_008.wav|Eránvwe ri tete omá, kugbe iri gbe oma, te ephra, te obo ri kpono vwẹ otọ na,
GEN_007_009|data/processed/segments/GEN/GEN_007_009.wav|ivivẹ ọshare kugbe aye, vẹ Noa da ro evun rẹ okọ na, kirobo rẹ Ọghẹnẹ dje kẹ Noa.
GEN_007_010|data/processed/segments/GEN/GEN_007_010.wav|Ẹ́dẹ ighwrẹ́ vwọ wan nu oghwe na de rhi ku akpọ na.
GEN_007_011|data/processed/segments/GEN/GEN_007_011.wav|Vwẹ ikpe urí erha rẹ akpọ ri Noa, vwẹ emeranvwe rivẹ, vwẹ ẹdẹ ihwé gbẹ ighwrẹ rẹ emeranvwe na, vwẹ ẹdẹ vuọvo yena, ogbugbu kugbe ikokodo rẹ akpọ na da va phia, evakpo rẹ obo odjúvwu na de rhie phihọ.
GEN_007_012|data/processed/segments/GEN/GEN_007_012.wav|Osio da rhọ phihọ akpọ uvó ujuvẹ kugbe asón ujuvẹ.
GEN_007_013|data/processed/segments/GEN/GEN_007_013.wav|Vwẹ ẹdẹ ọvuọvo na Noa vẹ emọ rọye, Shẹm vi Ham kugbe Jafẹt, aye ri Noa vẹ eya erha rẹ emọ rọye ejobi da ro evun rẹ okọ,
GEN_007_014|data/processed/segments/GEN/GEN_007_014.wav|te ayen kugbe eranvwe keranvwe, deranvwe doka, te uchuru duchuru doka rọye, dọphra doka rọye.
GEN_007_016|data/processed/segments/GEN/GEN_007_016.wav|Ayen da ruọ, ọshare vẹ aye rẹ emama na ejobi, kirobo rẹ Ọghẹnẹ dje kẹ, Ọrovwohwo de huho gbe.
GEN_007_017|data/processed/segments/GEN/GEN_007_017.wav|Oghwe na de ku ẹ́dẹ ujuvẹ vwẹ enu rẹ akpọ na, amé na de bu phihọ, o de mu okọ na kpenu, ọ da kpare kpenu phenephene.
GEN_007_019|data/processed/segments/GEN/GEN_007_019.wav|Amé na de rhi bu gangan o de rhi reghe igbenu ride ejobi ri otọ rẹ akpọ na,
GEN_007_020|data/processed/segments/GEN/GEN_007_020.wav|amé na vwo reghe igbenu na nu, ọ ke rhá je kpare kubit ihwiori.
GEN_007_022|data/processed/segments/GEN/GEN_007_022.wav|kemu kemu rọ otọ ọyaya na rọ vwẹ unwe nwẹn ejobi de ghwure.
GEN_007_023|data/processed/segments/GEN/GEN_007_023.wav|O de phoro kemu kemu ejobi ro vwo arhọ re yan vwẹ enu rẹ otọ na nó, ohwo, eranvwe, obo ri kpono, ephra rẹ enu; e de phoro ayen nẹ akpọ na, Noa ọvo kọye ri chekọ, kugbe ihwo re vẹ ọ́ye gba herọ vwẹ evun rẹ oko na.
GEN_007_024|data/processed/segments/GEN/GEN_007_024.wav|Ame na de reghe akpọ na ẹdẹ ujuvẹ gbẹ ihwé.
GEN_008_001|data/processed/segments/GEN/GEN_008_001.wav|Ẹkẹvuọvo Ọghẹnẹ da rhe karohọ Noa vẹ eranvwe rẹ ághwá na ejobi kugbe uchuru ejobi re vẹ ọ́ye gba ro evun rẹ okọ na Ọghẹnẹ da vwẹ odju rhe nẹ o gbe dju enu rẹ akpọ na, ame na de rhi rhirẹn,
GEN_008_003|data/processed/segments/GEN/GEN_008_003.wav|ame na de si reyọ kọke kọke. Vwẹ oba rẹ ẹdẹ ujori gbẹ ujuvẹ gbẹ ihwé re, ame na da rhe kpọ;
GEN_008_005|data/processed/segments/GEN/GEN_008_005.wav|Ame na kẹ ẹkpọ ẹkpọ bẹsiẹ ro rhi vwo te emeranvwe rẹ ihwe vwẹ ẹdẹ rẹ ẹsosuọ rẹ emeranvwe na, enu rẹ igbenu na ejobi da rhe kpọ phia.
GEN_008_006|data/processed/segments/GEN/GEN_008_006.wav|Vwẹ ẹdẹ ujuvẹ vwọ wan nu Noa de rhie evakpo rẹ okọ na rọ kare na,
GEN_008_007|data/processed/segments/GEN/GEN_008_007.wav|o de siobọ nẹ okpemu, o da rhá kpenẹ kpenẹ bẹsiẹ rẹ ame na rhe vwọ kpọ nẹ akpọ na.
GEN_008_008|data/processed/segments/GEN/GEN_008_008.wav|Ọ da rhoma siobọ nẹ inekuku ro re ni sẹ ame na kpọ nẹ otọ na re;
GEN_008_013|data/processed/segments/GEN/GEN_008_013.wav|Vwẹ evun rẹ ikpe urí erha gbẹ ọvo, vwẹ emeranvwe rẹ ẹsosuọ, ẹdẹ rẹ ẹsosuọ rẹ emeranvwe na, ame na da kpọ nẹ otọ na kakare; Noa da fan uwévwi rẹ okọ na nu, o vwo ni, nighe, enu rẹ otọ na ejobi kpọre.
GEN_008_015|data/processed/segments/GEN/GEN_008_015.wav|Ọghẹnẹ da ta ki Noa,
GEN_008_016|data/processed/segments/GEN/GEN_008_016.wav|Gba yan phia nẹ evun rẹ okọ na, wẹ́ te aye wẹn, vẹ emọ wẹn te eya rẹ emọ wẹn
GEN_008_019|data/processed/segments/GEN/GEN_008_019.wav|Keranvwe keranvwe, kemu kemu ro kpono, kọphra kọphra, kemu kemu ro yan vwẹ akpọ na, e da yan otuotu nẹ evun rẹ okọ na rhe.
GEN_008_020|data/processed/segments/GEN/GEN_008_020.wav|Noa da so agbada kẹ Ọrovwohwo, ọ da reyọ eranvwe keranvwe ro tete oma, kugbe kọphra kọphra ro tete oma, o de ze izobo rẹ ẹtorhẹ vwẹ enu rẹ agbada na.
GEN_008_022|data/processed/segments/GEN/GEN_008_022.wav|Ọke rẹ akpọ na dia krite na, ọke ekankọn kugbe ọke orhọ ekpae kugbe oheri, ọkeuvo kugbe ohwahwa, uvó kugbe asón se re bẹdẹ-ẹ.
GEN_009_002|data/processed/segments/GEN/GEN_009_002.wav|Oshọ wẹn kugbe udidi wẹn ko mu eranvwe keranvwe rẹ akpọ na, ji te ọphra kọphra rọ obenu na, emu kemu ejobi ro kpono vwẹ otọ na kugbe erin rẹ ame; mi phi ayen ejobi phihọ obọ wẹn,
GEN_009_003|data/processed/segments/GEN/GEN_009_003.wav|emu kemu ejobi rọ yan ro vwo arhọ kọ dia emuọre kẹ wẹ́, kirobo Me vwẹ ifọn kẹ wẹ na, Me je kẹ wẹ emu ejobi.
GEN_009_004|data/processed/segments/GEN/GEN_009_004.wav|Ẹkẹvuọvo wọ ria uvwo vẹ arhọ rọye-e, kọye ọbara rọye.
GEN_009_006|data/processed/segments/GEN/GEN_009_006.wav|Ohwo ro sun ọbara rẹ ohwo te otọ, ohwo ọfa ji sun ọbara rọye te otọ, kidie Ọghẹnẹ ma ohwo vwẹ uhoho rọye.
GEN_009_007|data/processed/segments/GEN/GEN_009_007.wav|Vwọ kẹ ovwan, we vwiẹ ri we bu phihọ, we vwiẹ buebu vwẹ akpọ na ru we bu phihọ.
GEN_009_008|data/processed/segments/GEN/GEN_009_008.wav|Etiyin Ọghẹnẹ da ta kẹ Noa vẹ emọ rọye,
GEN_009_009|data/processed/segments/GEN/GEN_009_009.wav|Nighe, ke Me vẹ owẹ cha re ọphọ kugbe uvwiẹ wẹn rọ cha vwẹ obuko wẹn,
GEN_009_010|data/processed/segments/GEN/GEN_009_010.wav|kugbe eranvwe keranvwe ekpokpọ re vẹ owẹ gba herọ, uche ri nene uwe nẹ evun rẹ okọ na rhe.
GEN_009_011|data/processed/segments/GEN/GEN_009_011.wav|Me vẹ owẹ ke re ọphọ, ne Me gbe cha vwẹ ame rẹ oghwe vwo hwe uvwo ejobi ọfa eyẹ vwọ vwẹ oghwe vwọ ghwọrọ akpọ na ọfa-a.
GEN_009_012|data/processed/segments/GEN/GEN_009_012.wav|Ọghẹnẹ da ta, Ọnana kọ cha dia oka rọ ọphọ na re Me vẹ owẹ kugbe eranvwe keranvwe rọ herọ re Me mare na cha re, kugbe uvwiẹ rọ cha vwẹ obaro wẹ;
GEN_009_015|data/processed/segments/GEN/GEN_009_015.wav|ke Me karohọ ọphọ rọ herọ vwẹ uvwre mẹ́ vẹ owẹ kugbe eranvwe keranvwe rọ herọ re Me mare ejobi, ame na gbi che hirhe oma phihọ oghwe rọ ghwọrọ ohwo ọfa-a.
GEN_009_016|data/processed/segments/GEN/GEN_009_016.wav|Ọke rẹ aphoro na da obenu, ki mi nó ke Me karohọ ọphọ ri bẹdẹ rọ uvwre rẹ Ọghẹnẹ kugbe eranvwe keranvwe ekpokpọ rọ herọ re Me mare vwẹ akpọ na.
GEN_009_017|data/processed/segments/GEN/GEN_009_017.wav|Ọghẹnẹ da ta ki Noa, Ọnana kẹ oka rẹ ọphọ na ri mi vwo mu vwẹ uvwre mẹ kugbe uvwo ejobi rọ enu rẹ akpọ na.
GEN_009_019|data/processed/segments/GEN/GEN_009_019.wav|Enana ẹ́rha na keye emọ ri Noa; enana erha na keye ri vwiẹ akpọ na soso.
GEN_009_020|data/processed/segments/GEN/GEN_009_020.wav|Noa kọye ọghwẹrẹ rẹ ẹsosuọ rọ tu voro otọ na. Ọ da kọn ogbá ri vain,
GEN_009_021|data/processed/segments/GEN/GEN_009_021.wav|ọ da da udi ri vain na, udi de muo, o de shevwerhẹ otọ rẹ utughẹ rọye vẹ ẹbẹba.
GEN_009_022|data/processed/segments/GEN/GEN_009_022.wav|Ham, rẹ ọ́sẹ ri Kenan, da mrẹ ẹba rẹ ọsẹ rọye, o de rhi gbe ikun kẹ iniọvo rọye vwẹ otafe.
GEN_009_025|data/processed/segments/GEN/GEN_009_025.wav|ọ da ta, Eka ki Kenan, ọviẹn rẹ ọviẹn wọ dia kẹ iniọvo wẹn.
GEN_009_026|data/processed/segments/GEN/GEN_009_026.wav|Ọ da je ta, Ọrovwohwo rẹ Ọghẹnẹ mẹ bruba kẹ Shẹm, gbe ji Kenan dia ọviẹn rọye.
GEN_009_027|data/processed/segments/GEN/GEN_009_027.wav|Ọghẹnẹ hẹre ishamwa ri Jafẹt, e jọ dia itughẹ ri Shẹm, e je Kenan dia ọviẹn rọye.
GEN_009_028|data/processed/segments/GEN/GEN_009_028.wav|Noa da rhoma dia akpọ na ikpe uri gbẹ ujughwrẹ gbẹ ihwe, vwẹ ọke rẹ oghwe na vwo kunu.
GEN_009_029|data/processed/segments/GEN/GEN_009_029.wav|Ẹdẹ rẹ akpọ ri Noa ejobi da dia ikpe uri ẹ́ne gbẹ ujughwrẹ gbẹ ihwe o de ghwu.
GEN_011_001|data/processed/segments/GEN/GEN_011_001.wav|Asakiephana akpọ na ejobi kẹ ephẹrẹ ọvo kugbe emeta tutuno.
GEN_011_002|data/processed/segments/GEN/GEN_011_002.wav|Ọke rẹ ihwo vwọ kua nẹ abọ rẹ ọnre da vacha re, ayen da rhe mrẹ uphephe ọvo vwẹ otọ ri Shinar ayen da dia Etiyin.
GEN_011_008|data/processed/segments/GEN/GEN_011_008.wav|Kọye Ọrovwohwo da hra ayen nene enu rẹ akpọ na ejobi, ayen gbe bọn orere na ọfa-a.
GEN_011_009|data/processed/segments/GEN/GEN_011_009.wav|Fiki rẹ ọtiọye na e de se odẹ rọye Babẹl, fikiridie Etiyin Ọrovwohwo de zighi ephẹrẹ rẹ akpọ na ejobi, kẹ Etiyin rhe Ọrovwohwo da hra ayen nene enu rẹ akpọ na ejobi.
GEN_011_010|data/processed/segments/GEN/GEN_011_010.wav|Enana keye uvwiẹ ri Shẹm. Ọke ri Shẹm vwọ ghwo te ẹgbukpe ujori re, ọ da rhe dia ọ́sẹ ri Arpakshad, ikpe ivẹ rẹ oghwe na vwọ kpọnu;
GEN_011_011|data/processed/segments/GEN/GEN_011_011.wav|Shẹm ke rhá rhe dia ro vwo vwiẹ Arpakshad nu ikpe uri ivẹ gbẹ ujori, o de vwiẹ emeshare vẹ emetẹ.
GEN_011_012|data/processed/segments/GEN/GEN_011_012.wav|Ọke rẹ Arpakshad vwọ dia ikpe ọgban gbẹ iyórĩ re ọ da rhe dia ọ́sẹ ri Shelah;
GEN_011_013|data/processed/segments/GEN/GEN_011_013.wav|Arpakshad vwo vwiẹ Shelah nu ọ da dia ikpe uri ivẹ gbẹ erha, o de rhe vwiẹ emeshare vẹ emetẹ.
GEN_011_014|data/processed/segments/GEN/GEN_011_014.wav|Ri Shelah vwọ dia ikpe ọgban re, ọ da rhe dia ọsẹ rẹ Eber;
GEN_011_015|data/processed/segments/GEN/GEN_011_015.wav|ri Shelah vwo vwiẹ Eber nu, ọ da dia ikpe uri ivẹ gbẹ erha, o de vwiẹ emeshare vẹ emetẹ.
GEN_011_016|data/processed/segments/GEN/GEN_011_016.wav|Rẹ Eber vwọ dia ikpe ọgban gbẹ ẹ́ne re, ọ da rhe dia ọsẹ ri Pẹlẹg,
GEN_011_017|data/processed/segments/GEN/GEN_011_017.wav|rẹ Eber vwo vwiẹ Pẹlẹg nu ọ da dia ikpe uri ivẹ gbẹ ọgban, o de vwiẹ emeshare vẹ emetẹ.
GEN_011_018|data/processed/segments/GEN/GEN_011_018.wav|Ri Pẹlẹg vwọ dia ikpe ọgban re, ọ da rhe dia ọsẹ ri Reu;
GEN_011_019|data/processed/segments/GEN/GEN_011_019.wav|Ri Pẹlẹg vwo vwiẹ Reu nu ọ da dia ikpe uri gbẹ irhiri, o de vwiẹ emeshare vẹ emetẹ.
GEN_011_020|data/processed/segments/GEN/GEN_011_020.wav|Ri Reu vwọ dia ikpe ọgban gbẹ ivẹ re, ọ da rhe dia ọsẹ ri Serug,
GEN_011_021|data/processed/segments/GEN/GEN_011_021.wav|ri Reu vwo vwiẹ Serug nu ọ da dia ikpe uri gbẹ ighwrẹ, o de vwiẹ emeshare vẹ emetẹ.
GEN_011_022|data/processed/segments/GEN/GEN_011_022.wav|Ri Serug vwọ dia ikpe ọgban re, ọ da rhe dia ọsẹ ri Nahọr,
GEN_011_023|data/processed/segments/GEN/GEN_011_023.wav|Ri Serug vwo vwiẹ Nahọr nu, ọ da dia ikpe uri, ọ de vwiẹ emeshare vẹ emetẹ.
GEN_011_024|data/processed/segments/GEN/GEN_011_024.wav|Ọke ri Nahọr vwọ dia ikpe uje gbẹ irhiri re, ọ da rhe dia ọsẹ ri Terah;
GEN_011_025|data/processed/segments/GEN/GEN_011_025.wav|ri Nahọr vwo vwiẹ Terah nu ọ da dia ikpe ujori gbẹ ihwe gbẹ irhiri, o de vwiẹ emeshare vẹ emetẹ.
GEN_011_026|data/processed/segments/GEN/GEN_011_026.wav|Ri Terah vwọ dia ikpe ujọ́rha gbẹ ihwe re, ọ da rhe dia ọsẹ rẹ Ebram, Nahọr, kugbe Haran.
GEN_011_027|data/processed/segments/GEN/GEN_011_027.wav|Enana keye uvwiẹ ri Terah. Terah ọye ọsẹ rẹ Ebram, Nahọr kugbe Haran; Haran kọye ọsẹ ri Lọt.
GEN_011_029|data/processed/segments/GEN/GEN_011_029.wav|Ebram vi Nahọr da reyọ eya, odẹ rẹ aye rẹ Ebram ki Serai, odẹ re aye ri Nahọr ki Milka, ọ́mọtẹ́ ri Haran ọsẹ ri Milka vẹ Iska.
GEN_011_030|data/processed/segments/GEN/GEN_011_030.wav|Serai kẹ ẹga, o vwiẹ ọ́mọ-ọ.
GEN_011_032|data/processed/segments/GEN/GEN_011_032.wav|Ẹdẹ rẹ akpọ ri Terah ejobi da dia ikpe uri gbe iyórĩ, Terah de ghwu vwi Haran.
GEN_012_001|data/processed/segments/GEN/GEN_012_001.wav|Asakiephana Ọrovwohwo da ta kẹ Ebram, Yanran nẹ orho wẹn kugbe ekru wẹn kugbe uwévwi rẹ ọsẹ wẹn vwo kpo otọ ri mi che dje kẹ wẹ.
GEN_012_002|data/processed/segments/GEN/GEN_012_002.wav|Ki mi ru we vwọ dia ẹgborho buebu, ki mi bruphihọ kẹ wẹ, ki mi ru odẹ wẹn rho, eriyin na ku wọ dia ebruphihọ.
GEN_012_003|data/processed/segments/GEN/GEN_012_003.wav|Ki mi bruba kẹ ihwo ri bruba kẹ wẹ, oro harhe owẹ ke Me harhọ; vwẹ oma wẹn irere rẹ akpọ na ejobi de vwo ebruphihọ kẹ oma rayen.
GEN_012_004|data/processed/segments/GEN/GEN_012_004.wav|Kọye Ebram da yanran, kirobo rẹ Ọrovwohwo ta kẹ, Lọt vẹ ọye da yan usun. Ebram da dia ikpe ujọ́rha gbẹ ihwiori vwẹ ọke ro vwo vrẹn ni Haran.
GEN_012_005|data/processed/segments/GEN/GEN_012_005.wav|Ebram da reyọ Serai rẹ aye rọye, kugbe Lọt rẹ ọ́mọ rẹ oníọvo. rọye, kugbe ekuakua ri rhere ejobi, kugbe ihwo ro vwori vwi Haran, ayen vwo te otọ ri Kenan nu. Ọke rẹ ayen vwo te otọ ri Kenan,
GEN_012_006|data/processed/segments/GEN/GEN_012_006.wav|Ebram de ki otọ na re te asan re se Shikẹm, re te ọhahe ri Morẹh. Vwẹ ọke yena yẹ ihwo ri Kenan ji otọ na.
GEN_012_008|data/processed/segments/GEN/GEN_012_008.wav|O de vrẹn nẹ Etiyin vwo kpo enu rẹ ugbenu rọ obọrhe ri Bẹtẹl, ọ da bọn utughẹ rọye, yi Bẹtẹl obọhwere, Ai da rhá obọrhe; Etiyin ọ da so agbada kẹ Ọrovwohwo o de se odẹ rẹ Ọrovwohwo na.
GEN_012_009|data/processed/segments/GEN/GEN_012_009.wav|Ebram da rhoma mu oyan họ ọ da garo vi obi Nẹgẹb.
GEN_012_010|data/processed/segments/GEN/GEN_012_010.wav|Vwẹ ọke nana owẹvwe de rhi fi vwẹ otọ na. Etiyin Ebram de kpo Ijipt ra dia fikiridie owẹvwe na firi gangan vwẹ otọ na.
GEN_012_011|data/processed/segments/GEN/GEN_012_011.wav|Ọke ro che vwo te otọ rẹ Ijipt re, ọ da ta kẹ Serai rẹ aye rọye, Me riẹnre nẹ wẹ aye vẹ erhuvwu siẹ re de ni we.
GEN_012_013|data/processed/segments/GEN/GEN_012_013.wav|Gba ta kẹ ayen nẹ wẹ oníọvo mẹ́, rere o vwo yovwi kẹ vwẹ fiki wẹ, rere Me mrasan rhọ fiki wẹ.
GEN_012_014|data/processed/segments/GEN/GEN_012_014.wav|Ọke rẹ Ebram vwo te Ijipt re, ihwo rẹ Ijipt da mrẹ aye na nẹ oyovwiri gangan.
GEN_012_015|data/processed/segments/GEN/GEN_012_015.wav|Rẹ emọ rẹ ovíé Fero, vwọ mrẹ, ayen de jiro ki Fero. A da reyọ aye na vwo rhe Fero.
GEN_012_017|data/processed/segments/GEN/GEN_012_017.wav|Ọrovwohwo da vwẹ emiavwe mu Fero kugbe =uwevwi rọye ejobi fiki Serai aye rẹ Ebram.
GEN_012_018|data/processed/segments/GEN/GEN_012_018.wav|Etiyin Fero de se Ebram, ọ da ta, Ọnana die wo ru kẹ vwẹ na? Kidie wọ gbe ta kẹ vwẹ nẹ aye wẹ-ẹn?
GEN_012_019|data/processed/segments/GEN/GEN_012_019.wav|Die wọ vwọ tanẹ oníọvo mẹ? rọ da nẹrhẹ ovwẹ reyọ vwo ru aye? Nighe aye wẹn na, reyọ ru wọ yanran.
GEN_012_020|data/processed/segments/GEN/GEN_012_020.wav|Fero da kpokpa kẹ ihwo rọye kpahe Ebram, ayen de suo ro ughere, te aye rọye kugbe ihwo ro vwori ejobi.
GEN_013_001|data/processed/segments/GEN/GEN_013_001.wav|Etiyin Ebram de vrẹn nẹ Ijipt, te ọye vẹ aye rọye, kugbe obo ro vwori ejobi, ọ vẹ Lọt usun, vwo kpo obi Nẹgẹb.
GEN_013_002|data/processed/segments/GEN/GEN_013_002.wav|Asakiephana Ebram feri gangan vwẹ uchuru, idọnọ efuanfon kugbe oro.
GEN_013_003|data/processed/segments/GEN/GEN_013_003.wav|O de vrẹn nẹ Nẹgẹb ọ da yan rhiri re te Bẹtẹl, re te asan rọ bọn utughẹ rọye phihọ ẹsosuọ, uvwre ri Bẹtẹl vẹ Ai,
GEN_013_005|data/processed/segments/GEN/GEN_013_005.wav|Lọt, vẹ Ebram gba usun na, ji vwo igegede kugbe uchuru vẹ itughẹ,
GEN_013_006|data/processed/segments/GEN/GEN_013_006.wav|ọtiọye na otọ na gbe gba aye-en, kidie ayen vwo eyere buebu, ayen gbe sa dia kugbe-e,
GEN_013_007|data/processed/segments/GEN/GEN_013_007.wav|oseghe kọ rhe dia vwe uvwre rẹ isuigodẹ rẹ Ebram vẹ isuigodẹ ri Lọt. Ọke yena ihwo ri Kenan kugbe ihwo ri Pẹriz je otọ na.
GEN_013_008|data/processed/segments/GEN/GEN_013_008.wav|Ebram da ta ki Lọt, E gbi jẹ oseghe dia uvwre wẹ vẹ ọmẹ-ẹ kugbe uvwre rẹ isuigodẹ wẹn vẹ emẹ-ẹ, kidie avwanre iniọvo.
GEN_013_009|data/processed/segments/GEN/GEN_013_009.wav|Ọ dia otọ na ejobi ri obaro wẹ na-a? Hẹriẹ oma wẹn nu vwe. Wo de kpo obọrhe, ki mi kpo obọhwẹre, eye wo de kpo obọhwẹre, ki mi kpo obọrhe.
GEN_013_010|data/processed/segments/GEN/GEN_013_010.wav|Lọt da kpare opharo, ọ da mrẹ ushekpotọ ri Jọdan na rọ pha djidjiro wọnwọn kiri udju rẹ Ọrovwohwo, kiri otọ rẹ Ijipt vwẹ ọke re de kpo obi Zoar, kẹ enẹ ọ epha tavwe rẹ Ọrovwohwo ke rhe ghwọrọ Sodọm vi Gomora.
GEN_013_011|data/processed/segments/GEN/GEN_013_011.wav|Lọt ke jẹ ushekpotọ ri Jọdan na kẹ oma rọye, Lọt de nene obọrhe, kọye ayen da hẹriẹ oma nẹ ohwohwo
GEN_013_012|data/processed/segments/GEN/GEN_013_012.wav|Ebram da dia otọ ri Kenan, yi Lọt ra dia uherevie rẹ irere rẹ ushekpotọ na, o de mu erhọ kẹrẹ Sodọm.
GEN_013_014|data/processed/segments/GEN/GEN_013_014.wav|Ọrovwohwo da ta kẹ Ebram, ri Lọt vwọ yanran nu nẹ, Kpare ẹro wẹn kpenu, vwẹ asan wọ epha na, ri wo ni obenu vẹ obotọ te obọrhe vẹ obọhwẹre,
GEN_013_015|data/processed/segments/GEN/GEN_013_015.wav|kidie otọ na ejobi re wọ mrẹ na Me vwẹ ayen kẹ wẹ kugbe uvwiẹ wẹn bẹdẹ.
GEN_013_016|data/processed/segments/GEN/GEN_013_016.wav|Mi ru uvwiẹ wẹn bu kiri ibiekpẹn rẹ otọ na, kọye ohwo de se kere ibiekpẹn rẹ otọ na, ko ji se kere uvwiẹ wẹn.
GEN_013_017|data/processed/segments/GEN/GEN_013_017.wav|Vrẹn, yan nene ugrogro rẹ otọ na te ohẹhẹre rọye, kidie wẹn Me vwọ kẹ.
GEN_013_018|data/processed/segments/GEN/GEN_013_018.wav|Ebram da ghwiẹ utughẹ rọye, ọ da rhe dia kẹrẹ ọhahe ri Mamre, rọ kẹrẹ Hebrọn, kẹ Etiyin ọ da so agbada kẹ Ọrovwohwo.
GEN_014_001|data/processed/segments/GEN/GEN_014_001.wav|Ọke rẹ Amrafel vwọ ovie ri Shinar, Ariọk ke ovíé re Elasai, Chedor-laomer kẹ ovie rẹ Elam, Tidal kẹ ovie ri Goiim,
GEN_014_002|data/processed/segments/GEN/GEN_014_002.wav|ivie nana da kpare ofovwi bru Bera ovíé ri Sodọm, Birsha ovie ri Gomora, Shinab ovie rẹ Adma, Shimeba ovie ri Zeboim, kugbe ovie ri Bẹla (kọye Zoar)
GEN_014_003|data/processed/segments/GEN/GEN_014_003.wav|Enana ejobi da rhe ghwẹ koko vwẹ ushekpotọ ri Sidim (kọye urhie rẹ ughweri).
GEN_014_004|data/processed/segments/GEN/GEN_014_004.wav|Ikpe ihwivẹ soso ọ́ye ayen ga Chedor-laomer, ẹkẹvuọvo ikpe rẹ ihwerha re, ophu de rhi mu ayen kpahọ.
GEN_014_005|data/processed/segments/GEN/GEN_014_005.wav|Vwẹ ikpe ihwẹne rẹ Chedor-laomer kugbe ivie re vẹ ọye gba obọ na da rhe re họnre Rifem vwi Ashterof-karnaim, Zuzim vwi Ham, Emim vwi Shaveh-kiria-taim,
GEN_014_007|data/processed/segments/GEN/GEN_014_007.wav|ayen da rhoma rhe ri te Enmish-pat (kọye Kadẹsh) ayen da ghwọrọ aghwa rẹ Amalẹk ejobi kugbe aghwa rẹ Amọr re dia Haz-azon-tamar.
GEN_014_008|data/processed/segments/GEN/GEN_014_008.wav|Etiyin ovie ri Sodọm, ovie ri Gomora, ovie ri Adma, ovie ri Zeboim, kugbe ovie ri Bẹla (kọye Zoar), ayen da yan phia ra gbara oma vwẹ ushekpotọ ri Sidim
GEN_014_009|data/processed/segments/GEN/GEN_014_009.wav|vi Chedor-laomer ovie ri Elam, Tidal ovie ri Goiim, Amrafel ovie ri Shinar, kugbe Ariọk ovie rẹ Elasar, ivie ẹ́ne so iyori
GEN_014_010|data/processed/segments/GEN/GEN_014_010.wav|Ushekpotọ ri Sidim na vọnre vẹ egọdọ ri mu avwrogbo, ọke rẹ ivie ri Sodọm vi Gomora vwọ djẹ re, ẹvo de she phihọ egọdọ na, iri chekọ da djẹ kpo obo ugbenu.
GEN_014_011|data/processed/segments/GEN/GEN_014_011.wav|Kọye ivwighrẹ na da ghwẹ ekuakua ri Sodọm vi Gomora reyọ, kugbe emuọre rayen ejobi ayen da yanran kpo,
GEN_014_012|data/processed/segments/GEN/GEN_014_012.wav|ayen ji mu Lọt rhe, ọ́mọ rẹ oniọvo rẹ Ebram, rọ dia Sodọm, vẹ eyenre rọye, ayen de kpo.
GEN_014_013|data/processed/segments/GEN/GEN_014_013.wav|Kọye ọvo vwẹ usun rẹ ayen re djẹ vabọ da rhe, re vuẹ Ebram ri Hibru na, rọ dia kẹrẹ ọhahe ri Mamre rẹ ohwo ri Amọr, oniọvo rẹ Eskol kugbe Aner, enana vẹ Ebraham kẹ obọ.
GEN_014_014|data/processed/segments/GEN/GEN_014_014.wav|Ọke rẹ Ebram vwo nyo nẹ emu omoni rọye ighuvwun, o de sun otu rẹ ofovwi rọye phia rọ nabọ yono, re ji vwiẹ vwẹ uwevwi rọye, uri gbẹ ujori, gbẹ ihwe gbẹ ẹrenre, ayen da vwọ tua ayen rhi te Dan.
GEN_014_015|data/processed/segments/GEN/GEN_014_015.wav|Vwẹ asón re ayen da ghare oma, te ọye vẹ idibo rọye, ayen de ke ayen phihọ, ayen da vwọ tua ayen re te Hobah, rọ obenu ri Damaskọs.
GEN_014_016|data/processed/segments/GEN/GEN_014_016.wav|Etiyin o de mie ayen eyenre na ejobi, ọ da reyọ Lọt omoni rọye vẹ eyenre rọye, kugbe eya na vẹ ihwo na ejobi.
GEN_014_018|data/processed/segments/GEN/GEN_014_018.wav|Melkizẹdẹk ovie ri Salẹm da vwẹ ọkuọka vi wain vwo rhe, ọye orherẹn rẹ Ọghẹnẹ ro Me Kpenu.
GEN_014_019|data/processed/segments/GEN/GEN_014_019.wav|Ọ da nẹ ẹrhovwo kẹ tanẹ, Ebruba kẹ Ebram vwẹ oma rẹ Ọghẹnẹ ro Me Kpenu, rọ ma odjúvwu vẹ akpọ;
GEN_014_020|data/processed/segments/GEN/GEN_014_020.wav|Ebruba kẹ Ọghẹnẹ ro Me Kpenu, rọ reyọ ivwighrẹ wẹn phihọ owẹ obọ. Ebram da vwẹ ẹkẹn ihwe rẹ ekuakua na ejobi kẹ.
GEN_014_021|data/processed/segments/GEN/GEN_014_021.wav|Ovie ri Sodọm da ta kẹ, Ebram, Vwẹ ihwo na kẹ vwẹ, ẹkẹvuọvo gba reyọ ekuakua na kẹ oma wẹn.
GEN_014_022|data/processed/segments/GEN/GEN_014_022.wav|Ẹkẹvuọvo Ebram da ta kẹ ovie ri Sodọm, Mi vẹ kẹ Ọrovwohwo Ọghẹnẹ ro Me Kpenu nure, ọ rọ ma odjúvwu vẹ akpọ,
GEN_014_023|data/processed/segments/GEN/GEN_014_023.wav|nẹ Me sa reyọ ogẹ rẹ oruru-u, eyẹ úfi rẹ isabatoo, eyẹ kemu kemu rọ dia ọwẹ-ẹn, wọ da rha tanẹ, Mẹ́vwẹ nẹrhẹ Ebram fe.
GEN_014_024|data/processed/segments/GEN/GEN_014_024.wav|Me sa reyọ emuọvo-o jokpa rẹ emu rẹ emeshare mẹ na rere, kugbe ẹkẹn rẹ ihwo ri nene uvwe, jẹn Aner, Eskol, kugbe Mamre reyọ ẹkẹn rayen.
GEN_015_002|data/processed/segments/GEN/GEN_015_002.wav|Ẹkẹvuọvo Ebram da ta, E Ọrovwohwo Ọghẹnẹ, kidie wọ kẹ vwẹ, fikiridie mi ji vwo ọ́mọ-ọ, ohwo rọ re uku rẹ uwevwi mẹ kẹ Ẹliẹza ri Damaskọs?
GEN_015_003|data/processed/segments/GEN/GEN_015_003.wav|Ebram da ta, Nighe, wọ je kẹ vwẹ ọmọ-ọ, ọviẹn re vwiẹ vwẹ uwevwi mẹ kọye cha re uku mẹ.
GEN_015_005|data/processed/segments/GEN/GEN_015_005.wav|Ọ da reyọ rhe otafe ọ da ta, Gbe ni enu na, ru wo keri isio na, su wo se kere ayen. Etiyin ọ da ta kẹ, Ọtiọye uvwiẹ wẹn cha dia.
GEN_015_006|data/processed/segments/GEN/GEN_015_006.wav|O de se Ọrovwohwo gbuyota, o de kere vwọ kẹ nẹ ọvwata o ruẹ.
GEN_015_008|data/processed/segments/GEN/GEN_015_008.wav|Ẹkẹvuọvo ọ da ta, E Ọrovwohwo Ọghẹnẹ, komavọ mi ru riẹn nẹ mi che vwo otọ na?
GEN_015_009|data/processed/segments/GEN/GEN_015_009.wav|Ọ da ta kẹ, Reyọ upene rẹ erhuẹn rẹ ikperha, ẹvwe aye rẹ ikperha, egbo rẹ ikperha, inekuku, kugbe eme erurẹ.
GEN_015_010|data/processed/segments/GEN/GEN_015_010.wav|Ọ da ghwe aye ejobi vwo rhe, ọ da bẹrẹ ayen ivivẹ, o de mu ayen ohwohwo kpahe ohwo, ẹkẹvuọvo ephra na ọ gbe bẹrẹ ayen ivivẹ-ẹ.
GEN_015_012|data/processed/segments/GEN/GEN_015_012.wav|Rẹ ọnre vwo kpotọ re, ovwerhẹ rode de mu Ebram, o vwo ni, oshọ rode vẹ egho de rhi rhuro.
GEN_015_013|data/processed/segments/GEN/GEN_015_013.wav|Etiyin Ọrovwohwo da ta kẹ Ebram, Riẹn gbagba nẹ uvwiẹ wẹn che suosuo vwẹ otọ rẹ ihwo efa, ke dia eviẹn vwẹ oboyi, ke shenyẹ ayen ikpe uri ivẹ,
GEN_015_015|data/processed/segments/GEN/GEN_015_015.wav|Vwọ kẹ oma wẹn, ku wo rhivwi bru esẹ wẹn ra egberhẹnẹdẹ, ke shi we vẹ uyovwi esha hẹrẹhẹrẹ.
GEN_015_017|data/processed/segments/GEN/GEN_015_017.wav|Ọke rẹ ọnre vwo she nu rẹ ebri vwo mu re, nighe, ubrochẹ vẹ erhanre ro bru ivwirhi vẹ ukpe rọ la da va nẹ uvwre rẹ ibro rẹ eranvwe na rhe.
GEN_015_018|data/processed/segments/GEN/GEN_015_018.wav|Vwẹ ẹdẹ yena Ọrovwohwo vẹ Ebram da re ọphọ tanẹ, Uvwiẹ wẹn Me vwẹ otọ nana kẹ, nẹ urhie rẹ Ijipt re te urhie rode na, urhie ri Yufretis.
GEN_015_019|data/processed/segments/GEN/GEN_015_019.wav|Otọ rẹ ihwo ri Ken, ihwo ri Keniz, ihwo ri Kadmon,
GEN_015_020|data/processed/segments/GEN/GEN_015_020.wav|ihwo ri Hẹt, ihwo ri Pẹriz, ihwo ri Rifrem,
GEN_015_021|data/processed/segments/GEN/GEN_015_021.wav|ihwo rẹ Amọn, ihwo ri Kenan, ihwo ri Girgash kugbe ihwo ri Jebu.
GEN_017_002|data/processed/segments/GEN/GEN_017_002.wav|Ke Me vẹ owẹ re ọphọ, ku wo vwiẹ buebu gangan.
GEN_017_004|data/processed/segments/GEN/GEN_017_004.wav|Nighe, ọphọ mẹ vẹ owẹ herọ, ku wọ cha dia ọsẹ rẹ ẹgborho buebu.
GEN_017_005|data/processed/segments/GEN/GEN_017_005.wav|E gbi se we Ebram ọfa-a, ẹkẹvuọvo ke se we Ebraham, fikiridie mi ru we vwọ dia ọsẹ rẹ ẹgborho buebu.
GEN_017_006|data/processed/segments/GEN/GEN_017_006.wav|Mi ru we vwọ dia ọgbọmiọvwọ, ẹgborho ride ki nẹ agada wẹn rhe, ivie ki nẹ oma wẹn rhe.
GEN_017_007|data/processed/segments/GEN/GEN_017_007.wav|Ọphọ na kọ dia uvwre mẹ vẹ owẹ kugbe uvwiẹ wẹn rọ cha vwẹ obuko wẹn; kọ dia ọphọ re rara, kọ dia Ọghẹnẹ kẹ wẹn kugbe uvwiẹ wẹn rọ cha obuko wẹ.
GEN_017_008|data/processed/segments/GEN/GEN_017_008.wav|Ke Me vwọ kẹ wẹ kugbe uvwiẹ wẹn rọ cha obuko wẹ, otọ nana rẹ ovwan da ọrharha na, otọ ri Kenan ejobi, kọ dia ẹkẹn uku wẹn bẹdẹ, ke Me dia Ọghẹnẹ rayen.
GEN_017_009|data/processed/segments/GEN/GEN_017_009.wav|Ọghẹnẹ da ta kẹ Ebraham, Vwọ kẹ wẹ, ku wọ sẹro rẹ ọphọ mẹ na, te owẹ vẹ emọ wẹn kugbe uvwiẹ wẹn ejobi re cha vwẹ obuko wẹn.
GEN_017_010|data/processed/segments/GEN/GEN_017_010.wav|Ọnana kọye ọphọ mẹ na, ru wọ sẹro rọye na, rọ uvwre mẹ vẹ owẹ kugbe emọ wẹn re cha obuko wẹn na: Kọshare kọshare rọ uvwre rẹ ovwan kọ yanvwe.
GEN_017_011|data/processed/segments/GEN/GEN_017_011.wav|Ku wọ yanvwe ohọrọ rẹ ẹsosuọ rẹ oma wẹn, kọ cha dia oka rẹ ọphọ rọ uvwre mẹ vẹ owẹ.
GEN_017_013|data/processed/segments/GEN/GEN_017_013.wav|Te ọ re vwiẹri vwẹ uwévwi wẹn kugbe ọ ra vwẹ ighó dẹ, ka yanvwọ. Kọye ọphọ mẹ na kọ dia oma wẹn dia ọphọ re rara.
GEN_017_014|data/processed/segments/GEN/GEN_017_014.wav|Kọshare kọshare ra yanvwe jovwo-o rọ gbe rha yanvwe ohọrọ rẹ ẹsosuọ rẹ oma rọye-e, ke bro kufia nẹ usun rẹ ihwo rọye, yọ chọ urhi rẹ ọphọ mẹ na.
GEN_017_015|data/processed/segments/GEN/GEN_017_015.wav|Ọghẹnẹ da ta kẹ Ebraham, Vwọ kẹ Serai rẹ aye wẹn, wo gbi se Serai ọfa-a, ẹkẹvuọvo Sera kọye dia odẹ rọye.
GEN_017_016|data/processed/segments/GEN/GEN_017_016.wav|Ke Me nẹ ẹrhovwo kẹ, ọ rọ marho ke Me kẹ ọmọ vwiẹ kẹ wẹ; ki mi bruphihọ kẹ, ko dia oní rẹ ẹgborho buebu; ivie rẹ ihwo ki nẹ agada rọye rhe.
GEN_017_017|data/processed/segments/GEN/GEN_017_017.wav|Etiyin Ebraham de gbe opharo otọ ọ da hwẹ, ọ da ta kẹ oma rọye, Kẹ ohwo rọ ghwo te ikpe ujori nure na se vwiẹ ọmọ? Ki Sera rẹ ikpe ujọne gbe ihwe na ji se vwiẹ ọmọ rhe?
GEN_017_018|data/processed/segments/GEN/GEN_017_018.wav|Ebraham da ta kẹ Ọghẹnẹ, E mane ke wan rhọvwe nẹ Ishmael dia obaro wẹn vwonẹ;
GEN_017_019|data/processed/segments/GEN/GEN_017_019.wav|Ọghẹnẹ da ta, Ẹjo, ẹkẹvuọvo Sera rẹ aye wẹn na che vwiẹ ọ́mọsháre kẹ wẹ, ku wo se odẹ rọye Aizik. Ọphọ mẹ na kọ sẹ nene kọ dia ọphọ re rara kẹ vẹ uvwiẹ rọye rọ cha vwẹ obuko rọye.
GEN_017_020|data/processed/segments/GEN/GEN_017_020.wav|Vwọ kẹ Ishmael, mi nyo we; nighe, mi bruphihọ kẹ, kọ dia ọmiọvwọ ko ji bu gangan; kọ dia isun ihwivẹ, kọ dia ẹgborho rode.
GEN_017_021|data/processed/segments/GEN/GEN_017_021.wav|Ẹkẹvuọvo Aizik ọye ọphọ mẹ cha sẹ nene, ri Sera che vwiẹ kẹ vwẹ eghẹre ọtiọnana ukpe ọfa.
GEN_017_022|data/processed/segments/GEN/GEN_017_022.wav|Ọke rẹ Ọghẹnẹ vẹ ọye vwọ ta otá ejobi nu, Ọghẹnẹ da yanran kpenu jẹ Ebraham vwo.
GEN_017_024|data/processed/segments/GEN/GEN_017_024.wav|Ebraham da dia ikpe ọvo nuro ujori ọ ghwo te vwẹ ọke rọ vwọ yanvwe.
GEN_017_026|data/processed/segments/GEN/GEN_017_026.wav|Vwẹ ẹdẹ yena ọvuọvo na ọye Ebraham vẹ ọmọ rọye Ishmael yanvwere;
GEN_019_002|data/processed/segments/GEN/GEN_019_002.wav|ọ da ta, Ọrovwovwe vwẹriẹ rhe, Me rẹ wẹ, uwevwi rẹ odibo wẹn re wọ dia Etiyin ason na, re wa hworhẹ awọ rẹ ovwan, re ọke de rhie irhiọke wa ke yanran. Ayen da ta, Ẹjo, evun rẹ urhuvwu na avwanre cha vwerhẹ.
GEN_019_003|data/processed/segments/GEN/GEN_019_003.wav|Ẹkẹvuọvo ọda rẹ ayen gangan; kọye ayen da vwẹriẹ bro kpo uwevwi rọye, o de chere emu kẹ ayen, ọ da kaka ikara ro jephuo, ayen da re.
GEN_019_004|data/processed/segments/GEN/GEN_019_004.wav|Ẹkẹvuọvo tavwe rẹ ayen ki rhi sherhẹ, eshare rẹ orere na, eshare ri Sodọm, te omotete te ọkpako, ihwo na ejobi tototo, de sogodogo riariẹ uwevwi na;
GEN_019_005|data/processed/segments/GEN/GEN_019_005.wav|ayen de se Lọt, nẹ, Ke eshare ri wo uwevwi wẹn ason na rhọ? Reyọ ayen phia kẹ avwanre, rere avwanre vughe ayen.
GEN_019_006|data/processed/segments/GEN/GEN_019_006.wav|Lọt da ro otafe ra vwa ihwo na, ọ da kare ẹchẹ gbe erhorha na,
GEN_019_007|data/processed/segments/GEN/GEN_019_007.wav|ọ da ta, Me rẹ ovwan, imoni mẹ, we ruẹ emu umwemwu tiọnana-a.
GEN_019_010|data/processed/segments/GEN/GEN_019_010.wav|Ẹkẹvuọvo ihwo na da riẹn obọ vwo kpono Lọt ro uwevwi, ayen de huhu ẹchẹ.
GEN_019_011|data/processed/segments/GEN/GEN_019_011.wav|Ayen da vwẹ egho rhurhu ihwo ri bi koko anurhoro na ẹro, te emọ te ekpako, ki ruẹ rhurhu vwẹ abọ guọnọ anurhoro.
GEN_019_012|data/processed/segments/GEN/GEN_019_012.wav|Etiyin ihwo na da ta ki Lọt Wo ji vwo ohwo ọfa vwẹ etinẹ? Egọ, emeshare, emetẹ eyẹ ohwo ọfa vwẹ orere na, sio nẹ asan na,
GEN_019_014|data/processed/segments/GEN/GEN_019_014.wav|Etiyin Lọt da yan phia ra vuẹ egọ rọye nẹ, We vrẹn jọphẹre, ru we vrẹn nẹ etinẹ na, kidie Ọrovwohwo cha ghwọrọ orere na. Ẹkẹvuọvo egọ rọye da vwẹ otá na roro ehwẹjẹ.
GEN_019_015|data/processed/segments/GEN/GEN_019_015.wav|Rẹ ọke rhi vwo rhie re, emakashe na ki bru Lọt okpakpa nẹ, Vrẹn, reyọ aye wẹn kugbe emetẹ wẹn ivẹ na ri etinẹ na, ayen da rha ghwọrọ vwẹ evun rẹ ẹguọghọ rẹ orere na.
GEN_019_016|data/processed/segments/GEN/GEN_019_016.wav|Ẹkẹvuọvo ko gbe eghẹrẹ, kọye ihwo na de shabọ vwọ kugbe aye rọye kugbe emetẹ rọye ǐve na, ọ da yọnrọn ayen obọ, Ọrovwohwo ki nẹ aruẹdọ rọye, ayen da reyọ kpono nẹ evun rẹ orere na.
GEN_019_020|data/processed/segments/GEN/GEN_019_020.wav|Nighe, orere rọ oboyi na kẹrobọ ra dje ra, o ke je havwe. Ju vwe djẹ kpo Etiyin - ọ dia ọhahavwe? - erhí mẹ kọ rhọ;
GEN_019_021|data/processed/segments/GEN/GEN_019_021.wav|Ọ da ta kẹ, Nighe, Me je rhọvwe oyare nana kẹ wẹ rhe, Me gbe ghwọrọ orere na ro wọ tare na-a.
GEN_019_022|data/processed/segments/GEN/GEN_019_022.wav|Jọphẹre, djẹ kpo Etiyin, kidie Me che ru emuọvo-o bẹsiẹ ru wo vwo te Etiyin. Fiki rẹ ọtiọye na e de se odẹ rẹ orere na Zoar.
GEN_019_025|data/processed/segments/GEN/GEN_019_025.wav|ọ da ghwọrọ irere yena ejobi, vẹ ishekpotọ na ejobi, kugbe ẹbe re djẹ vwẹ otọ na ejobi.
GEN_019_026|data/processed/segments/GEN/GEN_019_026.wav|Ẹkẹvuọvo aye ri Lọt rọ ka obuko de ni obuko, o de hirhe phihọ ẹrhẹnre rẹ ughweraka.
GEN_019_027|data/processed/segments/GEN/GEN_019_027.wav|Ebraham da yan vwẹ irhiọke ride vwo kpo asan ro de mudia vwẹ obaro rẹ Ọrovwohwo na,
GEN_019_028|data/processed/segments/GEN/GEN_019_028.wav|ọ da kpare opharo ni Sodọm vi Gomora kugbe ishekpotọ na, nighe, o vwo ni, ivwirhi rẹ orho na de bru kpenu kerẹ erhanre re etu.
GEN_019_029|data/processed/segments/GEN/GEN_019_029.wav|Ke eriyin ọ epha, vwẹ ọke rẹ Ọghẹnẹ vwọ guọghọ irere rẹ ishekpotọ na, Ọghẹnẹ da karohọ Ebraham, o de si Lọt nu uherevie rẹ erhanre na, vwẹ ọke ra vwọ torhẹ orere ri Lọt diare.
GEN_019_030|data/processed/segments/GEN/GEN_019_030.wav|Ọke yena Lọt de vrẹn ni Zoar, vwo kpo enu rẹ ugbenu ọ vẹ emetẹ rọye ivẹ na, fiki rẹ oshọ rọ vwọ dia Zoar muro; evun rẹ emwa kọye ọ vẹ emetẹ rọye ivẹ na diare.
GEN_019_033|data/processed/segments/GEN/GEN_019_033.wav|Etiyin ayen da vwẹ idi kẹ ọsẹ rayen da ason yena; oro ọkpako de bru ọsẹ rọye kpo ovwerhẹ, ọ riẹn ọke ro vwo sherhẹẹ ọ je riẹn ọke ro vwo vrẹ-ẹn.
GEN_019_034|data/processed/segments/GEN/GEN_019_034.wav|Vwẹ ẹdẹ rivẹ, oro ọkpako da ta kẹ ọ rẹ otete, Nighe, Me vẹ ọsẹ Me ri gbe sherhẹ ason rọ wanre na, jẹ a je vwẹ udi kẹ da vwẹ ason na rhe, rere wọ vẹ ọye je vwerhẹ rhe, rere vwẹ oma rọye uvwiẹ rẹ avwanre vwo je fue.
GEN_019_035|data/processed/segments/GEN/GEN_019_035.wav|Etiyin ayen da je vwẹ udi kẹ ọsẹ rayen da vwẹ ason yena rhe, ọ rẹ otete vrẹnri, ọ vẹ ọye de shevwerhẹ, ọ riẹn ọke ro vwo sherhẹ-ẹ ọ je riẹn ọke ro vwo vrẹ-ẹn.
GEN_019_036|data/processed/segments/GEN/GEN_019_036.wav|Enẹ kọye emetẹ ri Lọt ivẹ na wan oma rẹ ọsẹ rayen mrevun.
GEN_019_038|data/processed/segments/GEN/GEN_019_038.wav|Ọ rẹ otete de ji vwiẹ ọ́mọsháre, o de se odẹ rọye Ben-ammi, kọye ọsẹ rẹ ihwo rẹ Ammọn rhi te nonẹ na.
GEN_020_001|data/processed/segments/GEN/GEN_020_001.wav|Nẹ Etiyin Ebraham de mu oyan ọ da garo ni ẹbẹre ri Nẹgẹb, ọ da ra dia uvwre ri Kadẹsh vi Shur, ubrakpọ ri Gẹra kọye o de di muẹ yan.
GEN_020_002|data/processed/segments/GEN/GEN_020_002.wav|Ebraham da ta kẹ Sera rẹ aye rọye, Wẹ oniọvo mẹ, Abimẹlẹk ovie ri Gẹra de ji ukọ ra reyọ Sera.
GEN_020_003|data/processed/segments/GEN/GEN_020_003.wav|Ẹkẹvuọvo Ọghẹnẹ de bru Abimẹlẹk rhe vwẹ evwerhẹ vwẹ ason, ọ da ta kẹ, Nighe, orivwi wọ epha na, fiki rẹ aye ru wọ reyọre na, kidie aye rẹ ohwo ọfa o ruẹ.
GEN_020_004|data/processed/segments/GEN/GEN_020_004.wav|Vwẹ ọke yena yẹ Abimẹlẹk ji si kẹrẹ-ẹ, Etiyin ọ da ta Ọrovwohwo, ku wo di hwe ohwo ekueku?
GEN_020_005|data/processed/segments/GEN/GEN_020_005.wav|Ọ dianẹ ọye ọvo re ta kẹ vwẹ nẹ, Oniọvo mẹ? Okpuyovwi rẹ aye na da je tanẹ, Oniọvo mẹ. Vwẹ ọvwata rẹ udu mẹ kugbe abọ ọfuanfon mẹ ọye mi vwo ru ọna.
GEN_020_006|data/processed/segments/GEN/GEN_020_006.wav|Etiyin Ọghẹnẹ da ta kẹ vwẹ evun rẹ evwerhẹ, Uyota, Me riẹnre nẹ evun ọfuanfon wo vwo ru Ọnana, yẹ omẹvwẹ re sorọ ru wo vwo jẹ umwemwu eruo kpahọ ovwẹ, fiki rẹ ọtiọye na mi gbi ji wọ vwẹ obọ te-e.
GEN_020_007|data/processed/segments/GEN/GEN_020_007.wav|Gba vwẹ aye rẹ ohwo na vwọ kẹ; fikiridie ọmraro o ruẹ, kọ nẹ ẹrhovwo kẹ wẹ, kọye wọ rhọre. Ẹkẹvuọvo wọ rha vwọ kẹ-ẹ, gba riẹn tanẹ ughwu kọye wo ghwu, wẹ kugbe ekru wẹn ejobi.
GEN_020_008|data/processed/segments/GEN/GEN_020_008.wav|Kọye Abimẹlẹk de vrẹn vwẹ irhiọke ride, o de se idibo rọye, o de gbe ikun nana ejobi kẹ ayen, oshọ de mu ayen gangan.
GEN_020_009|data/processed/segments/GEN/GEN_020_009.wav|Etiyin Abimẹlẹk de se Ebraham, ọ da ta kẹ, Die wo ru kẹ avwanre na? Kidie mi ru we, ru wọ vwọ nẹrhẹ ovwẹ vẹ uvie mẹ ru umwemwu rode tiọnana? Wo ru obo rẹ ohwo e ru-u vwọ kẹ vwẹ.
GEN_020_010|data/processed/segments/GEN/GEN_020_010.wav|Abimẹlẹk da ta kẹ Ebraham, Die wo rori vwo ru emu nana?
GEN_020_012|data/processed/segments/GEN/GEN_020_012.wav|Uyota oníọvo mẹ o ghine ruẹ, ọ́mọtẹ́ rẹ ọsẹ mẹ ẹkẹvuọvo ọ dia ọmọ rẹ oní mẹ-ẹ, kọye mi de vwo ru aye.
GEN_020_013|data/processed/segments/GEN/GEN_020_013.wav|Vwẹ ọke rẹ Ọghẹnẹ vwọ tani mi suosuo nẹ uwevwi rẹ ọsẹ mẹ, Me da ta kẹ, Ọnana kọye ẹse ri wo ru kẹ vwẹ, kasan kasan rẹ avwanre yan te, gba ta kpahọ vwẹ nẹ, Oniọvo mẹ o ruẹ.
GEN_020_014|data/processed/segments/GEN/GEN_020_014.wav|Kọye Abimẹlẹk da reyọ ogodẹ vẹ irhuẹn kugbe eviẹn rẹ eshare vẹ erẹ eya, ọ da vwẹ ayen kẹ Ebraham, o de siobọ nẹ Sera rẹ aye rọye na vwọ kẹ.
GEN_020_015|data/processed/segments/GEN/GEN_020_015.wav|Etiyin Abimẹlẹk da ta, Nighe, otọ mẹ na rhie phihọ kẹ wẹ, asan ro je we vwọ gba dia.
GEN_020_017|data/processed/segments/GEN/GEN_020_017.wav|Etiyin Ebraham da nẹ ẹrhovwo kẹ Ọghẹnẹ, Ọghẹnẹ de sivwi Abimẹlẹk, o de ji sivwi aye rọye kugbe eviẹn rẹ eya ro vwori ejobi, kọye ayen de vwiẹ emọ.
GEN_020_018|data/processed/segments/GEN/GEN_020_018.wav|Fikiridie Ọrovwohwo bru eya rẹ uwevwi rẹ Abimẹlẹk uvwiẹ fiki ri Sera rẹ aye rẹ Ebraham rọ reyọre.
GEN_021_001|data/processed/segments/GEN/GEN_021_001.wav|Ọrovwohwo de bru Sera rhe kirobo rọ ta kẹ jovwo, Ọrovwohwo de ru kẹ Sera kirobo ro vẹ kẹ.
GEN_021_002|data/processed/segments/GEN/GEN_021_002.wav|Sera da mrevun, o de vwiẹ ọ́mọsháre kẹ Ebraham vwẹ uyovwi esha na vwẹ ọke rẹ Ọghẹnẹ vẹ phihọ kẹ na.
GEN_021_003|data/processed/segments/GEN/GEN_021_003.wav|Ebraham de se odẹ rẹ ọmọ na re vwiẹ kẹ na, ri Sera vwiẹ kẹ na Aizik.
GEN_021_004|data/processed/segments/GEN/GEN_021_004.wav|Ebraham da yanvwọ ọmọ rọye Aizik rọ vwọ gba ẹdẹ ẹrenren, kiri urhi rẹ Ọghẹnẹ ji kẹ
GEN_021_005|data/processed/segments/GEN/GEN_021_005.wav|Ebraham da dia ikpe ujori vwẹ ọke re vwo vwiẹ ọmọ rọye Aizik kẹ.
GEN_021_006|data/processed/segments/GEN/GEN_021_006.wav|Etiyin Sera da ta, Ọghẹnẹ ma ehwẹ kẹ vwẹ; kohwo kohwo ro nyori ejobi kọ cha hwẹ vwẹ.
GEN_021_007|data/processed/segments/GEN/GEN_021_007.wav|Ọ da ta, Kono re ata kẹ Ebraham nẹ Sera cha vwẹ evie kẹ ọmọ? Dede na yi mi vwiẹ ọmọ kẹ vwẹ uyovwi esha na.
GEN_021_010|data/processed/segments/GEN/GEN_021_010.wav|Ọ da ta kẹ Ebraham, Djẹ aye na ọviẹn na vẹ ọmọ rọye kufia, kidie ọmọ rẹ aye nana rẹ ọviẹn na vẹ ọmọ mẹ Aizik se koko re uku-u.
GEN_021_011|data/processed/segments/GEN/GEN_021_011.wav|Emu nana de tun Ebraham oma vwi fiki rẹ ọmọ rọye.
GEN_021_013|data/processed/segments/GEN/GEN_021_013.wav|Ki mi ji ru rere ẹgborho vwo nẹ oma rẹ ọmọ rẹ aye rẹ ọviẹn na rhe, fikiridie ọmọ obọ wẹn oruẹ.
GEN_021_014|data/processed/segments/GEN/GEN_021_014.wav|Kọye Ebraham de vrẹn vwẹ irhiọke ride, ọ da reyọ ikara vẹ ophiẹn rẹ ame, ọ da vwọ kẹ Hagar, ọ da vwọ yà (not in central urhobo dialect) igabọ, kugbe ọmọ na, o de ji ayen yanran. O de vrẹn yanran ko di muẹ yan vwẹ aghwa ri Bẹẹrsheba.
GEN_021_015|data/processed/segments/GEN/GEN_021_015.wav|Ọke rẹ ame rọ evun rẹ ophiẹn na vwo re nu, o de mu ọmọ na phihọ otọ rẹ etu.
GEN_021_017|data/processed/segments/GEN/GEN_021_017.wav|Ọghẹnẹ de nyo oviẹ rẹ ọmọ na, Etiyin amakashe rẹ Ọghẹnẹ de se Hagar nẹ obo odjuvwu rhe, ọ da ta kẹ, Die ri kpokpo uwe, Hagar? Wọ djẹ oshọ-ọ, kidie Ọghẹnẹ nyo urhuru rẹ ọmọ na vwẹ asan rọ epha.
GEN_021_018|data/processed/segments/GEN/GEN_021_018.wav|Vrẹn wọ kpare ọmọ na, ru wọ yọnrọn kokoroko vwẹ obọ wẹn, kidie mi che ruo phihọ ẹgborho rode
GEN_021_019|data/processed/segments/GEN/GEN_021_019.wav|Etiyin Ọghẹnẹ de rhie ẹro rọye, ọ da mrẹ orhare rẹ ame, ọ da yanran, re vo ame vọn ophiẹn rọye, ọ da vwọ kẹ ọmọ na da.
GEN_021_020|data/processed/segments/GEN/GEN_021_020.wav|Ọghẹnẹ vẹ ọmọ na da herọ, ọ da rhe rho, ọ dia evun rẹ aghwa, o de rhi hirhe ọsedada.
GEN_021_021|data/processed/segments/GEN/GEN_021_021.wav|Ọ da dia ághwá ri Paran, oní rọye da reyọ ọ́mọtẹ́ rẹ Ijipt vwọ kẹ vwọ rọvwọ
GEN_021_022|data/processed/segments/GEN/GEN_021_022.wav|Vwẹ ọke yena, Abimẹlẹk vi Fikol rẹ onotu rẹ ofovwi rọye da ta kẹ Ebraham, Ọghẹnẹ vẹ owẹ herọ vwẹ emu kemu ri wo ruẹ ejobi,
GEN_021_023|data/processed/segments/GEN/GEN_021_023.wav|Vwẹ etinẹ na gba vwẹ Ọghẹnẹ duvwu iyori nẹ wo shenyẹ vwẹ ekueku eyẹ ọmọ mẹ eyẹ uvwiẹ mẹ, ẹkẹvuọvo obo re Me vwẹ obo tete uwe na, eriyin wo ji ru kẹ vwẹ kugbe otọ nana ru wọ diare jovwo na.
GEN_021_024|data/processed/segments/GEN/GEN_021_024.wav|Ebraham da ta, Mi duvwo.
GEN_021_025|data/processed/segments/GEN/GEN_021_025.wav|Ọke rẹ Ebraham vwo gu kẹ Abimẹlẹk kpahe orhare rẹ ame rẹ idibo rẹ Abimẹlẹk gborhori.
GEN_021_026|data/processed/segments/GEN/GEN_021_026.wav|Abimẹlẹk da ta, Me riẹn ohwo ro ru emu nana-a; wọ ta kẹ vwẹ jovwo-o, mi ji nyo otá nana rhi te nonẹ na-a.
GEN_021_027|data/processed/segments/GEN/GEN_021_027.wav|Etiyin Ebraham da reyọ ogodẹ kugbe erhuẹn ọ da vwẹ ayen kẹ Abimẹlẹk, ayen ihwo ivẹ na da re ọphọ.
GEN_021_028|data/processed/segments/GEN/GEN_021_028.wav|Ebraham da reyọ upene rẹ igodẹ rẹ eya ighwrẹ vwẹ ohri rẹ uchuru rọye na phihọ orhọ.
GEN_021_029|data/processed/segments/GEN/GEN_021_029.wav|Abimẹlẹk da ta kẹ Ebraham, Kidie otọ rẹ upene rẹ igodẹ rẹ eya ighwrẹ ru wọ vwọ orhọ na?
GEN_021_030|data/processed/segments/GEN/GEN_021_030.wav|O da ta, Igodẹ rẹ eya nana ighwrẹ na gba reyọ ayen mie vwe, rere e dia iseri nẹ mẹ́vwẹ ri ghine tọn orhare na.
GEN_021_032|data/processed/segments/GEN/GEN_021_032.wav|Etiyin ayen da re ọphọ vwi Bẹẹrsheba Abimẹlẹk vẹ Fikol rẹ onotu rẹ ofovwi rọye de vrẹn ayen da rhoma rhivwi kpo otọ ri Filistia.
GEN_021_033|data/processed/segments/GEN/GEN_021_033.wav|Ebraham da kọn oghriki phihọ Bẹẹrsheba, o de se odẹ rẹ Ọrovwohwo vwẹ Etiyin, Ọghẹnẹ ri bẹvwẹdẹ na.
GEN_021_034|data/processed/segments/GEN/GEN_021_034.wav|Ebraham da dia otọ ri Filistia na krekri.
GEN_022_001|data/processed/segments/GEN/GEN_022_001.wav|Rẹ imu nana ejobi vwọ wan nu Ọghẹnẹ da davwe Ebraham ni, ọ da ta kẹ, Ebraham; O de nyo nẹ, Mẹvwẹ na.
GEN_022_002|data/processed/segments/GEN/GEN_022_002.wav|Ọ da ta, Reyọ ọmọ wẹn ọmọ wẹn ọvuọvo na Aizik, rẹ ivun rọye vwerha owẹ na, re wọ yanran kpo otọ ri Moriah, rẹ wọ dia Etiyin de vwo ze izobo rẹ ẹtorhẹ vwẹ enu rẹ ugbenu ọvo na ri mi che dje kẹ wẹ.
GEN_022_003|data/processed/segments/GEN/GEN_022_003.wav|Etiyin Ebraham de vrẹn vwẹ irhiọke ride, ọ da jẹn úfi phihọ ekẹtẹkẹtẹ rọye, ọ da reyọ emeshare rọye ivẹ vwọ boma, kugbe ọmọ rọye Aizik, o de kru ekrirhe re ze izobo rẹ ẹtorhẹ na, o de vrẹn vwo kpo asan rẹ Ọghẹnẹ dje kẹ na.
GEN_022_004|data/processed/segments/GEN/GEN_022_004.wav|Vwẹ ẹdẹ rẹ erha Ebraham da kparo ọ da mrẹ asan na vwẹ ogboko.
GEN_022_005|data/processed/segments/GEN/GEN_022_005.wav|Etiyin Ebraham da ta kẹ emeshare rọye na, We mudia etinẹ kẹrẹ ekẹtẹkẹtẹ na, mẹvwẹ vẹ ọmọ na ke yanran kpo oboyi kpo ẹga rere avwanre ki rhivwi bru ovwan rhe.
GEN_022_007|data/processed/segments/GEN/GEN_022_007.wav|Aizik da ta kẹ Ebraham rẹ ọsẹ rọye, Ọsẹ mẹ; O de nyo nẹ, Mẹvwẹ na mọmẹ, Ọ da ta, Nighe, erhanre kugbe irhe, ẹkẹvuọvo kẹ egbo rẹ izobo rẹ ẹtorhẹ na kẹ ọrhọ?
GEN_022_009|data/processed/segments/GEN/GEN_022_009.wav|Ọke rẹ ayen rhi vwo te asan rẹ Ọghẹnẹ ta kẹ na, Ebraham da so agbada vwẹ Etiyin, ọ da rhuẹrẹ irhe na phihọ, ọ da gba Aizik rẹ ọmọ rọye na o de muo kpahe enu rẹ agbada na, rọ enu rẹ irhe na.
GEN_022_010|data/processed/segments/GEN/GEN_022_010.wav|Etiyin Ebraham da kpare obọ, ọ da reyọ aphíá ro che vwo bru ọmọ rọye na.
GEN_022_011|data/processed/segments/GEN/GEN_022_011.wav|Ẹkẹvuọvo amakashe rẹ Ọrovwohwo de se nẹ obo odjuvwu rhe, ọ da ta, Ebraham! Ebraham! O de nyo nẹ, Mẹvwẹ na.
GEN_022_012|data/processed/segments/GEN/GEN_022_012.wav|Ọ da ta, Wọ ghwe obọ kpahe ọmọ na eyẹ wo ru emuọvo kẹ-ẹ, kidie Ọnana Me vwọ riẹn nu wọ djẹ oshọ rẹ Ọghẹnẹ, ru wọ vwẹ ọmọ wẹn na, ọmọ vuọvo wẹn na vwọ djahe obuko kẹ vwẹ-ẹ.
GEN_022_013|data/processed/segments/GEN/GEN_022_013.wav|Ebraham da kpare opharo, o vwo ni, obuko rọye ọ da mrẹ egbo, rẹ ighoro rọye gbahọ etu, Ebraham da yanran ra reyọ egbo na, kọye o vwo ze izobo rẹ ẹtorhẹ vwẹ ẹdia rẹ ọmọ rọye.
GEN_022_014|data/processed/segments/GEN/GEN_022_014.wav|Kọye Ebraham de se odẹ rẹ asan na Ọrovwohwo re sa kẹ: eriyin ọ epha rhi te nonẹ na, Vwẹ enu rẹ ugbenu rẹ Ọrovwohwo Etiyin a da mrẹ.
GEN_022_016|data/processed/segments/GEN/GEN_022_016.wav|ọ da ta, Me vwẹ oma mẹ duvwu iyórĩ, eriyin Ọrovwohwo tare, fikiridie wo ru Ọnana, wọ sa vwẹ ọmọ wẹn, ọmọ vuọvo wẹn na vwọ djahe obuko kẹ vwẹ-ẹ,
GEN_022_018|data/processed/segments/GEN/GEN_022_018.wav|vwẹ oma rẹ uvwiẹ wẹn ọye ẹgborho rẹ akpọ na ejobi wan vwo ebruphihọ kẹ oma rẹ ayen, fikiridie wo mu ọghọ kẹ urhuru mẹ.
GEN_022_019|data/processed/segments/GEN/GEN_022_019.wav|Etiyin Ebraham de rhivwi bru emeshare rọye ra, ayen da yan usun kpo Bẹẹrsheba; Ebraham da dia Bẹẹrsheba.
GEN_022_020|data/processed/segments/GEN/GEN_022_020.wav|Ọke rẹ imu nana ejobi vwọ wan nu, a da ta kẹ Ebraham, Nighe, Milkah rhoma rhi vwiẹ emọ kẹ Nahọr rẹ oniọvo wẹn,
GEN_022_021|data/processed/segments/GEN/GEN_022_021.wav|Uz rẹ ọmọkpako, Buz rẹ oniọvo rọye, Kemuẹl ọsẹ rẹ Aram,
GEN_022_022|data/processed/segments/GEN/GEN_022_022.wav|Kesed, Hazo, Pildash, Jidlaf, kugbe Bẹtuẹl.
GEN_022_023|data/processed/segments/GEN/GEN_022_023.wav|Bẹtuẹl kọye ọsẹ ri Rebeka. Enana ẹrenren na Milkah vwiẹ kẹ Nahọr oniọvo rẹ Ebraham.
GEN_022_024|data/processed/segments/GEN/GEN_022_024.wav|Ọsẹ rọye re se Reumah de rhe vwiẹ Teban, Gaham Tahash, kugbe Maʼakah.
GEN_023_001|data/processed/segments/GEN/GEN_023_001.wav|Sera tọnre ọ da dia akpọ ikpe ujosa gbẹ ighwrẹ, ena kọye ikpe ri Sera.
GEN_023_002|data/processed/segments/GEN/GEN_023_002.wav|Sera de ghwu vwi Kiriatharba (kọye Hebrọn) vwẹ otọ ri Kenan. Ebraham de vweri Sera ọ da viẹ kẹ.
GEN_023_003|data/processed/segments/GEN/GEN_023_003.wav|Ebraham de vrẹn nẹ asan orivwi na, o da ta kẹ ihwo ri Hẹt na,
GEN_023_004|data/processed/segments/GEN/GEN_023_004.wav|Mẹ́vwẹ ọrharha ro won ovwan, wa kẹ vwẹ otọ vwẹ ọgbẹ rẹ ovwan na, rere mi shi orivwi mẹ phihọ.
GEN_023_005|data/processed/segments/GEN/GEN_023_005.wav|Ihwo ri Hẹt na da kpahe kẹ Ebraham,
GEN_023_006|data/processed/segments/GEN/GEN_023_006.wav|Nyo avwanre, ọrovwavwanre; wẹ ọgba kugbe ovwiodje vwẹ ohri rẹ avwanre. Shi orivwi wẹn vwẹ ushi ro Me yovwi vwẹ ọgbọ na, ohwo rọ se kẹ wẹ herọ-ọ eyẹ ohwo sa kpọ wẹ unu-u.
GEN_023_007|data/processed/segments/GEN/GEN_023_007.wav|Ebraham de vrẹn o de diguẹ kẹ ihwo ri Hẹt na, re dia ihwo rẹ otọ na.
GEN_023_008|data/processed/segments/GEN/GEN_023_008.wav|Ọ da ta kẹ ayen, Ovwan da rhọvwe nẹ mi shi orivwi mẹ na nẹ obaro mẹ, wa gba kerhọ, re ovwan rẹ Efrọn rẹ ọmọ ri Zohar,
GEN_023_009|data/processed/segments/GEN/GEN_023_009.wav|rere ọ kẹ vwẹ ẹmwa ri Mak-pela ro rhere na; ọ he obo oba rẹ otọ na. Uchunu ro muru ejobi e jo se vwẹ irharo rẹ ovwan re Me hwa, rọ dia ẹkẹn rẹ ogbe.
GEN_023_011|data/processed/segments/GEN/GEN_023_011.wav|Ẹjo, ọrovwovwe, kerhọ mọ; Me kẹ wẹ otọ na, Me je kẹ wẹ ẹmwa rọ herọ, vwẹ irharo rẹ emọ rẹ ihwo mẹ mi de siobọ nó kẹ wẹ, shi orivwi wẹn phihọ.
GEN_023_012|data/processed/segments/GEN/GEN_023_012.wav|Etiyin Ebraham de shiguẹ otọ kẹ ihwo rẹ otọ na.
GEN_023_013|data/processed/segments/GEN/GEN_023_013.wav|Ebraham da ta kẹ Efrọn vwẹ irharo rẹ ihwo rẹ otọ na, Ẹkẹvuọvo odẹ je we, gba kerhọ mẹ, Me hwa unu rẹ ighó rẹ otọ na muru kẹ wẹ; reyọ mie vwe, rere mi shi orivwi mẹ vwọ Etiyin.
GEN_023_014|data/processed/segments/GEN/GEN_023_014.wav|Efrọn da kpahe kẹ Ebraham,
GEN_023_015|data/processed/segments/GEN/GEN_023_015.wav|Ọrovwovwe, kerhọ mẹ, ubrotọ ra shẹre shẹkẹl uri ivẹ rẹ idọnọ efuanfon, kidie ọyena firi vwẹ uvwre mẹ vẹ owẹ? Shi orivwi wẹn phihọ
GEN_023_016|data/processed/segments/GEN/GEN_023_016.wav|Ebraham vẹ Efrọn da rhọvwe kugbe; Ebraham da vwavwe idọnọ efuanfon na kẹ Efrọn uchunu ro seri na vwẹ irharo rẹ ihwo ri Hẹt na, shẹkẹl uri ivẹ rẹ idọnọ efuanfon, kiri unu rẹ ineki vwanvwa ọke yena.
GEN_023_017|data/processed/segments/GEN/GEN_023_017.wav|Ọtiọye na otọ ri Efrọn rọ i Mak-pela, rọ obọrhe ri Mamre, otọ na kugbe ẹmwa rọ herọ, kugbe irhe rẹ otọ na ejobi, o de siobọ no,
GEN_023_018|data/processed/segments/GEN/GEN_023_018.wav|kẹ Ebraham rọ dia ẹkẹn rọye vwẹ irharo rẹ ihwo ri Hẹt na, kugbe ihwo rẹ orere na re rhe ughere na ejobi.
GEN_023_019|data/processed/segments/GEN/GEN_023_019.wav|Re enana ejobi vwọ wan nu, Ebraham de shi Sera rẹ aye rọye phihọ ẹmwa rọ otọ ri Mak-pela, vwẹ obọrhe ri Mamre (kọye Hebrọn) vwẹ otọ ri Kenan.
GEN_023_020|data/processed/segments/GEN/GEN_023_020.wav|Te otọ na kugbe ẹmwa rọ herọ ke siobọ no kẹ Ebraham rọ dia ẹkẹn rẹ ogbẹ, re ihwo ri Hẹt vwọ kẹ.
GEN_024_001|data/processed/segments/GEN/GEN_024_001.wav|Asakiephana Ebraham ghworo, ọ tọnre gangan; Ọrovwohwo de bruphihọ kẹ Ebraham vwẹ emu buebu
GEN_024_002|data/processed/segments/GEN/GEN_024_002.wav|Ebraham da ta kẹ odibo rọye, rọ dia ọkpako vwẹ uwevwi rọye, rọ vwẹ ẹro te emu ro vwori ejobi, Phi obọ wẹn phihọ obotọ rẹ ekpoghowọ mẹ,
GEN_024_004|data/processed/segments/GEN/GEN_024_004.wav|ẹkẹvuọvo ku wo kpo orho mẹ kpo uvwiẹ mẹ, kẹ Etiyin wọ da reyọ aye kẹ ọmọ mẹ Aizik.
GEN_024_005|data/processed/segments/GEN/GEN_024_005.wav|Odibo na da ta kẹ, Kẹ ọke rẹ aye na gbe rha rhọvwe nene uvwe rhe otọ nana-a, ke Me rha rhoma reyọ ọmọ wẹn rhivwi kpo otọ ru wo nurhe na?
GEN_024_006|data/processed/segments/GEN/GEN_024_006.wav|Ebraham da ta kẹ nẹ, E ja mrẹ nẹ wọ rhoma reyọ ọmọ mẹ kpo oboyi-i.
GEN_024_007|data/processed/segments/GEN/GEN_024_007.wav|Ọrovwohwo Ọghẹnẹ rẹ odjuvwu, rọ reyọ ovwẹ nẹ uwevwi rẹ ọsẹ mẹ rhe kugbe otọ re de vwiẹ vwẹ na, ọ rọ ta otá kẹ vwẹ na nẹ, Uvwiẹ wẹn Me vwẹ otọ nana kẹ, o che ji amakashe rọye karo kẹ wẹ, kẹ oboyi wọ da reyọ aye kẹ ọmọ mẹ.
GEN_024_008|data/processed/segments/GEN/GEN_024_008.wav|Ẹkẹvuọvo aye na gbe rhọvwe nene uwe-e, yẹ iyori mẹ na gbi se mu we-e; ẹkẹvuọvo wọ reyọ ọmọ mẹ vwo rhivwi kpo oboyi kakaka-a.
GEN_024_009|data/processed/segments/GEN/GEN_024_009.wav|Etiyin odibo na de phi obọ phihọ ekpoghowọ rẹ Ebraham rẹ onini rọye o de duvwu iyori fiki rẹ ota nana.
GEN_024_010|data/processed/segments/GEN/GEN_024_010.wav|Etiyin odibo na da reyọ iyesi ihwe rẹ onini rọye ọ da yanran, ọ da reyọ oghoghẹre rẹ ekuakua ra vwọ phare ọkon mie onini rọye, o de vrẹn ọ da yanran kpo Mẹsopotemia, vwo kpo orere ri Nahọr.
GEN_024_012|data/processed/segments/GEN/GEN_024_012.wav|Ọ da ta, E Ọrovwohwo, Ọghẹnẹ rẹ onini mẹ Ebraham, ju vwe phi kparobọ nonẹ, Me rẹ wẹ, re wọ vwẹ evuesiri wẹn na vwọ nẹ onini mẹ Ebraham.
GEN_024_013|data/processed/segments/GEN/GEN_024_013.wav|Nighere, Mi re mudia asan ogbugbu rẹ ame na re, rẹ emetẹ rẹ ihwo rẹ orere na de che vo ame.
GEN_024_015|data/processed/segments/GEN/GEN_024_015.wav|Ọ je ghwá ta ota nẹ unu na, nighe, Rebeka, ọmọtẹ ri Bẹtuẹl ọmọ ri Milka, rẹ aye rẹ Nahọr rẹ oniọvo rẹ Ebraham, ọ rọ yan cha vẹ ochẹ rẹ ame vwẹ igabọ.
GEN_024_016|data/processed/segments/GEN/GEN_024_016.wav|Ọ́mọtẹ́ na vwo erhuvwu gangan, ọmọtobe, rọ je riẹn ọshare-e. Kọ yanran kpo obo ogbugbu na, o de vo ame vọn ochẹ na, kọ yan cha.
GEN_024_017|data/processed/segments/GEN/GEN_024_017.wav|Eriyin odibo na da djẹ bro, ọ da ta, Biko kẹ vwẹ ama ame rẹ ochẹ wẹn na da.
GEN_024_018|data/processed/segments/GEN/GEN_024_018.wav|Ọ da ta, Da, ọrovwovwe; o de wo ochẹ na kpata kpata, ọ da vwẹ ame kẹ da.
GEN_024_019|data/processed/segments/GEN/GEN_024_019.wav|Ọke rọ vwọ ke da nu, ọ da ta, Mi ji vo kẹ iyesi wẹn na rere ayen je da.
GEN_024_020|data/processed/segments/GEN/GEN_024_020.wav|Kpata kpata na o de ghwe rhurie ame na phihọ odo, ọ da ghwá djẹ yanran re vo vwọ kẹ iyesi na.
GEN_024_021|data/processed/segments/GEN/GEN_024_021.wav|Ọshare na da fọ ko di nó rọ vwọ riẹn se Ọghẹnẹ phi erhuvwu phihọ oyan rọye na eyẹ ẹjo.
GEN_024_022|data/processed/segments/GEN/GEN_024_022.wav|Ọke rẹ iyesi na vwọ da ame nu, ọshare na da reyọ isa rẹ oro rọ họhọ te ubro ri shikẹl, kugbe umuobọ ivẹ re họhọ te shikẹl rẹ oro ihwe,
GEN_024_025|data/processed/segments/GEN/GEN_024_025.wav|Ọ da rhoma ta, Avwanre vwo egbri kugbe ẹbe eyaya buebu, kugbe uwevwi re wo phihọ.
GEN_024_026|data/processed/segments/GEN/GEN_024_026.wav|Ọshare na de gbe uyovwi otọ ọ da ga Ọrovwohwo,
GEN_024_027|data/processed/segments/GEN/GEN_024_027.wav|ọ da ta, Ebruphihọ kẹ Ọrovwohwo Ọghẹnẹ rẹ onini mẹ Ebraham, ro se siobọ nẹ ẹguọnọ ro jẹrhẹriẹ kugbe evuesiri ro vwo kpahe onini mẹ. Vwọ kẹ vwẹ, Ọrovwohwo ri sun vwe vwẹ idjerhe rhi te uwevwi rẹ omoni rẹ onini mẹ.
GEN_024_028|data/processed/segments/GEN/GEN_024_028.wav|Etiyin ọmọtẹ na da djẹ re gbe ikun rẹ emu nana ejobi kẹ ihwo rẹ uwevwi rẹ oni rọye.
GEN_024_029|data/processed/segments/GEN/GEN_024_029.wav|Rebeka vwo oniọvo re se Laban; Laban da djẹ bru ohwo na, vwẹ obo ogbugbu na.
GEN_024_030|data/processed/segments/GEN/GEN_024_030.wav|Ọke rọ rhe vwọ mrẹ isa na kugbe umuobọ na vwẹ obọ rẹ oniọvo rọye, o ki rhe ji nyo ikun ri Rebeka gberi nẹ, Enẹ ohwo na ta kẹ vwẹ, o da yan bru ohwo na; o vwo ni, ọ da mrẹ ohwo na ro mudia kẹrẹ iyesi na vwẹ akakọ rẹ ogbugbu na.
GEN_024_031|data/processed/segments/GEN/GEN_024_031.wav|Ọ da ta kẹ, Ro uwevwi, wẹ rẹ Ọrovwohwo bruba kẹ na die wo vwo mudia ughere? Kidie Me rhuẹrẹ uwevwi nure kugbe asan vwọ kẹ iyesi wẹn.
GEN_024_033|data/processed/segments/GEN/GEN_024_033.wav|O de mu emu kẹ nọ re, ẹkẹvuọvo ọ da ta, Me sa re emu re bẹsiẹ Me vwọ yan uwevwi mẹ nu. O da ta, Gba ta.
GEN_024_034|data/processed/segments/GEN/GEN_024_034.wav|Etiyin ọ da ta, Mẹ́vwẹ odibo rẹ Ebraham.
GEN_024_035|data/processed/segments/GEN/GEN_024_035.wav|Ọrovwohwo nabọ bruphihọ kẹ onini mẹ gangan, kẹ okpohwo rode, ọ vwẹ uchuru kẹ vẹ ekru rẹ eranvwe, idọnọ efuanfon vẹ iro, idibo rẹ eshare kugbe erẹ eya, iyesi kugbe ekẹtẹkẹtẹ.
GEN_024_036|data/processed/segments/GEN/GEN_024_036.wav|Sera rẹ aye rẹ onini mẹ de rhi vwiẹ ọmọ kẹ vwẹ uyovwi esha na, ọmọ na kọye ọ ghwẹ efe rọye ejobi kẹ.
GEN_024_037|data/processed/segments/GEN/GEN_024_037.wav|Onini mẹ da tanẹ mi duvwu iyori, tanẹ, Wọ reyọ aye kẹ ọmọ mẹ na vwẹ usun rẹ emetẹ ri Kenan na-a, re Me dia otọ rayen na,
GEN_024_038|data/processed/segments/GEN/GEN_024_038.wav|ẹkẹvuọvo kpo uwevwi rẹ ọsẹ mẹ kugbe ekru mẹ, ra reyọ aye kẹ ọmọ mẹ.
GEN_024_039|data/processed/segments/GEN/GEN_024_039.wav|Me da ta kẹ onini mẹ, Kẹ ọke rẹ aye na gbi nene uvwe-e, komavọ?
GEN_024_040|data/processed/segments/GEN/GEN_024_040.wav|Ẹkẹvuọvo ọ da ta kẹ vwẹ, Ọrovwohwo na re Me yan nene na, ko ji amakashe rọye nene uwe kọ kẹ wẹ aruesiri rọye vwẹ idjerhe wẹn ejobi, ku wọ reyọ aye kẹ ọmọ mẹ vwẹ evun rẹ ekru mẹ kugbe uwevwi rẹ ọsẹ mẹ;
GEN_024_041|data/processed/segments/GEN/GEN_024_041.wav|kọye iyórĩ na vwo ju we emuo, wo de te ekru mẹ re ayen gbe mrẹ aye vwọ kẹ wẹ-ẹ, ye iyori mẹ na gbi mu we-e.
GEN_024_042|data/processed/segments/GEN/GEN_024_042.wav|Nonẹ na ki mi rhi te ogbugbu na, Me da ta, Ọrovwohwo, Ọghẹnẹ rẹ onini mẹ Ebraham, vwẹ enẹ na aruesiri wẹn de se nene uvwe vwẹ idjerhe re Me ra na,
GEN_024_043|data/processed/segments/GEN/GEN_024_043.wav|nighe, mi re mudia vwẹ oma rẹ ogbugbu rẹ ame na; gbe jẹ ọmọtẹ ro rhi vo ame, re Me cha ta kẹ nẹ, Biko kẹ vwẹ ame rẹ ochẹ wẹn na da,
GEN_024_044|data/processed/segments/GEN/GEN_024_044.wav|rọ wẹnẹ unu kẹ vwẹ nẹ, Da, re mi ji vo kẹ iyesi wẹn rhe, gbe jẹ ọyena dia aye rẹ Ọrovwohwo rhuẹrẹ phihọ kẹ ọmọ rẹ onini mẹ.
GEN_024_045|data/processed/segments/GEN/GEN_024_045.wav|Me je ghwá ta nẹ unu na-a, nighe, Rebeka da ghwa yanrhe vẹ ochẹ vwẹ igabọ, ọ da yan kpo obo ogbugbu na re vo ame. Me da ta kẹ, Biko kẹ vwẹ ame da.
GEN_024_046|data/processed/segments/GEN/GEN_024_046.wav|Kpata kpata na o de ghwe wo ochẹ na nẹ igabọ rọye, ọ da ta, Da, re Me je kẹ iyesi wẹn na da rhe. Kọye Me da da, ọ da je kẹ iyesi na rhe.
GEN_024_047|data/processed/segments/GEN/GEN_024_047.wav|Me da nọ nẹ, Wẹ ọmọtẹ rẹ ono? Ọ da ta, Ọmọtẹ ri Bẹtuẹl, ọmọ ri Nahọr ri Milka vwiẹ kẹ. Kọye mi de ku isa na phihọ abọ.
GEN_024_048|data/processed/segments/GEN/GEN_024_048.wav|Etiyin mi de gbe uyovwi kpotọ Me da ga Ọrovwohwo, mi de bruphihọ kẹ Ọrovwohwo, Ọghẹnẹ rẹ onini mẹ Ebraham, ro sun vwe wan idjerhe esiri ra reyọ ọmọtẹ rẹ uwevwi rẹ onini mẹ vwọ kẹ ọmọ rọye.
GEN_024_049|data/processed/segments/GEN/GEN_024_049.wav|Vwẹ etinẹ na, ọ da dianẹ wo ghine mu ọghọ kẹ onini mẹ gba ta kẹ vwẹ, ọ rha dia eriyi-in, ta kẹ vwẹ, rere mi ghwe kpo obọrhe eyẹ obọhwẹre.
GEN_024_050|data/processed/segments/GEN/GEN_024_050.wav|Etiyin Laban vi Bẹtuẹl da kpahe, Emu na obọ rẹ Ọrovwohwo o nurhe; avwanre sa kpahe ota ọbrabra eyẹ ọresiri kẹ wẹ-ẹ.
GEN_024_051|data/processed/segments/GEN/GEN_024_051.wav|Nighe, Rebeka ọye obaro wẹ na, reyọ re re wọ yanran, re ọ dia aye rẹ ọmọ rẹ onini wẹn, kirobo rẹ Ọrovwohwo tare.
GEN_024_053|data/processed/segments/GEN/GEN_024_053.wav|Odibo rọye da ghwẹ ejọrọ rẹ idọnọ kugbe oro, kugbe emwa, vwọ kẹ Rebeka; ọ da je kẹ iniọvo rọye kugbe oni rọye ekuakua rẹ osẹvwe ghaghare.
GEN_024_054|data/processed/segments/GEN/GEN_024_054.wav|Te ọye te ihwo rọye ke re e ke da, ayen da vwerhẹ ason yena vwẹ Etiyin. Rẹ ayen vwo vrẹn vwẹ irhiọke ọ da ta, Gbe jẹ avwanre kpo bru onini mẹ.
GEN_024_055|data/processed/segments/GEN/GEN_024_055.wav|Oniọvo rọye kugbe oni rọye da tanẹ, Jẹn ọmọ na hẹrhẹ tavwe, kiri emu rẹ ason ihwe; rẹ ẹdẹ na da wan nu ro ki kpo.
GEN_024_057|data/processed/segments/GEN/GEN_024_057.wav|Ayen da ta, Avwanre se ọmọtẹ na rere a nọ.
GEN_024_058|data/processed/segments/GEN/GEN_024_058.wav|Ayen de se Rebeka, ayen da ta kẹ, Wọ vẹ ohwo nana kpo? Ọ da tanẹ, Me vẹ ọye kpo.
GEN_024_059|data/processed/segments/GEN/GEN_024_059.wav|Etiyin ayen de siobọ ni Rebeka ọ vẹ ọmọtẹ rọye, te odibo rẹ Ebraham vẹ ihwo rọye.
GEN_024_060|data/processed/segments/GEN/GEN_024_060.wav|Ayen da nẹ ẹrhovwo kẹ Rebeka tanẹ, Oniọvo rẹ avwanre, gba dia oni rẹ emọ uriori asako uriori ihwe, rere uvwiẹ wẹn vwẹ anurhoro rẹ ivwighrẹ rayen vwọ riuku.
GEN_024_061|data/processed/segments/GEN/GEN_024_061.wav|Etiyin Rebeka vẹ ikọpha rọye de vrẹn ayen da gua iyesi rayen eshare na da vwọ kpahe ayen; kẹnẹ odibo na reyọ Rebeka, ayen de kpo.
GEN_024_062|data/processed/segments/GEN/GEN_024_062.wav|Vwẹ ọke nana Aizik rhoma nẹ Beer-lahai-roi rhire, kọ dia obi Nẹgẹb.
GEN_024_064|data/processed/segments/GEN/GEN_024_064.wav|Rebeka vwọ kpararo, kọ mrẹ Aizik, o de wotọ rhe,
GEN_024_065|data/processed/segments/GEN/GEN_024_065.wav|ọ da ta kẹ idibo na nẹ, Didi ọshare oboyi na, ro yan bru avwanre cha na? Odibo na da ta, Onini mẹ. Etiyin ọ da reyọ oga rọye vwo rhurhu.
GEN_024_066|data/processed/segments/GEN/GEN_024_066.wav|Odibo na da ta kẹ Aizik emu ejobi ro ruru.
GEN_024_067|data/processed/segments/GEN/GEN_024_067.wav|Etiyin Aizik da reyọ Rebeka kpo uwevwi rọye, o da rhe dia aye rọye, evun rọye da vwerhọ, oma rẹ Aizik da rhe sasa rẹ oni rọye vwo ghwu nu.
GEN_025_001|data/processed/segments/GEN/GEN_025_001.wav|Ebraham da reyọ aye ọfa, re se odẹ rọye Kẹtura.
GEN_025_002|data/processed/segments/GEN/GEN_025_002.wav|O de vwiẹ Zimran, Jokshan, Medan, Midian, Ishbak, kugbe Shua.
GEN_025_003|data/processed/segments/GEN/GEN_025_003.wav|Jokshan kọye ọsẹ ri Sheba kugbe Dedan. Emọ ri Dedan kẹ Asshurim, Letushim kugbe Le-ummim.
GEN_025_004|data/processed/segments/GEN/GEN_025_004.wav|Emọ ri Midian kẹ Ephah, Epher, Hanọk, Abida kugbe Eldah. Enana ejobi na kẹ emọ ri Kẹtura.
GEN_025_005|data/processed/segments/GEN/GEN_025_005.wav|Ebraham da vwẹ emu ro vwori ejobi vwọ kẹ Aizik.
GEN_025_007|data/processed/segments/GEN/GEN_025_007.wav|Enana keye ẹdẹ rẹ ikpe rẹ akpọ rẹ Ebraham, ikpe iyori nuro vwẹ ujurhiri.
GEN_025_008|data/processed/segments/GEN/GEN_025_008.wav|Ebraham de phi ẹnwẹ họ o de ghwu, ọ ghworo hẹrẹn hẹrẹn, ọmare rọ mrẹ ikpe buebu, o de bru ihwo rọye.
GEN_025_009|data/processed/segments/GEN/GEN_025_009.wav|Aizik kugbe Ishmael rẹ emọ rọye de sho phihọ ẹmwa ri Mak-pela, vwẹ otọ ri Ephron ọmọ ri Zohar rẹ ohwo ri Hẹt, rọ obọrhe ri Mamre,
GEN_025_010|data/processed/segments/GEN/GEN_025_010.wav|otọ rẹ Ebraham dẹ mie ihwo ri Hẹt. Etiyin kọye e shi Ebraham phihọ kugbe Sera rẹ aye rọye.
GEN_025_011|data/processed/segments/GEN/GEN_025_011.wav|Rẹ Ebraham vwo ghwunu Ọghẹnẹ de bruphihọ kẹ Aizik rẹ ọmọ rọye. Aizik da dia Beer-lahai-roi.
GEN_025_012|data/processed/segments/GEN/GEN_025_012.wav|Enana keye uvwiẹ rẹ Ishmael, ọmọ rẹ Ebraham, ri Hagar rẹ ohwo rẹ Ijipt, rẹ ọviẹn ri Sera, vwiẹ kẹ Ebraham.
GEN_025_013|data/processed/segments/GEN/GEN_025_013.wav|Enana edẹ rẹ emọ rẹ Ishmael, re vwiẹri ohwohwo kpahe ohwo: Nebaioth, ọmọ ọkpako rẹ Ishmael, kugbe Kedar, Adbeel, Mibsam,
GEN_025_014|data/processed/segments/GEN/GEN_025_014.wav|Mishma, Dumah, Massa,
GEN_025_015|data/processed/segments/GEN/GEN_025_015.wav|Hadad, Tema, Jetur, Naphish, kugbe Kedemah.
GEN_025_016|data/processed/segments/GEN/GEN_025_016.wav|Enana keye emọ rẹ Ishmael, enana keye odẹ rayen, ọkuọko rayen kugbe orho rayen, ivie ihwivẹ kirobo rẹ ẹgborho rayen epha.
GEN_025_017|data/processed/segments/GEN/GEN_025_017.wav|(Enana keye ikpe rẹ akpọ rẹ Ishmael, ikpe erha nuro vwẹ ujughwrẹ, o de phi ẹnwẹn họ, o de ghwu, o de bru uvwiẹ rọye.)
GEN_025_018|data/processed/segments/GEN/GEN_025_018.wav|Ayen da dia nẹ Havilah rhi te Shur, ro hirhe opharo ku Ijipt vwẹ ọke re de kpo Asiria; ọ da dia hirhe úko ku ihwo rọye.
GEN_025_019|data/processed/segments/GEN/GEN_025_019.wav|Enana ke rha uvwiẹ rẹ Aizik, ọmọ rẹ Ebraham, Ebraham kọye ọsẹ rẹ Aizik,
GEN_025_020|data/processed/segments/GEN/GEN_025_020.wav|Aizik ghwo te ikpe ujuvẹ, tavwe ọ ke reyọ Rebeka vwọ rọvwọ, ọmọtẹ ri Bẹtuẹl ohwo rẹ Aram rẹ orere ri Padanaram, oniọvo ri Laban rẹ ohwo rẹ Aram.
GEN_025_021|data/processed/segments/GEN/GEN_025_021.wav|Aizik da nẹ ẹrhovwo kẹ Ọghẹnẹ fiki rẹ aye rọye, kidie ẹga oruẹ, Ọrovwohwo de nyo ẹrhovwo rọye, Rebeka rẹ aye rọye da rhi mrevun.
GEN_025_022|data/processed/segments/GEN/GEN_025_022.wav|Emọ na ki phre vwẹ evun na, o da ta, Ọ da dia enẹ, kidie Me guọnọ vwẹ akpọ? Etiyin o de re duotọ rọye vwẹ obọ rẹ Ọrovwohwo.
GEN_025_023|data/processed/segments/GEN/GEN_025_023.wav|Ọrovwohwo da ta kẹ, Ẹgborho ivẹ ri evun wẹn, oka rẹ ihwo ivẹ, ru wo che vwiẹ na, ke ghare oma; Ọvo cha goma nọ ọrivẹ, oro ọkpako cha ga oro otete.
GEN_025_025|data/processed/segments/GEN/GEN_025_025.wav|Orẹ ẹsosuọ vwo shotọ ọvwara wei, oma rọye ejobi ẹtuẹnto yafu, kọye e de se odẹ rọye Isọ.
GEN_025_026|data/processed/segments/GEN/GEN_025_026.wav|Emerha oniọvo rọye de rhi shotọ, ọ da vwẹ obọ yọnrọn uchuku owọ rẹ Isọ, Etiyin e de se odẹ rọye Jekọp. Aizik ikpe ujọ́rha vwẹ ọke ro vwo vwiẹ emọ na.
GEN_025_027|data/processed/segments/GEN/GEN_025_027.wav|Ọke rẹ emọ na vwọ ghwanre re, Isọ kẹ ọgba oruẹ, ohwo rẹ aghwa, Jekọp kẹ ohwo dẹndẹn rọ dia itughẹ.
GEN_025_029|data/processed/segments/GEN/GEN_025_029.wav|Ẹdẹ ọvo ri Jekọp vwo chere ukodo, Isọ de nẹ ibefi rhe, owẹvwe ko hwe gangan.
GEN_025_030|data/processed/segments/GEN/GEN_025_030.wav|Isọ da ta kẹ Jekọp, Ju vwe re umu ukodo ọvwavware wẹn na, kidie owẹvwe na hwe vwe gangan (Fiki rẹ ọtiọye na kọye e vwo se odẹ rọye Idọm.)
GEN_025_031|data/processed/segments/GEN/GEN_025_031.wav|Jekọp da ta, Gba shẹ ọkpako wẹn kẹ vwẹ tavwe.
GEN_025_032|data/processed/segments/GEN/GEN_025_032.wav|Isọ da ta, Mi muegbe rẹ ughwu na kidie Me vwẹ ọkpako ru?
GEN_025_033|data/processed/segments/GEN/GEN_025_033.wav|Jekọp da ta, Gbe duvwu iyori tavwe. Etiyin o de duvwu iyori, ọ da shẹ ọkpako rọye ki Jekọp.
GEN_025_034|data/processed/segments/GEN/GEN_025_034.wav|Jekọp da vwẹ ikara kugbe ukodo rẹ ifọn vwọ kẹ Isọ, ọ da re ọ da da, o vreri ọ da yanran. Kẹnẹ Isọ ni ọkpako rọye saka.
GEN_026_001|data/processed/segments/GEN/GEN_026_001.wav|Asakiephana owẹvwe de rhi fi vwẹ otọ na, rọ rho nọ owẹvwe ro firi vwẹ ọke rẹ Ebraham. Aizik de kpo Gẹra, bru Abimẹlẹk ovie ri Filistia.
GEN_026_002|data/processed/segments/GEN/GEN_026_002.wav|Orvwohwo da vwẹ oma phia kẹ, ọ da ta, Wo kpo Ijipti-i; dia otọ re Me ta kẹ wẹ na.
GEN_026_003|data/processed/segments/GEN/GEN_026_003.wav|Dia ukane wẹn vwe otọ nana, ki mi nene uwe dia, ki mi bruba kẹ wẹ; kidie vwọ kẹ wẹ vẹ uvwiẹ wẹn Me cha vwẹ etọ nana kẹ, ki mi ru ǐve ri mi veri kẹ Ebraham rẹ ọsẹ wẹn gba.
GEN_026_005|data/processed/segments/GEN/GEN_026_005.wav|fikiridie Ebraham mu ọghọ kẹ urhuru mẹ, iji mẹ, kugbe ẹgha mẹ, kugbe irhi Me.
GEN_026_006|data/processed/segments/GEN/GEN_026_006.wav|Kọye Aizik da dia Gẹra.
GEN_026_007|data/processed/segments/GEN/GEN_026_007.wav|Ọke rẹ ihwo rẹ asan na vwọ nọ ekpẹn rẹ aye rọye, ọ da ta, Oniọvo mẹ oruẹ; kidie oshọ muro rọ vwọ ta nẹ, Aye mẹ, ko roro nẹ ihwo rẹ asan na che hwe ọye fiki ri Rebeka, kidie oyovwiri gangan.
GEN_026_008|data/processed/segments/GEN/GEN_026_008.wav|Rọ vwọ dia Etiyin krekri re, Abimẹlẹk ovie ri Filistia vwo nẹ evakpo ọ da mrẹ Aizik rọ vẹ Rebeka bẹnẹ.
GEN_026_009|data/processed/segments/GEN/GEN_026_009.wav|Etiyin Abimẹlẹk de se Aizik, ọ da ta, Nighe, aye wẹn oruẹ, komavọ wọ rha vwọ tanẹ oniọvo mẹ? Aizik da ta kẹ, Kidie mi rori nẹ, e che hwe vwe fiki rọye.
GEN_026_010|data/processed/segments/GEN/GEN_026_010.wav|Abimẹlẹk da ta, Ọna didi emu wo ru avwanre na? Ọ dianẹ kẹ ọvo vwẹ usu rẹ avwanre na vwẹ oma te, yọ nẹrhẹ avwanre riabe.
GEN_026_011|data/processed/segments/GEN/GEN_026_011.wav|Kọye Abimẹlẹk da kpa okpa kẹ ihwo rọye, tanẹ, Kohwo kohwo rọ vwẹ obo te aye rọye ko ghwu.
GEN_026_012|data/processed/segments/GEN/GEN_026_012.wav|Aizik de voro udju ukpe yena vwẹ otọ na, o de vun ujori. Ọrovwohwo de bruphihọ kẹ,
GEN_026_013|data/processed/segments/GEN/GEN_026_013.wav|ohwo na de rhi fe, efe na kẹ ebuebuo bẹsiẹ rọ ke rhe dia ọdafe rode.
GEN_026_014|data/processed/segments/GEN/GEN_026_014.wav|O de vwo uchuru vẹ eranvwe buebu, kugbe ikru, ihwo ri Filistia na ke rioma kpahọ.
GEN_026_015|data/processed/segments/GEN/GEN_026_015.wav|(Vwẹ ọke nana ihwo ri Filistia de gbe erhare ejobi rẹ idibo rẹ ọsẹ rọye tọnre vwẹ ọke rẹ Ebraham ọsẹ rọye.)
GEN_026_016|data/processed/segments/GEN/GEN_026_016.wav|Abimẹlẹk da ta kẹ Aizik, Kpo nẹ orho rẹ avwanre, kidie wọ goma nọ avwanre.
GEN_026_017|data/processed/segments/GEN/GEN_026_017.wav|Etiyin Aizik de vrẹn nẹ Etiyin, o de mu erhọn phihọ ushekpotọ ri Gẹra kẹ Etiyin ọ diare.
GEN_026_018|data/processed/segments/GEN/GEN_026_018.wav|Aizik da rhoma tọn erhare ra tọnre vwẹ ọke rẹ Ebraham ọsẹ rọye, fikiridie ihwo ri Filistia gbe ayen vwẹ ọke rẹ Ebraham vwo ghwu nu, o de mu edẹ rẹ ọsẹ rọye mu kẹ ayen jovwo na kẹ ayen.
GEN_026_020|data/processed/segments/GEN/GEN_026_020.wav|isuigodẹ rẹ ihwo ri Gẹra vẹ erẹ Aizik ke ghwọ, tanẹ, Ame na ọ rẹ avwanre. Kọye o de se odẹ rẹ orhare na Esek, kidie ayen ghwọ gbe.
GEN_026_021|data/processed/segments/GEN/GEN_026_021.wav|Ayen da tọn ọfa ayen da je ghwọ gbe; Etiyin o de se odẹ Sitnah.
GEN_026_022|data/processed/segments/GEN/GEN_026_022.wav|O de vrẹn nẹ Etiyin ọ da ra tọn orhare ọfa, ayen gbe ghwọ vwẹ ọyena-a, Etiyin o de se odẹ rọye Rehobọth, tanẹ, Fikiridie Ọrovwohwo kẹ avwanre asan dia, otọ na ko yovwi kẹ avwanre.
GEN_026_023|data/processed/segments/GEN/GEN_026_023.wav|O vrẹn nẹ Etiyin ọ da yan kpo Bẹẹrsheba.
GEN_026_025|data/processed/segments/GEN/GEN_026_025.wav|Etiyin ọ da so agbada o de se odẹ rẹ Ọrovwohwo, ọ da ghwa fa ọkó phihọ Etiyin. Idibo rẹ Aizik da tọn orhare vwọ asan na.
GEN_026_026|data/processed/segments/GEN/GEN_026_026.wav|Abimẹlẹk da yan ni Gẹra bro ra ọ vẹ Ahuzath re ọbuiroro rọye kugbe Fikol rẹ onotu rẹ ofovwi rọye.
GEN_026_027|data/processed/segments/GEN/GEN_026_027.wav|Aizik da ta kẹ, Die wo rhe vwo bru rhire, yẹ ivun mẹ vwerha owẹ-ẹ, wọ ke rha djẹ vwẹ nẹ oma?
GEN_026_030|data/processed/segments/GEN/GEN_026_030.wav|O de chere emu kẹ ayen, ayen da re ayen da da.
GEN_026_031|data/processed/segments/GEN/GEN_026_031.wav|Irhiọke ride ayen de vrẹn ayen da re ọphọ; Aizik de siobọ nẹ ayen, ayen de kpo egberhẹnẹdẹ.
GEN_026_032|data/processed/segments/GEN/GEN_026_032.wav|Ẹdẹ yena vuọvo na idibo rẹ Aizik da rhe vuẹ kpahe orhare rẹ ayen tọnre, ayen da ta ke, Avwanre mrẹ ame re.
GEN_026_033|data/processed/segments/GEN/GEN_026_033.wav|O de se Shibah, fiki rẹ ọtiọye na e de se odẹ rẹ orere na Bẹẹrsheba rhi te nonẹ na.
GEN_026_034|data/processed/segments/GEN/GEN_026_034.wav|Ọke rẹ Isọ vwo te ikpe ujuvẹ re, ọ da reyọ aye re se Judith rẹ ọmọ ri Beeri rẹ ohwo ri Hẹt vwọ rọvwọ, kugbe Basemath ọmọtẹ rẹ Elọn rẹ ohwo ri Hẹt,
GEN_026_035|data/processed/segments/GEN/GEN_026_035.wav|ayen da lagha Aizik kugbe Rebeka gangan.
GEN_027_001|data/processed/segments/GEN/GEN_027_001.wav|Ọke rẹ Aizik vwọ ghwọ re rẹ ẹro rọye vwo dje rọ gbe mrẹ orẹ-ẹ, o de se Isọ rẹ ọmọkpako rọye, ọ da ta kẹ, Mọmẹ, ọ da kpahe kẹ, Mẹvwẹ na.
GEN_027_002|data/processed/segments/GEN/GEN_027_002.wav|O da ta, Nighe, Me ghwore; Me riẹn ẹdẹ rẹ ughwu mẹ-ẹ.
GEN_027_005|data/processed/segments/GEN/GEN_027_005.wav|Vwẹ ọke yena Rebeka ra kerhọ rẹ Aizik vwọ ta kẹ Isọ rẹ ọmọ rọye. Kọye ọke rẹ Isọ vwo kpo aghwa re hwe eranvwe rhe,
GEN_027_006|data/processed/segments/GEN/GEN_027_006.wav|Rebeka da ta kẹ ọmọ rọye Jekọp, Mi nyo umri rẹ ọsẹ wẹn rọ ta kẹ oniọvo wẹn Isọ nẹ,
GEN_027_008|data/processed/segments/GEN/GEN_027_008.wav|Fiki rẹ ọtiọye na ọmọ mẹ, gbe nyo ota na re Me ta kẹ wẹ na.
GEN_027_009|data/processed/segments/GEN/GEN_027_009.wav|Kpo obo uchuru na, re wo mu emọ rẹ ẹkpro ivẹ rhe, rere mi vwo chere emu ọvwevwerhe kẹ ọsẹ wẹn, ọtiẹ emu rọ vwerhọ;
GEN_027_010|data/processed/segments/GEN/GEN_027_010.wav|ku wo muo rhe ọsẹ wẹn rọ re, rere ọ nẹ ẹrhovwo kẹ wẹ ro ki ghwu.
GEN_027_011|data/processed/segments/GEN/GEN_027_011.wav|Ẹkẹvuọvo Jekọp da ta kẹ Rebeka rẹ oni rọye, Nighe, oniọvo mẹ Isọ ọ pha ẹtuẹnto, ye Me pha bọbọbọ.
GEN_027_013|data/processed/segments/GEN/GEN_027_013.wav|Oni rọye da ta kẹ, Jẹn eka ra harhe owẹ dia uyovwi mẹ, ọmọ mẹ, takpi nyo ota mẹ ru wọ yanran, re mu eranvwe na rhe vwe.
GEN_027_014|data/processed/segments/GEN/GEN_027_014.wav|Etiyin ọ da yanran re mu ayen rhe oni rọye, oni rọye de chere emu ọvwevwerhe, ọtiẹ emu rọ vwerhọ.
GEN_027_015|data/processed/segments/GEN/GEN_027_015.wav|Etiyin Rebeka da reyọ ewu rẹ Isọ rẹ ọmọkpako rọye na, rọ evun rẹ uwevwi jovwo, o de kuo phihọ Jekọp rẹ omotete na,
GEN_027_016|data/processed/segments/GEN/GEN_027_016.wav|ọ da reyọ, ophiẹn rẹ ẹmẹvwe na vwọ phare abọ vẹ edigbo ohọre rọye;
GEN_027_017|data/processed/segments/GEN/GEN_027_017.wav|o de mu emu ọvwevwerhe na kugbe ikara rọ nabọ kaka na, vwọ kẹ ọmọ rọye Jekọp.
GEN_027_018|data/processed/segments/GEN/GEN_027_018.wav|O de mu emu na rhe ọsẹ rọye, ọ da ta, Baba; o de nyo kẹ nẹ, Mẹvwẹ na, wẹ ono vwo mọmẹ?
GEN_027_019|data/processed/segments/GEN/GEN_027_019.wav|Jekọp da ta kẹ ọsẹ rọye, Mẹvwẹ Isọ rẹ ọmọkpako wẹn. Mi ruru kirobo re wọ ta kẹ vwẹ nure, gbe vrẹn tidia re wọ re eranvwe mẹ, rere wọ nẹ ẹrhovwo kẹ vwẹ.
GEN_027_020|data/processed/segments/GEN/GEN_027_020.wav|Ẹkẹvuọvo, Aizik da ta kẹ ọmọ rọye, Mavọ wọ ghwa fobọ mrẹ eranvwe na phẹrẹkpẹ ọtiọye, ọmọ Me? Ọ da kpahe, Kidie Ọrovwohwo rẹ Ọghẹnẹ wẹn vwe rọ kẹ vwẹ. Aizik da ta ke Jekọp,
GEN_027_021|data/processed/segments/GEN/GEN_027_021.wav|Bi te vwe oma te, rere Me vwẹ obọ te we, ọmọ mẹ, rere mi vughe uwe se owẹ Isọ eyẹ ohwo ọfa.
GEN_027_022|data/processed/segments/GEN/GEN_027_022.wav|Etiyin Jekọp de si kẹrẹ Aizik rẹ ọsẹ rọye, ọ da vwẹ obọ gbe ọ da ta, Urhuru na urhuru ri Jekọp, ẹkẹvuọvo abọ na kiri abọ rẹ Isọ.
GEN_027_023|data/processed/segments/GEN/GEN_027_023.wav|O gbi se vughe-e, kidie abọ rọye pha ẹtuẹnto kiri abọ rẹ oniọvo rọye Isọ, Etiyin ọ da nẹ ẹrhovwo kẹ.
GEN_027_024|data/processed/segments/GEN/GEN_027_024.wav|Ọ da ta kẹ, Wẹ ghine ọmọ mẹ Isọ? Ọ da kpahe, Mẹvwẹ ọye.
GEN_027_025|data/processed/segments/GEN/GEN_027_025.wav|Etiyin ọ da ta, Gbe muo rhe vwe, rere Me re eranvwe rẹ ọmọ mẹ re Me nẹ ẹrhovwo kẹ wẹ, o de mu emu na rhe, ọ da re; ọ da vwẹ udi kẹ, ọ da da.
GEN_027_026|data/processed/segments/GEN/GEN_027_026.wav|Etiyin ọsẹ rọye Aizik da ta kẹ, Gbe si kẹrẹ ovwẹ re wọ fiọnfiọn ovwẹ, ọmọ mẹ.
GEN_027_027|data/processed/segments/GEN/GEN_027_027.wav|O de si kẹrẹ ọ da fiọnfiọn, ọ da vwẹ ewu rọye gbọrhe ọ da nẹ ẹrhovwo kẹ, ọ da ta, No, ọnrhẹn rẹ ọmọ mẹ kiri ọnrhe rẹ okogbe rẹ Ọrovwohwo bruphihọ kẹ,
GEN_027_028|data/processed/segments/GEN/GEN_027_028.wav|Ọghẹnẹ kẹ wẹ evwru rẹ obo odjuvwu, kugbe ivwri rẹ otọ na, vẹ ọka buebu kugbe udi.
GEN_027_032|data/processed/segments/GEN/GEN_027_032.wav|Ọsẹ rọye Aizik da ta kẹ, Wẹ ono vwo? Ọ da kpahe, Mẹvwẹ ọmọ wẹn, ọmọkpako wẹn Isọ.
GEN_027_033|data/processed/segments/GEN/GEN_027_033.wav|Etiyin Aizik kọ phariẹ guegue, ọ da ta, Kono ri hwe eranvwe ro de muo rhe vwe, Me rerọ ejobi nu tavwe wọ ke rhe, Me je vwẹ ẹrhovwo kẹ nureọ? uyota ke bruphihọ kẹ.
GEN_027_034|data/processed/segments/GEN/GEN_027_034.wav|Ọke rẹ Isọ vwo nyo ota rẹ ọsẹ rọye, o de shugo rẹ oviẹ ọ da viẹ oviẹ rọ yara, ọ da ta kẹ ọsẹ rọye, Nẹ ẹrhovwo kẹ vwẹ, ji te omẹvwẹ rhe, E ọsẹ mẹ;
GEN_027_037|data/processed/segments/GEN/GEN_027_037.wav|Aizik da ta kẹ Isọ, Nighe, mi vwi ro ru olori vwẹ enu wẹn nure, Me je vwẹ iniọvo wẹn ejobi kẹ ne dia idibo kẹ nure, te ọka te udi Me vwọ ba kẹ. Kidie ọfa mi ji ru kẹ wẹ, ọmọ mẹ?
GEN_027_038|data/processed/segments/GEN/GEN_027_038.wav|Isọ da ta kẹ ọsẹ rọye, Kaka ẹmẹ ẹrhovwo ọvo gbe herọ, ọsẹ mẹ? Nẹ ẹrhovwo kẹ vwẹ, ji te omẹvwẹ rhe, E ọsẹ mẹ. Isọ de kuenu rẹ oviẹ.
GEN_027_039|data/processed/segments/GEN/GEN_027_039.wav|Etiyin Aizik rẹ ọsẹ rọye da kpahe kẹ: Nighe, asan ro tephe kẹ ivwri rẹ otọ na ọye cha dia ẹdia wẹn, ro ji tephe kẹ evwru rẹ odjuvwu.
GEN_027_040|data/processed/segments/GEN/GEN_027_040.wav|Odan wẹ wọ vwọ riemu, ku wọ ga oniọvo wẹn; ẹkẹvuọvo wọ da pharhe vabọ ku wo vwirhi ọghrọrọ nẹ ohọre wẹn.
GEN_027_041|data/processed/segments/GEN/GEN_027_041.wav|Kẹ ọke nana yanran oma ri Jekọp ko tuẹ Isọ fiki rẹ ẹrhovwo rẹ ọsẹ rọye nẹ kẹ, Isọ da ta kẹ omoma rọye, Ẹdẹ rẹ ughwu ri Baba kẹrire, ke Me teye oniọvo mẹ na Jekọp hwe.
GEN_027_042|data/processed/segments/GEN/GEN_027_042.wav|Ẹkẹvuọvo eta rẹ Isọ na rẹ ọmọkpako rọye na e de rhi gbe ayen kẹ Rebeka; o de ji ohwo re se Jekọp rẹ omotete rọye na, ọ da vuẹ nẹ, Nighe, Isọ rẹ oniọvo wẹn ọ rọ jẹn iroro ro vwo hwe we, ọke o di nẹ na.
GEN_027_043|data/processed/segments/GEN/GEN_027_043.wav|Wẹ ọmọ mẹ, kerhọ mẹ, vrẹn, wọ djẹ bru Laban rẹ oniọvo mẹ vwi Haran,
GEN_027_044|data/processed/segments/GEN/GEN_027_044.wav|re wọ vọye dia oboyi emerha, bẹsiẹ rẹ ophun rẹ oniọvo wẹn vwo fue;
GEN_027_046|data/processed/segments/GEN/GEN_027_046.wav|Rebeka da ta kẹ Aizik, Ofu rẹ akpọ mẹ dje vwe vwi fiki rẹ eya ri Hit. Ọ da dianẹ Jekọp rọvwọ aye ri Hit tiọnana, usun rẹ eya rẹ otọ na, ki didi akpọ mi yeri?
GEN_028_001|data/processed/segments/GEN/GEN_028_001.wav|Aizik de se Jekọp ọ da nẹ ẹrhovwo kẹ, o de ji iji kẹ nẹ, Wọ reyọ aye rẹ ihwo ri Kenan-i.
GEN_028_002|data/processed/segments/GEN/GEN_028_002.wav|Vrẹn, kpo Padanaram kpo uwevwi ri Bẹtuẹl ọsẹ rẹ oni wẹn, ru wọ dia oboyi da reyọ aye ọvo vwẹ usun rẹ emetẹ ri Laban oniọvo rẹ oni wẹn.
GEN_028_003|data/processed/segments/GEN/GEN_028_003.wav|Ọghẹnẹ ro vwo Ẹgba o bruphihọ kẹ wẹ ro ru we ogbaọmiọvwọ ru wo bu, ru wọ rhe dia egbotu.
GEN_028_004|data/processed/segments/GEN/GEN_028_004.wav|Jọ vwẹ ebruphihọ rẹ Ebraham kẹ wẹ kugbe uvwiẹ wẹn ejobi, rere wọ vwọ sa reyọ otọ rẹ ihwo ru wọ kua bru na, re Ọghẹnẹ vwọ kẹ Ebraham na vwọ riuku.
GEN_028_005|data/processed/segments/GEN/GEN_028_005.wav|Enẹ kọye Aizik ji Jekọp yanran, ọ da yan kpo Padanaram bru Laban, rẹ ọmọ ri Bẹtuẹl ohwo ri Aram, rẹ oniọvo ri Rebeka, rẹ oni ri Jekọp kugbe Isọ.
GEN_028_006|data/processed/segments/GEN/GEN_028_006.wav|Asakiephana Isọ da mrẹ nẹ Aizik nẹ ẹrhovwo ki Jekọp nure o de jo kpo Padanaram ra reyọ aye vwẹ oboyi, kọye rọ vwọ nẹ ẹrhovwo kẹ na o de ji iji kẹ nẹ, Wọ rọvwọ aye ri Kenan rẹ.
GEN_028_007|data/processed/segments/GEN/GEN_028_007.wav|Jekọp de nyo ota rẹ ọsẹ rọye kugbe oni rọye ọ da yanran kpo Padanaram.
GEN_028_009|data/processed/segments/GEN/GEN_028_009.wav|Isọ da yanran bru Ishmael ra reyọ aye, vwọ ba eya ro vwori jovwo, Mahalat ọmọtẹ rẹ Ishmael ọmọ rẹ Ebraham, rẹ oniọvo ri Ne-baiot.
GEN_028_010|data/processed/segments/GEN/GEN_028_010.wav|Jekọp da yan ni Bẹẹrsheba, o de hirhe aro ku Haran.
GEN_028_011|data/processed/segments/GEN/GEN_028_011.wav|O de rhi te oghẹre asan ọvo, o de wo phihọ Etiyin, kidie ọnre na shẹre. Rọ vwọ reyọ ubioragha ọvo vwẹ asan na, ọ da vwọ cha uyovwi ro ki shevwerhẹ.
GEN_028_012|data/processed/segments/GEN/GEN_028_012.wav|O da vwerhẹ evwerhẹ mrẹ ugbaghala ro nẹ otọ re te odjuvwu, o vwo ni emakashe rẹ Ọghẹnẹ ki yere kpotọ kpenu vwọ.
GEN_028_013|data/processed/segments/GEN/GEN_028_013.wav|O vwo ni, Ọrovwohwo de mudia obenu rọye ọ da ta, Mẹvwẹ Ọrovwohwo na, Ọghẹnẹ rẹ Ebraham na rẹ ọsẹ wẹn kugbe Ọghẹnẹ rẹ Aizik, otọ ru wo shevwerhẹ phihọ na Me vwọ kẹ wẹ kugbe uvwiẹ wẹn ejobi,
GEN_028_014|data/processed/segments/GEN/GEN_028_014.wav|uvwiẹ wẹn ko che bu kiri ibiekpẹn rẹ otọ na, ku wọ hrabọ kpo obọrhe vẹ obọhwẹre kpo obaro vẹ obuko; oma wẹn vẹ oma rẹ uvwiẹ wẹn ọye uvwiẹ rẹ akpọ na ejobi de vwo ebruphihọ kẹ oma rayen.
GEN_028_015|data/processed/segments/GEN/GEN_028_015.wav|Nighe, Me vẹ owẹ herọ ke Me sẹro wẹ vwi kasan kasan wọ rare ejobi, ke Me vwẹ owẹ rhe otọ nana, kidie Me sa yan ju we vwo-o bẹsiẹ mi vwo ru eta nana re Me ta kẹ wẹ na ejobi gba.
GEN_028_016|data/processed/segments/GEN/GEN_028_016.wav|Etiyin Jekọp de gbunie rhọvwọ nẹ ovwerhẹ rhe ọ da ta, Omuẹro nẹ Ọrovwohwo etinẹ na, ye Me gbe riẹ-ẹn.
GEN_028_017|data/processed/segments/GEN/GEN_028_017.wav|Oshọ de muo, ọ da ta, Mavọ etinẹ na mu udidi te; Etinẹ na dia asan ọfa-a da yẹ uwevwi rẹ Ọghẹnẹ, Ọnana kẹ anurhoro rẹ odjuvwu.
GEN_028_019|data/processed/segments/GEN/GEN_028_019.wav|O de se odẹ rẹ asan na Bẹtẹl, ẹkẹvuọvo odẹ rẹ orere na vẹrhe Luz e sere.
GEN_028_020|data/processed/segments/GEN/GEN_028_020.wav|Etiyin Jekọp de vẹ ǐve tanẹ, O da dianẹ Ọghẹnẹ vẹ ovwẹ da dia, rọ da sẹro mẹ vwẹ idjerhe re Me cha wan na, rọ da kẹ vwẹ emuọre kugbe amwa vwo rhuo,
GEN_028_021|data/processed/segments/GEN/GEN_028_021.wav|ri mi de rhivwi te uwevwi rẹ ọsẹ mẹ egberhẹnẹdẹ, Ọrovwohwo kọ dia Ọghẹnẹ mẹ,
GEN_028_022|data/processed/segments/GEN/GEN_028_022.wav|ubioragha nana, ri mi vwo vi na, kọ dia uwevwi rẹ Ọghẹnẹ, kemu kemu ejobi ru wọ vwọ kẹ vwẹ ke Me reyọ ẹkihwe vwọ kẹ wẹ.
GEN_029_001|data/processed/segments/GEN/GEN_029_001.wav|Etiyin Jekọp de mu oyan rọye phihọ, o de rhi te otọ rẹ ihwo rẹ ọnre da vacha
GEN_029_003|data/processed/segments/GEN/GEN_029_003.wav|ọke rẹ ekru rẹ uchuru na rhi vwo si koko, isuigodẹ na ki ghorie oragha na nẹ unu rẹ orhare na, igodẹ na ke da ame, ayen, Me rha vwẹ oragha na rhurhu unu rẹ orhare na.
GEN_029_004|data/processed/segments/GEN/GEN_029_004.wav|Jekọp da ta kẹ ayen, Iniọvo mẹ, tivọ we nurhe? Ayen da ta, Haran avwanre nurhe.
GEN_029_005|data/processed/segments/GEN/GEN_029_005.wav|Ọ da ta kẹ ayen, Ovwan riẹn Laban rẹ ọmọ ri Nahọr? Ayen da ta, Avwanre riẹnrẹ.
GEN_029_006|data/processed/segments/GEN/GEN_029_006.wav|Ọ da ta kẹ ayen, Oma rọye dori? Ayen da ta, O dori; nighere, Rachel rẹ ọmọtẹ rọye vẹ igodẹ re gba yan usun cha na;
GEN_029_007|data/processed/segments/GEN/GEN_029_007.wav|Ọ da ta, Nighe, ọke je herọ, o ji te ọke re vwo si eranvwe koko-o, jẹ igodẹ na da ame, rere wọ vwẹ ayen yanran ra re odi.
GEN_029_008|data/processed/segments/GEN/GEN_029_008.wav|Ẹkẹvuọvo ayen da ta, Avwanre sa yanran jokpa nẹ igodẹ na ejobi kokori, re de rhe ghorie ubioragha na nẹ unu rẹ orhare na; tavwe igodẹ na ke da ame.
GEN_029_011|data/processed/segments/GEN/GEN_029_011.wav|Etiyin Jekọp da fiọnfiọn unu ri Rachel, ọ da viẹ phia.
GEN_029_012|data/processed/segments/GEN/GEN_029_012.wav|Jekọp da ta ki Rachel nẹ ọye omoni rẹ ọsẹ rọye, nẹ ọye ọmọ ri Rebeka; o de ghwe vrẹn ra vuẹ ọsẹ rọye.
GEN_029_013|data/processed/segments/GEN/GEN_029_013.wav|Ọke ri Laban vwo nyo ikun ri Jekọp ọmọ rẹ oniọvo rọye, ọ da djẹ ra vwa, ọ da gbanọ, ọ da fiọnfiọn unu, ọ da reyọ kpo uwevwi rọye Jekọp de gbe ikun nana ejobi ki Laban.
GEN_029_014|data/processed/segments/GEN/GEN_029_014.wav|Laban da ta kẹ, Omuẹro wẹ ubeku rẹ oma mẹ kugbe uvwo rẹ oma mẹ; Ọ da dia uwevwi rọye emeravwe ọvo.
GEN_029_015|data/processed/segments/GEN/GEN_029_015.wav|Etiyin Laban da ta ki Jekọp, fikiridie wọ vwọ omoni mẹ na, ku wọ de ga vwẹ ọphọphẹ? Ta kẹ vwẹ, bro osa Me hwa kẹ wẹ?
GEN_029_017|data/processed/segments/GEN/GEN_029_017.wav|Ibiẹro ri Leah pha rhukpu rhukpu, ẹkẹvuọvo ọ ri Rachel pha sasasa yoyovwi.
GEN_029_018|data/processed/segments/GEN/GEN_029_018.wav|Rachel kọye je Jekọp; ọ da ta, Me ga we ikpe ighwrẹ fiki ri Rachel rẹ ọmọtẹ wẹn rẹ otete na;
GEN_029_019|data/processed/segments/GEN/GEN_029_019.wav|Laban da ta, Ofori re Me vwọ kẹ wẹ nọ ọ re Me da vwọ kẹ ohwo ọfa; nene uvwe dia.
GEN_029_020|data/processed/segments/GEN/GEN_029_020.wav|Etiyin Jekọp da ga ẹga ikpe ighwrẹ fiki ri Rachel, e da họhọ ẹdẹ tutuno vwọ kẹ kidie o jere gangan.
GEN_029_021|data/processed/segments/GEN/GEN_029_021.wav|Etiyin Jekọp da ta ki Laban, Kẹ vwẹ aye mẹ rere Me vẹ ọye vwerhẹ, kidie ẹdẹ na gbare.
GEN_029_022|data/processed/segments/GEN/GEN_029_022.wav|Laban de se ihwo rẹ asan na koko, o de chere emu kẹ ayen.
GEN_029_023|data/processed/segments/GEN/GEN_029_023.wav|Ẹkẹvuọvo rẹ ovwọnvwọn vwo te ọ da reyọ Leah o de suo rhe Jekọp, o de bro kpo ovwerhẹ.
GEN_029_024|data/processed/segments/GEN/GEN_029_024.wav|(Laban da vwẹ ayeobọ rọye Milkah vwọ kẹ Leah ro nene dia).
GEN_029_025|data/processed/segments/GEN/GEN_029_025.wav|Vwẹ irhiọke, o vwo ni, ki Leah, Jekọp da ta kẹ Laban, Ọna didi emu wo ru kẹ vwẹ na? O dia fiki ri Rachel Me vwọ ga wẹ? Komavọ wọ rha vwọ phiẹn vwẹ?
GEN_029_027|data/processed/segments/GEN/GEN_029_027.wav|Ru ẹdẹ rẹ ọna gba, avwanre kẹ vwẹ ọrivẹ na kẹ wẹ wọ da ga vwẹ ikpe ighwrẹ efa.
GEN_029_028|data/processed/segments/GEN/GEN_029_028.wav|Jekọp de ghine ru ọtiọye, o de ru ẹdẹ na gba, Etiyin Laban da vwi Rachel kẹ vwọ rọvwọ
GEN_029_029|data/processed/segments/GEN/GEN_029_029.wav|(Laban da vwẹ ayeobọ rọye Bilhah vwọ kẹ Rachel rẹ ọmọtẹ rọye).
GEN_029_030|data/processed/segments/GEN/GEN_029_030.wav|Kọye Jekọp de bru Rachel kpo ovwerhẹ, ivun ri Rachel da vwerhọ vwọ nọ Leah, ọ da rhoma ga Laban ikpe ighwrẹ efa.
GEN_029_032|data/processed/segments/GEN/GEN_029_032.wav|Leah da mrevun o de vwiẹ ọ́mọsháre o de se odẹ rọye Rubẹn kidie ọ tare nẹ, Ọrovwohwo mrẹ olagha mẹ, omuẹro ivun mẹ kọ vwerhe ọshare mẹ.
GEN_029_033|data/processed/segments/GEN/GEN_029_033.wav|Ọ da rhoma mrevun o de vwiẹ ọmọshare, ọ da ta, kidie Ọrovwohwo nyori ni mi tuoma, ọye ọ vwọ rhoma kẹ vwẹ ọmọshare; o de se odẹ rọye Simiọn.
GEN_029_034|data/processed/segments/GEN/GEN_029_034.wav|Ọ da rhoma mrevun ọfa o de vwiẹ ọmọshare, ọ da ta, Kẹ etinẹ yanran ọshare mẹ kọ vwẹ oma te vwe, kidie mi vwiẹ emeshare erha kẹ re, ọtiọye na o de se odẹ rọye Livae.
GEN_029_035|data/processed/segments/GEN/GEN_029_035.wav|Ọ rhoma mrevun o de vwiẹ ọmọshare, ọ da ta, Vwẹ ọke nana ki mi jiri Ọrovwohwo; fiki rẹ ọtiọye na o de se odẹ rọye Juda, o de bru uvwiẹ.
GEN_030_002|data/processed/segments/GEN/GEN_030_002.wav|Ophu de mu Jekọp kpahe Rachel, ọ da ta, Mẹvwẹ Ọghẹnẹ rọ karo owẹ evwiẹ?
GEN_030_003|data/processed/segments/GEN/GEN_030_003.wav|Etiyin ọ da ta, Ọmọtẹ mẹ re se Bilhah na; bro ra rere ovwiẹ kẹ vwẹ, re emọ ro vwori ejobi kẹ mẹvwẹ ri vwiẹ ayen.
GEN_030_004|data/processed/segments/GEN/GEN_030_004.wav|Ọ da vwi Bilhah kẹ vwọ rọvwọ: Jekọp de nene vwerhẹ
GEN_030_005|data/processed/segments/GEN/GEN_030_005.wav|Bilhah da mrevun o de vwiẹ ọmọshare ki Jekọp.
GEN_030_006|data/processed/segments/GEN/GEN_030_006.wav|Etiyin Rachel da ta, Ọghẹnẹ bru orhiẹ kẹ vwẹ, o de nyo urhuru mẹ ọ da kẹ vwẹ ọmọshare; o de mu odẹ kẹ nẹ Dan.
GEN_030_007|data/processed/segments/GEN/GEN_030_007.wav|Ọmọtẹ ri Rachel na Bilhah da rhoma mrevun o de vwiẹ ọmọshare ki Jekọp.
GEN_030_008|data/processed/segments/GEN/GEN_030_008.wav|Rachel da ta, Ogangan mẹ vẹ oniọvo mẹ vwo muabọ Me da marọ, Etiyin o de se odẹ rọye Naftali.
GEN_030_010|data/processed/segments/GEN/GEN_030_010.wav|Etiyin ọmọtẹ ri Leah Zilpah de vwiẹ ọmọshare ki Jekọp.
GEN_030_011|data/processed/segments/GEN/GEN_030_011.wav|Leah da ta, Mi yovwerhi, Etiyin o de mu odẹ kẹ ni Gad;
GEN_030_012|data/processed/segments/GEN/GEN_030_012.wav|ọmọtẹ ri Leah Zilpah da rhoma vwiẹ ọmọshare ọfa ki Jekọp.
GEN_030_013|data/processed/segments/GEN/GEN_030_013.wav|Leah da ta, Komavọ Me ghọghọ te, kidie eya na ki se vwe aghọghọ; Etiyin o de se odẹ rọye Asha.
GEN_030_014|data/processed/segments/GEN/GEN_030_014.wav|Vwẹ ọke orhọ rẹ eka Rubẹn da mrẹ ivwritegbo vwẹ obo ẹghwa, ọ da vwẹ ayen rhe oni rọye Leah. Etiyin Rachel da ta ki Leah, Biko, Me rẹ wẹ, kẹ vwẹ ivwritegbo rẹ ọmọ wẹn na.
GEN_030_015|data/processed/segments/GEN/GEN_030_015.wav|Ẹkẹvuọvo ọ da ta kẹ, Wo rori nẹ emu otete ru wo vwo mie vwe ọshare mẹ? Wo ji mie vwe ivwritegbo rẹ ọmọ mẹ rhe? Rachel da ta, Ko nene uwe vwerhẹ ason na fiki rẹ ivwritegbo rẹ ọmọ wẹn na.
GEN_030_017|data/processed/segments/GEN/GEN_030_017.wav|Ọghẹnẹ de nyo enuebro ri Leah, ọ da mrevun o de vwiẹ ọmọshare rẹ iyori ki Jekọp.
GEN_030_018|data/processed/segments/GEN/GEN_030_018.wav|Leah da ta, Ọghẹnẹ hwosa rẹ oyare mẹ kẹ vwẹ nure kidie Me vwẹ ọmọtẹ mẹ vwọ kẹ ọshare mẹ, o de se odẹ rọye Isaka.
GEN_030_020|data/processed/segments/GEN/GEN_030_020.wav|Etiyin Leah da ta, Ọghẹnẹ nẹrhẹ e ru emu aye kẹ vwẹ; vwẹ etinẹ na ọshare mẹ ko mu ọghọ kẹ vwẹ fikiridie mi vwiẹ emọ esán vwọ kẹ; o de se odẹ rọye Zẹbulọn.
GEN_030_021|data/processed/segments/GEN/GEN_030_021.wav|Ukuko rọye o de vwiẹ ọmọtẹ, o de se odẹ rọye Dinah.
GEN_030_022|data/processed/segments/GEN/GEN_030_022.wav|Ọghẹnẹ ke rhe karohọ Rachel, Ọghẹnẹ de nyo oviẹ rọye o de rhie urhoro rọye.
GEN_030_023|data/processed/segments/GEN/GEN_030_023.wav|Ọ da mrevun o de vwiẹ ọmọshare, ọ da ta, Ọghẹnẹ si vwe nẹ ehwẹjẹ;
GEN_030_024|data/processed/segments/GEN/GEN_030_024.wav|o de se odẹ rọye Josẹf, tanẹ, Je Ọrovwohwo vwẹ ọmọ ọfa vwo ba kẹ vwẹ,
GEN_030_025|data/processed/segments/GEN/GEN_030_025.wav|Ri Rachel vwo vwiẹ Josẹf nu, Jekọp da ta ki Laban, Gbe si obo nu vwe, rere mi kpo uwevwi mẹ vẹ orho mẹ.
GEN_030_026|data/processed/segments/GEN/GEN_030_026.wav|Ke vwẹ eya mẹ vẹ emọ mẹ re Me ga ẹga rọye kẹ wẹ na, rere mi kpo, kidie wọ riẹn owian re Me wian kẹ wẹ.
GEN_030_027|data/processed/segments/GEN/GEN_030_027.wav|Ẹkẹvuọvo Laban da ta kẹ, Wọ da rhọvwe kẹ vwẹ ne Me ta ọtiọye, ke Me ta nẹ a mraro kẹ vwẹ ni fiki wẹ ọye Ọrovwohwo vwo bruphihọ kẹ vwẹ,
GEN_030_028|data/processed/segments/GEN/GEN_030_028.wav|se osa re Me re wẹ re Me hwa kẹ wẹ.
GEN_030_029|data/processed/segments/GEN/GEN_030_029.wav|Jekọp da ta kẹ, Wẹ vẹ ekpuyovwi wẹn riẹnre obo Me ga wẹ te, obo re uchuru wẹn yovwi te vwẹ obọ mẹ.
GEN_030_030|data/processed/segments/GEN/GEN_030_030.wav|Kidie uchuru wẹn pha tutuno vwẹ ọke re Me vwọ rhe, nẹ ọke yena rhe na i de bu gangan, Ọrovwohwo de bruphihọ kẹ wẹ vwi kabọ kabọ. Asakiephana kẹ ọke vọ Me rha vwọ wian kẹ omobọ mẹ?
GEN_030_031|data/processed/segments/GEN/GEN_030_031.wav|Ọ da ta, Kidie Me kẹ wẹ? Jekọp da kpahe, Wọ kẹ vwẹ emuọvo-o; wo de se ru Ọnana kẹ vwẹ, ke Me rhoma churu igodẹ wẹn na Me Me rha sẹro rẹ ayen.
GEN_030_032|data/processed/segments/GEN/GEN_030_032.wav|ju vwe wan uherevie rẹ igodẹ wẹ na nonẹ, rere Me sanọ igodẹ ri kere ipe kugbe emọ rẹ igodẹ rẹ ibiebi, kugbe ẹvwe ri kere ipe ejobi, eyena keye dia osa mẹ.
GEN_030_033|data/processed/segments/GEN/GEN_030_033.wav|Etiyin kọye wo de vughe ọvwata mẹ vwobọ, vwẹ ọke ri wọ da cha mrẹ osa mẹ. Kogodẹ kogodẹ eyẹ ẹvwe ro rhe vwo upee eyẹ obirii, wọ da mrẹ vwẹ ohri rẹ emẹ na, ji mi choro.
GEN_030_034|data/processed/segments/GEN/GEN_030_034.wav|Laban da ta, Oyoma gbe jọ dia obo wọ tare na.
GEN_030_035|data/processed/segments/GEN/GEN_030_035.wav|Ẹkẹvuọvo ẹdẹ yena Laban da sanọ egbo kugbe ẹkpro ri keri ipe kugbe iri vwo irhiẹ, iri vwo ipe efuanfon, kugbe ipe ibiebi, ọ da sanọ ayen ejobi vwọ kẹ emọ rọye ni sun;
GEN_030_036|data/processed/segments/GEN/GEN_030_036.wav|o de phi uvwre rẹ oyan rẹ ẹdọke erha vwọ kẹ oma rọye vi Jekọp; Jekọp da ghẹrẹ igodẹ ri Laban ri chekọ.
GEN_030_037|data/processed/segments/GEN/GEN_030_037.wav|Etiyin Jekọp da reyọ oghọ ọkpokpọ ri almond kugbe afon ọ da phia, o de kere fuanfon, ọ da vwẹ ẹbẹre ro kerẹ na vwọ phia.
GEN_030_039|data/processed/segments/GEN/GEN_030_039.wav|igodẹ na de vwiẹ vwẹ obaro rẹ oghọ rẹ urhé ro keri ipe na, ẹvo de vwiẹ iri vẹ ipe efuanfon, ẹvo vẹ irhiẹ efa ibiebi.
GEN_030_040|data/processed/segments/GEN/GEN_030_040.wav|Jekọp da hẹriẹ imigodẹ na, o de hirhe opharo rẹ igodẹ na ku oghọ rẹ urhé re keri na kugbe ibiebi re igodẹ ri Laban, o de phi ekru rẹ igodẹ robọ rọye phi orhọ o rhe ku ayen kugbe iri Laban na-a.
GEN_030_041|data/processed/segments/GEN/GEN_030_041.wav|Kọke kọke rẹ igodẹ re sasare de vwiẹ Jekọp mi phi oghọ na phihọ asan rẹ igodẹ da da ame asan rẹ igodẹ na da sa mrẹ, rere ayen vwo vwiẹ vwẹ obaro rẹ oghọ na,
GEN_030_042|data/processed/segments/GEN/GEN_030_042.wav|ẹkẹvuọvo ere pha mwẹmwẹ re herọ o de mu ayen san, ere mwẹmwẹ na ke rẹ Laban, ere gangan ri chekọ ki ri Jekọp.
GEN_030_043|data/processed/segments/GEN/GEN_030_043.wav|Kẹnẹ Jekọp ru fe gangan, o de vwo uchuru, kugbe idibo rẹ emetẹ vẹ ere eshare kugbe iyesi vẹ ekẹtẹkẹtẹ.
GEN_031_002|data/processed/segments/GEN/GEN_031_002.wav|Jekọp ke rha mrẹ vughe nẹ ivun rọye gbe rha vwerhe Laban kiri ọke rẹ ẹsosuọ-ọ.
GEN_031_003|data/processed/segments/GEN/GEN_031_003.wav|Ọrovwohwo da ta ki Jekọp, Rhivwi kpo otọ rẹ ọsẹ wẹn bru uvwiẹ wẹn, ki mi nene uwe dia.
GEN_031_004|data/processed/segments/GEN/GEN_031_004.wav|Jekọp de ji ikọ re se Rachel vi Leah rhe obo ẹghwa ro de churu eranvwe na,
GEN_031_006|data/processed/segments/GEN/GEN_031_006.wav|Wa riẹnre nẹ ogangan mẹ ejobi Me vwọ ga ọsẹ wẹn,
GEN_031_007|data/processed/segments/GEN/GEN_031_007.wav|yẹ ẹkẹvuọvo ọsẹ wẹn ghwá vwẹ re o de wene osa mẹ asiehwe; yẹ Ọghẹnẹ rhọvwere nẹ ọwavwẹ oma-a.
GEN_031_008|data/processed/segments/GEN/GEN_031_008.wav|Ọ da dianẹ ọ tare nẹ, Igodẹ ri kerẹ ipe eye osa wẹn, igodẹ na ejobi mi vwiẹ iri kere ipe; ọ da rha tanẹ, Iri vẹ irhiẹ eye dia osa wẹn; igodẹ na ejobi mi rhe vwiẹ iri vẹ irhiẹ.
GEN_031_010|data/processed/segments/GEN/GEN_031_010.wav|Ọke rẹ uchuru vwọ gba Me da vwerhẹ evwerhẹ mi vwo ni, Me da mrẹ ẹkpro rọ ruọ uchuru na, ẹvo vẹ irhiẹ, ẹvo vẹ ipe ẹvo pha bule bule.
GEN_031_011|data/processed/segments/GEN/GEN_031_011.wav|Etiyin amakashe rẹ Ọghẹnẹ da ta kẹ vwẹ vwẹ evwerhẹ na, Jekọp, mi de nyo nẹ, Mẹvwẹ na.
GEN_031_012|data/processed/segments/GEN/GEN_031_012.wav|Ọ da ta, Kpare opharo rere wo ni, ẹkpro na ejobi re ruọ uchuru na e bẹrẹ irhiẹ, i kere ipe, ẹvo bule bule, kidie Me mrẹ obo ri Laban ru we.
GEN_031_013|data/processed/segments/GEN/GEN_031_013.wav|Mẹvwẹ Ọghẹnẹ ri Bẹtẹl, asan wọ da vwẹ evwri ghworo oragha re vwo vi na kugbe asan ri wo de vẹ ǐve kẹ vwẹ na. Gbe vrẹn vwẹ ọke na, ri wo rhivwi kpo nẹ otọ na, re wo kpo otọ re de vwiẹ wẹn.
GEN_031_015|data/processed/segments/GEN/GEN_031_015.wav|Ọ dianẹ avwanre họhọ ọrharha vwọ kẹ? Fikiridie ọ shẹ avwanre nure ọ ke je re igho rẹ avwanre nure.
GEN_031_016|data/processed/segments/GEN/GEN_031_016.wav|Ekuakua ejobi rẹ Ọghẹnẹ reyọ mie ọsẹ rẹ avwanre kẹ e rẹ avwanre vẹ emọ rẹ avwanre, Asakiephana kemu kemu rẹ Ọghẹnẹ ta kẹ wẹ, ọye wo ru.
GEN_031_017|data/processed/segments/GEN/GEN_031_017.wav|Etiyin Jekọp de vrẹn, o de mu emọ rọye kugbe eya rọye phihọ enu rẹ iyesi;
GEN_031_018|data/processed/segments/GEN/GEN_031_018.wav|ọ da djẹ uchuru rọye phihọ obaro, kugbe eranvwe ro vwori ejobi, uchuru ro vwori vwi Padanaram, rere o kpo otọ ri Kenan bru Aizik rẹ ọsẹ rọye ra.
GEN_031_019|data/processed/segments/GEN/GEN_031_019.wav|Laban yanran kpo ẹghwa ra bọrọ ẹto rẹ igegede, Rachel de cho oma rọ umukpe rẹ ọsẹ rọye.
GEN_031_020|data/processed/segments/GEN/GEN_031_020.wav|Jekọp de reghe Laban rẹ ohwo rẹ Aram, kidie ọ ta kẹ nẹ ọye cha djẹ-ẹ.
GEN_031_021|data/processed/segments/GEN/GEN_031_021.wav|Ọ da bẹbẹ djẹ vi kemu kemu ro vwori ejobi, o de vrẹn ọ da sa urhie ri Yufratis mu, ọ da tọn opharo vi ugbenu rẹ orere ri Giliad.
GEN_031_023|data/processed/segments/GEN/GEN_031_023.wav|ọ da reyọ imoni rọye ọ da vwọ tua ẹdẹ ighwrẹ soso kpata kpata ra ro orere rẹ igbenu ri Giliad.
GEN_031_024|data/processed/segments/GEN/GEN_031_024.wav|Ẹkẹvuọvo Ọghẹnẹ de bru Laban ohwo rẹ Aram na rhe vwẹ evwerhẹ vwẹ ason, ọ da ta kẹ, Jomaotọ, wo biko kpahe ota ki Jekọp rẹẹ, oyovwiri eyẹ omiovwiri.
GEN_031_025|data/processed/segments/GEN/GEN_031_025.wav|Laban da yan mu Jekọp. Ọke yena Jekọp chivwi aphiana phihọ enu rẹ ugbenu, Laban vẹ imoni rọye de muerhọ phihọ enu rẹ ugbenu ri Giliad.
GEN_031_026|data/processed/segments/GEN/GEN_031_026.wav|Laban de ta ki Jekọp, Didi emu wo ruru na, ru wọ vwọ ghwa vwẹ re, ru wo vwo mu emetẹ mẹ kpo kiri ighuvwu re mu vwẹ ofovwi?
GEN_031_027|data/processed/segments/GEN/GEN_031_027.wav|Die wọ vwọ bẹbẹ djẹ, wọ vwọ ghwa vwẹ re, ru wo vwo ju vwe ẹvuẹ, rere Me heha kẹ wẹ vẹ ekpata kugbe isoroguun?
GEN_031_028|data/processed/segments/GEN/GEN_031_028.wav|Kidie wo gbi ju vwe fiọnfiọn emọ mẹ unu rere mi yere ayen kẹdẹfa-a? Wo ru emu rẹ ẹkpa gangan.
GEN_031_030|data/processed/segments/GEN/GEN_031_030.wav|Asakiephana wo ro kpo fikiridie urhuru rẹ uwevwi rẹ ọsẹ wẹn si we, ẹkẹvuọvo kidie wo rhe vwo cho ẹdjọ mẹ?
GEN_031_032|data/processed/segments/GEN/GEN_031_032.wav|Obọ ri kohwo kohwo ru wọ da mrẹ ẹdjọ wẹn na ko ghwu phihọ. Irharo rẹ imoni wẹn na vwẹ obọ te emu wo rori nẹ ọwẹn, rere wọ reyọ. Vwẹ ọke yena Jekọp riẹnre nẹ Rachel choro-o.
GEN_031_033|data/processed/segments/GEN/GEN_031_033.wav|Etiyin Laban da ro utughẹ ri Jekọp, ọ da ro utughẹ ri Leah, kugbe utughẹ rẹ ayeobọ ivẹ na, ẹkẹvuọvo ọ mrẹ aye-en. O de vrẹn nẹ utughẹ ri Leah ọ da ro utughẹ ri Rachel.
GEN_031_034|data/processed/segments/GEN/GEN_031_034.wav|Yi Rachel ghine, reyọ oma rọ umukpe rẹ ọsẹ rọye o de sionu vwẹ ekoso rẹ iyesi rọye o de tidia botọ Laban da vwẹ obọ gbe ekuakua rẹ uwevwi na ejobi, jọ mrẹrẹ-ẹ.
GEN_031_035|data/processed/segments/GEN/GEN_031_035.wav|Ọ da ta kẹ ọsẹ rọye nẹ, Wo jẹ ivun miovwo ọrovwovwe ri mi vwo je vrẹ-ẹn, kidie idjerhe rẹ eya na ra nyẹ vwẹ. Kọye ọ da guọnọ, ẹkẹvuọvo ọ sa mrẹ oma rọ umukpe rọye na-a.
GEN_031_036|data/processed/segments/GEN/GEN_031_036.wav|Etiyin ivun de rhi miovwo Jekọp, ọ da ghwo ku Laban, Jekọp da ta ki Laban, Didi ogbeku wọ mrẹ vwẹ obọ mẹ? Ọ rhọ umwemwu mẹ, ru wọ vwọ tua vwẹ?
GEN_031_037|data/processed/segments/GEN/GEN_031_037.wav|Dede na wọ hra uwevwi mẹ ejobi re, ki didi ekuakua wẹn wọ mrẹre vwẹ uwevwi mẹ? Gba vwọ phia kẹ imoni wẹn kugbe imoni mẹ rere ayen brorhiẹ mẹ vẹ ọwẹn.
GEN_031_038|data/processed/segments/GEN/GEN_031_038.wav|Ikpe uje soso Me vẹ ọwẹn vwọ herọ re, ogodẹ wẹn eyẹ ẹvwe wẹn ji vwiẹ chọra-a, mi ji hwe egbo rẹ uchuru wẹn ree.
GEN_031_039|data/processed/segments/GEN/GEN_031_039.wav|Ogodẹ rẹ eranvwe hweri mi vwo rhe we-e, Me hwa osa rọye kẹ wẹn, eranvwe re chori ason eyẹ uvó obọ mẹ wọ da nọ ekpẹn rọye.
GEN_031_040|data/processed/segments/GEN/GEN_031_040.wav|Kẹ ọtiọye mi epha, uvo mu vwe kẹdẹ kẹdẹ, ekpae kason kason, ovwerhẹ rẹ obọ mẹ da mrẹ vwẹ djẹ
GEN_031_041|data/processed/segments/GEN/GEN_031_041.wav|Ikpe uje soso nana Me dia uwevwi wẹn, Me ga wẹn ikpe ihwẹne fiki rẹ emetẹ wẹn ivẹ; ikpe esán fiki rẹ uchuru wẹn, wo de wene osa mẹ abọ ihwe soso.
GEN_031_042|data/processed/segments/GEN/GEN_031_042.wav|Ọ dianẹ kẹ Ọghẹnẹ rẹ ọsẹ mẹ, Ọghẹnẹ rẹ Ebraham kugbe oshọ rẹ Aizik nene uvwe dia vwo-o, yo muẹro nẹ abọ ofefe wa vwọ djẹ vwẹ kpọ, Ọghẹnẹ mrẹ oma elaghọ mẹ kugbe owian rẹ abọ mẹ, ọ da ghwọ ku we ason rọ wanre na.
GEN_031_044|data/processed/segments/GEN/GEN_031_044.wav|Yanrhe, rere Me vẹ owẹ rẹ ọphọ, mẹvwẹ kugbe owẹ, rere ọ dia iseri kẹ vwẹ vẹ owẹ
GEN_031_045|data/processed/segments/GEN/GEN_031_045.wav|Etiyin Jekọp da reyọ ubioragha o de muo vi goro.
GEN_031_046|data/processed/segments/GEN/GEN_031_046.wav|Jekọp da ta ke ihwo rọye, Wa ghwẹ ibieragha, ayen da ghwẹ ibieragha na, ayen da ma ayen osusu na.
GEN_031_047|data/processed/segments/GEN/GEN_031_047.wav|Laban de se Jegarsahadutha. ẹkẹvuọvo Jekọp de rhe se Galeed.
GEN_031_048|data/processed/segments/GEN/GEN_031_048.wav|Laban da ta, Osusu nana ri goro na ọye iseri kẹ vwẹ vẹ owẹ nonẹ na. Fiki rẹ ọtiọye na o de se Galeed,
GEN_031_049|data/processed/segments/GEN/GEN_031_049.wav|Osusu na ki Mizpah, kidie ọ tare nẹ, Ọrovwohwo rhẹrẹ owẹ vẹ ovwẹ, ọke rẹ avwanre da hẹriẹ oma nẹ ohwohwo.
GEN_031_050|data/processed/segments/GEN/GEN_031_050.wav|Wo de miovwo emetẹ mẹ na ẹyọrọ, eyẹ wọ da rọvwọ eya efa ba emọ mẹ na, dede na ohwo ọfa etinẹ na, karophihọ nẹ Ọghẹnẹ iseri mẹ vẹ owẹ.
GEN_031_051|data/processed/segments/GEN/GEN_031_051.wav|Etiyin Laban da ta ki Jekọp, Ni osusu nana vẹ ekru nana, ri mi mu vi vwẹ uvwre mẹ vẹ ọwẹn na.
GEN_031_052|data/processed/segments/GEN/GEN_031_052.wav|Ekru nana iseri, osusu nana ji iseri rhe, nẹ Me sa shariẹ ekru nana bru we rhe-e, eyẹ ekpuyovwi wẹn sa shariẹ ekru na bru vwe rhe ri ru emu-u.
GEN_031_054|data/processed/segments/GEN/GEN_031_054.wav|Jekọp de ze izobo vwẹ enu rẹ ugbenu na o de se ihwo rọye nẹ iri re emu, ayen da re ayen da vwerhẹ enu rẹ ugbenu na.
GEN_031_055|data/processed/segments/GEN/GEN_031_055.wav|Irhiọke ride Laban de vrẹn, ọ da fiọnfiọn ivwrọmọ rọye kugbe emetẹ rọye unu ọ da nẹ ẹrhovwo kẹ ayen, o de kuoma rhẹriẹ o de rhivwi kpo.
GEN_032_002|data/processed/segments/GEN/GEN_032_002.wav|ri Jekọp vwọ mrẹ ayen ọ da ta, Ọnana unuofovwi rẹ Ọghẹnẹ; Kọye o de se asan na Mahanaim.
GEN_032_003|data/processed/segments/GEN/GEN_032_003.wav|Jekọp de ji ikọ bru Isọ rẹ oniọvo rọye ra vwẹ otọ ri Seir rẹ orho rẹ Idọm,
GEN_032_004|data/processed/segments/GEN/GEN_032_004.wav|ọ da vuẹ ayen nẹ, Enẹ wa ta kẹ ọrovwovwe Isọ: Enẹ odibo wẹn Jekọp tare, Mi suosuo bru Laban, Me vẹ ọye da dia rhi te ọke na,
GEN_032_005|data/processed/segments/GEN/GEN_032_005.wav|mi vwo irhuẹn, ekẹtẹkẹtẹ, uchuru, idibo rẹ eshare, idibo rẹ emetẹ, ki mi ji ihwo rhe ta kẹ ọrovwovwe, se Me sa mrẹ aruesiri vwẹ obọ wẹn.
GEN_032_007|data/processed/segments/GEN/GEN_032_007.wav|Oshọ de mu Jekọp oma de ron, ọ da ghare ihwo ri rhere, te uchuru na te iyesi na, ẹko ivẹ,
GEN_032_008|data/processed/segments/GEN/GEN_032_008.wav|ko roro nẹ, O da dianẹ Isọ rhi te ẹko rẹ ẹsosuọ rọ da ghwọrọ, ẹko ro chekọ obuko na kọ djẹ vabọ.
GEN_032_009|data/processed/segments/GEN/GEN_032_009.wav|Jekọp da ta, E Ọghẹnẹ rẹ ọsẹ mẹ Ebraham kugbe Ọghẹnẹ rẹ ọsẹ mẹ Aizik, E Ọrovwohwo rọ ta kẹ vwẹ nẹ, Rhivwi kpo orho wẹn bru uvwiẹ wẹn, ki mi ru we yovwi,
GEN_032_010|data/processed/segments/GEN/GEN_032_010.wav|mi fo ohwo rọ sa mrẹ ivuavwerhe wẹ-ẹn kugbe ọvwata wẹ-ẹn ru wo dje phia kẹ odibo wẹn na, fikiridie ku ovwẹ ku ugbọphogho nana Me vwọ wan Jọdan vrẹn, vwẹ ọke nana mẹvwẹ kẹ usun ivẹ.
GEN_032_011|data/processed/segments/GEN/GEN_032_011.wav|Sivwe, Me rẹ wẹ, nẹ obọ rẹ oniọvo mẹ, vwo nẹ obọ rẹ Isọ, kidie oshọ rọye mu vwẹ, o de rhi hwe avwanre ejobi, te ini te emọ.
GEN_032_012|data/processed/segments/GEN/GEN_032_012.wav|Ẹkẹvuọvo wọ tare nẹ, Mi ru we yovwi, ki mi ru uvwiẹ wẹn kiri ehavwo rẹ urhie, re je se kere fikiridie o bunọ.
GEN_032_013|data/processed/segments/GEN/GEN_032_013.wav|Kọye o de mu erhọ phihọ Etiyin ason yena, ọ da phare ọkó vwo rhe Isọ rẹ oniọvo rọye,
GEN_032_014|data/processed/segments/GEN/GEN_032_014.wav|ẹkpro uje kugbe ẹvwe-eya uri, igodẹ rẹ eya uri kugbe egbo uje,
GEN_032_015|data/processed/segments/GEN/GEN_032_015.wav|ini rẹ iyesi ọgban kugbe upene rayen, erhuẹn rẹ eya ujuvẹ kugbe erẹ eshare ihwe, esi rẹ eya uje kugbe eshare ihwe.
GEN_032_016|data/processed/segments/GEN/GEN_032_016.wav|Ọ da ghwẹ ayen ejobi kẹ idibo rọye, ku eranvwe ku usun rọye, ọ da ta kẹ idibo rọye, Wa ka obaro kẹ vwẹ, rere we phi uvwre phihọ usun na.
GEN_032_017|data/processed/segments/GEN/GEN_032_017.wav|O de yono ọ rọ ka obaro ejobi, Ọke re Isọ oniọvo mẹ da vwa wẹ, ọ da nọ wẹ nẹ, Wẹ ekru rẹ ono? Tivọ wọ ra? Kẹ ono vwo enana ri obaro wẹ na?
GEN_032_018|data/processed/segments/GEN/GEN_032_018.wav|Ku wọ ta kẹ nẹ, Erẹ odibo wẹn Jekọp, ena ọko ra phare rhe ọrovwovwe Isọ, okpuyovwi rọye je cha vwẹ obuko.
GEN_032_019|data/processed/segments/GEN/GEN_032_019.wav|Eriyin o ji yono ọrivẹ kugbe ọrerha kugbe ayen ihwo ejobi ri nene usun rẹ eranvwe na nẹ, Wa Me ta ota ọvuọvo na kẹ Isọ ọke rọ da vwa ovwan,
GEN_032_020|data/processed/segments/GEN/GEN_032_020.wav|Wa Me je tanẹ, Jekọp odibo wẹn ọ cha vwẹ obuko. Kidie o rori nẹ, Me sa vwẹ ọko rọ ka obaro kẹ vwẹ na vwo phoro aro, kọye Me sa vwọ mrẹ opharo rọye, ọkeọvo ọ Me reyọ ovwẹ.
GEN_032_021|data/processed/segments/GEN/GEN_032_021.wav|Kọye ọkó na da ka obaro kẹ, okpuyovwi rọye de mu erhọn vwẹ Etiyin ason yena.
GEN_032_022|data/processed/segments/GEN/GEN_032_022.wav|Vwe ason yena ovuọvo na o de vrẹn o da reyọ eya rọye ive, kugbe esarobọ rọye ivẹ, kugbe emọ rọye uhwọvo na, ọ da wan uto ri Jabọk vrẹn.
GEN_032_023|data/processed/segments/GEN/GEN_032_023.wav|Ọ da reyọ ayen vwọ wan uto na vrẹn, kugbe kemu kemu ro vwori ejobi.
GEN_032_024|data/processed/segments/GEN/GEN_032_024.wav|Jekọp ọvo kọye ri chekọ obuko, ọshare ọvo de nene muabọ bẹsiẹ rẹ ọke vwo rhie.
GEN_032_025|data/processed/segments/GEN/GEN_032_025.wav|Ọke rẹ ọshare na vwọ mrẹ nẹ ọye sa marọ Jekọpu-u, ọ da vwe obo si ekpogho owọ rọye; ekpogho owọ ri Jekọp da rhoghra rẹ ayen vwo muabọ na.
GEN_032_026|data/processed/segments/GEN/GEN_032_026.wav|Etiyin ọ da ta, Ju vwe kpo, kidie ọke ro rhie. Ẹkẹvuọvo Jekọp da ta, Mi se siobọ nu wẹ-ẹ, jokpa nẹ wọ nẹ ẹrhovwo kẹ vwẹ.
GEN_032_027|data/processed/segments/GEN/GEN_032_027.wav|Ọ da ta kẹ, Didi odẹ wẹn? Ọ da ta, Jekọp.
GEN_032_028|data/processed/segments/GEN/GEN_032_028.wav|Etiyin ọ da ta, E gbi se odẹ wẹn Jekọp ọfaa, ẹkẹvuọvo kẹ Izrẹl, fikiridie wọ vẹ Ọghẹnẹ kugbe ihwo rẹ akpọ muabọ, yi wo sheri-i.
GEN_032_029|data/processed/segments/GEN/GEN_032_029.wav|Etiyin Jekọp da no, Ta kẹ vwẹ, Me rẹ wẹ, odẹ wẹn rhọ? Ẹkẹvuọvo ọ da ta, Die wọ vwọ nọ ekpẹn rẹ odẹ mẹ? Etiyin ọ da nẹ ẹrhovwo kẹ.
GEN_032_030|data/processed/segments/GEN/GEN_032_030.wav|Jekọp de se odẹ rẹ asan na Peniel, nẹ, Fikiridie Me mrẹ Ọghẹnẹ opharo ye emuọvo ru vwee.
GEN_032_031|data/processed/segments/GEN/GEN_032_031.wav|Yẹ ọnre na ghwa vacha rọ vwọ wan Peniel, yọ sẹghrẹ owọ fiki rẹ ekpogho owọ rọye rọ rhoghrare na.
GEN_033_001|data/processed/segments/GEN/GEN_033_001.wav|Jekọp vwọ kpare opharo, nighe, Isọ ra yan cha, ọ vẹ ihwo uri ivẹ ri nene. Etiyin ọ da ghare emọ na kẹ Leah vi Rachel kugbe emetẹ rayen ivẹ na.
GEN_033_002|data/processed/segments/GEN/GEN_033_002.wav|O de phi eyaobọ na vẹ emọ rayen phihọ obaro, Leah vẹ emọ rọye da vwọ kpahe ayen, Rachel vi Josẹf da ka obuko.
GEN_033_003|data/processed/segments/GEN/GEN_033_003.wav|Okpuyovwi rọye da ka obaro kẹ ayen, o de diguẹ vwẹ uyovwi te otọ asieghwrẹ, bẹsiẹ o rhi vwo te asan rẹ oniọvo rọye epha.
GEN_033_004|data/processed/segments/GEN/GEN_033_004.wav|Ẹkẹvuọvo Isọ da djẹ ra vwa, ọ da gbanọ, ọ da vwẹ uyovwi kpahọ ohọre ọ da fiọnfiọn unu, ayen da viẹ.
GEN_033_005|data/processed/segments/GEN/GEN_033_005.wav|Ọke rẹ Isọ vwọ kparo mrẹ eya vẹ emọ, ọ da ta, Ena amono ri nene uwe na? Jekọp da ta, Emọ rẹ Ọghẹnẹ vwo ru ẹse kẹ odibo wẹn.
GEN_033_006|data/processed/segments/GEN/GEN_033_006.wav|Etiyin eyaobọ na de si kerẹ, te ayen te emọ rayen, ayen de diguẹ kẹ,
GEN_033_007|data/processed/segments/GEN/GEN_033_007.wav|Leah vẹ emọ rọye de si kẹrẹ ayen de diguẹ, ukuko rọye Josẹf vi Rachel de si kẹrẹ, ayen de diguẹ.
GEN_033_008|data/processed/segments/GEN/GEN_033_008.wav|Isọ da ta, Kidie a vwẹ usun nana ejobi na re Me vware na vwo ru? Jekọp da kpahe, Re Me vwọ mrẹ aroesiri vwẹ obaro rẹ ọrovwovwe.
GEN_033_009|data/processed/segments/GEN/GEN_033_009.wav|Ẹkẹvuọvo Isọ da ta, Mi vwori buebu, oniọvo mẹ, sẹro rayen vwọ kẹ oma wẹn.
GEN_033_010|data/processed/segments/GEN/GEN_033_010.wav|Jekọp da ta, Ẹjo, Me rẹ wẹ, ọ da dianẹ ivun mẹ vwerhe owẹ, gba reyọ ọghọ na mie vwe, vwẹ uyota a da mrẹ opharo wẹn, kọ họhọ ohwo rọ mrẹ opharo rẹ Ọghẹnẹ, gba vwẹ ẹguọnọ ro jẹrhẹriẹ tiọye na reyọ ovwẹ.
GEN_033_011|data/processed/segments/GEN/GEN_033_011.wav|Reyọ, Me rẹ wẹ, ọkó nana re Me phare rhe we na, kidie Ọghẹnẹ ru ẹse kẹ vwẹ gangan, fikiridie ọ ri mi vwori na te kẹ vwẹ. Ọtiọna kọye ọ rẹrẹ, ọ da reyọ.
GEN_033_012|data/processed/segments/GEN/GEN_033_012.wav|Etiyin Isọ da ta, Gbe jẹ a yanran, ke Me ka obaro kẹ wẹ.
GEN_033_013|data/processed/segments/GEN/GEN_033_013.wav|Ẹkẹvuọvo Jekọp da ta, kẹ, Ọrovwovwe riẹnre nẹ emọ na pha mwẹmwẹ, kugbe uchuru na ri vievie na e ro vwẹ ẹwan, a da djẹ ayen kpata kpata nọ ẹdẹ ọvo, uchuru na ejobi ki ghwu.
GEN_033_016|data/processed/segments/GEN/GEN_033_016.wav|Kọye Isọ de rhivwi ẹdẹ yena kpo obi Seir.
GEN_033_017|data/processed/segments/GEN/GEN_033_017.wav|Ẹkẹvuọvo Jekọp de mu oyan vwo kpo Sukọt, ọ da bọn uwevwi kẹ oma rọye, ọ da rha bọn itughẹ kẹ uchuru rọye; fiki rẹ ọtiọye na e de se odẹ rẹ asan na Sukọt.
GEN_033_019|data/processed/segments/GEN/GEN_033_019.wav|Vwẹ obọ rẹ emọ ri Hamọr, ọsẹ ri Shikẹm, ọ da dẹ otọ na ebó rẹ igho ujori kẹ Etiyin ọ bọn utughẹ rọye phihọ.
GEN_033_020|data/processed/segments/GEN/GEN_033_020.wav|Ọ da so agbada phihọ Etiyin o de se odẹ rọye El-Elohe Izrẹl.
GEN_034_002|data/processed/segments/GEN/GEN_034_002.wav|Ọke ri Shikẹm ọmọ ri Hamọr rẹ ohwo ri Hiv, osun rẹ otọ na, vwọ mrẹ, o de shabọ phihọ ọ vọye da mroma ọ da phọphọ.
GEN_034_003|data/processed/segments/GEN/GEN_034_003.wav|Erhí rọye de churu mui Dinah ọmọtẹ ri Jekọp na; ivun rọye da vwerhọ ọ da ta ota dẹndẹn vwọ kẹ.
GEN_034_004|data/processed/segments/GEN/GEN_034_004.wav|Etiyin Shikẹm da ta ota na ki Hamọr rẹ ọsẹ rọye, tanẹ, Reyọ ọmọtẹ na kẹ vwẹ vwọ rọvwọ.
GEN_034_008|data/processed/segments/GEN/GEN_034_008.wav|Ẹkẹvuọvo Hamọr de nene ayen ta ota, tanẹ, Erhí rẹ ọmọ mẹ Shikẹm churu mu ọmọtẹ wẹn na; Me rẹ wẹ, vwọ kẹ vwọ rọvwọ.
GEN_034_010|data/processed/segments/GEN/GEN_034_010.wav|Nene avwanre dia etinẹ, otọ na ejobi rhie phihọ kẹ ovwan; wa dia re wa cho eki vwẹ otọ na, we vwo eyere vwọ.
GEN_034_011|data/processed/segments/GEN/GEN_034_011.wav|Shikẹm da ta kẹ ọsẹ rẹ ọmọtẹ na kugbe iniọvo rọye nẹ, Jẹn ivun mẹ vwerhe ovwan, kemu kemu wa nọre ejobi Me vwọ kẹ ovwan.
GEN_034_012|data/processed/segments/GEN/GEN_034_012.wav|Ighó re wa guọnọre ejobi ọye mi se ru, takpe vwẹ ọmọtẹ na kẹ vwẹ vwọ rọvwọ.
GEN_034_013|data/processed/segments/GEN/GEN_034_013.wav|Emọ ri Jekọp da vwẹ ophiẹvwe kpahe ki Shikẹm vẹ ọsẹ rọye Hamọr, kidie o gbe Dinah rẹ oniọvo rayen ẹgua.
GEN_034_018|data/processed/segments/GEN/GEN_034_018.wav|Eta rayen da nabọ je Hamọr vẹ ọmọ rọye Shikẹm.
GEN_034_019|data/processed/segments/GEN/GEN_034_019.wav|Eghene na rhe ku ọke fia rọ ke yanvwe-e, kidie ọmọtẹ ri Jekọp na jere. Kidie ọye ohwo re Me ru ọghọ kẹ vwẹ orua rayen.
GEN_034_020|data/processed/segments/GEN/GEN_034_020.wav|Kọye Hamọr vẹ ọmọ rọye Shikẹm de rhi te ughere rẹ orere na ayen da ta kẹ ihwo rẹ orere na nẹ,
GEN_034_024|data/processed/segments/GEN/GEN_034_024.wav|Ayen ihwo ri koko vwẹ ughere rẹ orere na ejobi da rhọvwe phihọ ota ri Hamọr vẹ ọmọ rọye Shikẹm; kọshare kọshare ejobi ri koko vwẹ ughere rẹ orere na da yanvwe.
GEN_034_025|data/processed/segments/GEN/GEN_034_025.wav|Vwẹ ẹdẹ rẹ erha, rẹ era rẹ oyanvwe na vwọ rhuerhue ku re, emọ ri Jekọp ivẹ, Simiọn vẹ Livae, iniọvo ri Dinah, da reyọ oda rayen ayen da rhe ruọ orere na ọrha, ayen da nyavwe eshare na ejobi hwe.
GEN_034_026|data/processed/segments/GEN/GEN_034_026.wav|Ayen da nyavwe Hamọr vẹ ọmọ rọye Shikẹm hwe, ayen da reyọ Dinah nẹ uwevwi ri Shikẹm, ayen da yanran kpo.
GEN_034_027|data/processed/segments/GEN/GEN_034_027.wav|Emọ ri Jekọp da hiẹ oma rẹ ihwo rẹ ayen hweri na, ayen da ghwẹ ekuakua rayen reyọ, kidie ayen gbe oniọvo rayen ẹgua.
GEN_034_028|data/processed/segments/GEN/GEN_034_028.wav|Ayen da reyọ ekru rẹ igodẹ kugbe uchuru rayen, iyesi kugbe kemu kemu rẹ ayen mrẹre vwẹ evun rẹ orere na, kugbe idju rayen,
GEN_034_029|data/processed/segments/GEN/GEN_034_029.wav|efe rayen ejobi, te imitete vẹ eya rayen ejobi, kugbe eyere uwevwi rayen ejobi, e de mu ayen ejobi reyọ.
GEN_034_030|data/processed/segments/GEN/GEN_034_030.wav|Etiyin Jekọp da ta kẹ Simiọn vẹ Livae nẹ, Ovwan so okpetu kẹ vwẹ nure, odẹ mẹ ko che gbo hwe ihwo rẹ otọ na, ihwo ri Kenan kugbe Pẹriz, mi buru rẹ, ayen de se otu rhe họnre ovwẹ, kẹ ayen ghwọrọ ovwẹ, te omẹvwẹ te uwevwi mẹ.
GEN_034_031|data/processed/segments/GEN/GEN_034_031.wav|Ẹkẹvuọvo ayen da ta, Die nẹrhẹ o ru oniọvo rẹ avwanre kiri igberadja?
GEN_035_001|data/processed/segments/GEN/GEN_035_001.wav|Ọghẹnẹ da ta ki Jekọp, Vrẹn, yanran kpo Bẹtẹl, re wọ dia Etiyin; rere wọ dia Etiyin so agbada kẹ Ọghẹnẹ rọ vwẹ oma phia kẹ wẹ na ọke wọ vwọ djẹ nẹ obọ rẹ oniọvo wẹn Isọ.
GEN_035_005|data/processed/segments/GEN/GEN_035_005.wav|Ọke rẹ ayen vwọ yan re, uguegue ro nẹ obọ rẹ Ọghẹnẹ rhe de rhi mu irere re riariẹ ayen phihọ, oshọ gbi jẹ ayen vwọ tua emọ ri Jekọp na-a.
GEN_035_006|data/processed/segments/GEN/GEN_035_006.wav|Jekọp de rhi te Luz (kọye Bẹtẹl), rọ otọ ri Kenan, te ọye te ihwo re vẹ ọye gba herọ,
GEN_035_007|data/processed/segments/GEN/GEN_035_007.wav|ke Etiyin ọ da so agbada, o de se odẹ rẹ asan na El-Bẹtẹl, kidie Etiyin Ọghẹnẹ da vwẹ oma nẹ rọ vwọ djẹ nẹ obọ rẹ oniọvo rọye.
GEN_035_008|data/processed/segments/GEN/GEN_035_008.wav|Deborah, rẹ ọyọrọmọ ri Rebeka, de ghwu, e de sho vwọ otọ rẹ ọhahe rọ otọ ri Bẹtẹl; kọye o de se odẹ rẹ asan na Allan-bakuth.
GEN_035_010|data/processed/segments/GEN/GEN_035_010.wav|Ọghẹnẹ da ta kẹ, Odẹ wẹn Jekọp, e gbi se we Jekọpu-u, ẹkẹvuọvo Izrẹl kọye e se wẹ. Etiyin e de se odẹ rọye Izrẹl.
GEN_035_011|data/processed/segments/GEN/GEN_035_011.wav|Ọghẹnẹ da ta kẹ, Mẹvwẹ Ọghẹnẹ ro vwo Ẹgba, gbe vwiẹ rere wo bu; ẹgborho buebu kugbe ẹgborho buebu ki nẹ agada wẹn rhe, ivie ki nẹ oma wẹn rhe.
GEN_035_013|data/processed/segments/GEN/GEN_035_013.wav|Etiyin Ọghẹnẹ de yeri kpenu jovwo nẹ asan ro de nene ta ota na.
GEN_035_014|data/processed/segments/GEN/GEN_035_014.wav|Jekọp da so agbada phihọ asan rọ vọye da ta ota na, agbada rẹ oragha, ọ da je udi kuo, o ki ji ku evwri kuo.
GEN_035_015|data/processed/segments/GEN/GEN_035_015.wav|Kọye Jekọp de se odẹ re asan rẹ Ọghẹnẹ da ta ota kẹ na, Bẹtẹl.
GEN_035_016|data/processed/segments/GEN/GEN_035_016.wav|Etiyin ayen de mu oyan ni Bẹtẹl, rẹ ayen vwo si kerẹ Efrat re, Rachel kọ chuẹ uvwiẹ, uvwiẹ na ganre gangan.
GEN_035_017|data/processed/segments/GEN/GEN_035_017.wav|Re uvwiẹ na vwọ ganre, orhere na da ta kẹ, Wọ djẹ oshọ-ọ, kidie wo che vwiẹ ọmọshare ọfa.
GEN_035_018|data/processed/segments/GEN/GEN_035_018.wav|Ro vwo sherua re (kidie o ghwuru), o de se odẹ rọye Ben-oni; ẹkẹvuọvo ọsẹ rọye de se Bẹnjamin.
GEN_035_019|data/processed/segments/GEN/GEN_035_019.wav|Etiyin Rachel de ghwu, e de sho vwẹ idjerhe rẹ Efrat (kọye Bẹtlẹhẹm),
GEN_035_020|data/processed/segments/GEN/GEN_035_020.wav|Jekọp da ma osusu phihọ enu rẹ ushi rọye; kọye osusu rọ enu rẹ ushi ri Rachel rhi te nonẹ na.
GEN_035_021|data/processed/segments/GEN/GEN_035_021.wav|Izrẹl de mu oyan, o de chivwi utughẹ rọye phihọ abọ oboyi rẹ ọgua-enu ri Eder.
GEN_035_023|data/processed/segments/GEN/GEN_035_023.wav|Emọ ri Leah Rubẹn (owanra ri Jekọp), Simiọn, Livae, Juda, Isaka, kugbe Zẹbulọn.
GEN_035_024|data/processed/segments/GEN/GEN_035_024.wav|Emọ ri Rachel Josẹf kugbe Bẹnjamin.
GEN_035_025|data/processed/segments/GEN/GEN_035_025.wav|Emọ ri Bilhah, ọyọrọmọ ri Rachel: Dan Kugbe Naftali.
GEN_035_026|data/processed/segments/GEN/GEN_035_026.wav|Emọ ri Zilpah, ọyọrọmọ ri Leah, Gad kugbe Asha. Enana emọ ri Jekọp vwiẹri vwi Padanaram.
GEN_035_027|data/processed/segments/GEN/GEN_035_027.wav|Jekọp de rhi te otọ rẹ ọsẹ rọye Aizik vwi Mamre, eyẹ Kiriataba (kọye Hebrọn), asan rẹ Ebraham vẹ Aizik diare jovwo.
GEN_035_028|data/processed/segments/GEN/GEN_035_028.wav|Ẹdẹ rẹ akpọ rẹ Aizik ejobi da dia ikpe ujurhiri:
GEN_035_029|data/processed/segments/GEN/GEN_035_029.wav|Aizik de phi ẹnwẹn họ, o de ghwu e de sho kugbe esẹ rọye ọ ghworo hẹrẹ hẹrẹ; emọ rọye Isọ kugbe Jekọp de sho.
GEN_036_001|data/processed/segments/GEN/GEN_036_001.wav|Enana uvwiẹ rẹ Isọ (kọye Idọm).
GEN_036_002|data/processed/segments/GEN/GEN_036_002.wav|Isọ da reyọ emetẹ ri Kenan vwọ rọvwọ. Adah rẹ ọmọtẹ ri Elọn rẹ ohwo ri Hẹt, Oholibamah rẹ ọmọtẹ ri Anah ọmọ ri Zibeọn re ohwo ri Hiv,
GEN_036_003|data/processed/segments/GEN/GEN_036_003.wav|kugbe Basʼemath, ọmọtẹ rẹ Ishmael rẹ oniọvo ri Nebaiot.
GEN_036_004|data/processed/segments/GEN/GEN_036_004.wav|Adah de vwiẹ kẹ Isọ, Elifaz; Basʼemath de vwiẹ Roẹl;
GEN_036_005|data/processed/segments/GEN/GEN_036_005.wav|Oholibamah de vwiẹ Jeush, Jalam, kugbe Korah. Enana keye emọ rẹ Isọ ro vwiẹri vwẹ otọ ri Kenan.
GEN_036_006|data/processed/segments/GEN/GEN_036_006.wav|Etiyin Isọ da reyọ eya rọye, te emọ rọye rẹ emeshare vẹ emetẹ kugbe ekru rọye ejobi, uchuru rọye, te eranvwe rọye, kugbe eyere rọye ejobi ro vwori vwẹ otọ ri Kenan, ọ da kua kpo otọ ọfa ro tephe kẹ oniọvo rọye Jekọp.
GEN_036_010|data/processed/segments/GEN/GEN_036_010.wav|Enana odẹ rẹ emọ rẹ Isọ. Elifaz rẹ ọmọ rẹ Adah rẹ aye rẹ Isọ, Roẹl rẹ ọmọ ri Basʼemath rẹ aye rẹ Isọ.
GEN_036_011|data/processed/segments/GEN/GEN_036_011.wav|Emọ ri Elifaz kẹ Timan, Omar, Zefo, Gatam, kugbe Kenaz.
GEN_036_012|data/processed/segments/GEN/GEN_036_012.wav|(Timna ọye ọsẹ rẹ Elifaz, ọmọ rẹ Isọ; o de vwiẹ Amalẹk kẹ Elifaz).
GEN_036_013|data/processed/segments/GEN/GEN_036_013.wav|Enana emọ ri Roẹl: Nahath, Zerah, Shammah, kugbe Mizzah. Enana keye emọ ri Basʼemath, aye re Isọ.
GEN_036_014|data/processed/segments/GEN/GEN_036_014.wav|Enana emọ rẹ Oholibamah ọmọtẹ rẹ Anah rẹ ọmọ ri Zibeọn, aye rẹ Isọ: o de vwiẹ Jeush, Jalam kugbe Korah kẹ Isọ.
GEN_036_015|data/processed/segments/GEN/GEN_036_015.wav|Enana eye ilori rẹ emọ rẹ Isọ. Emọ rẹ Elifaz rẹ ọwanra rẹ Isọ: ilori na ke ena; Timan, Omar, Zefo, Kenaz,
GEN_036_016|data/processed/segments/GEN/GEN_036_016.wav|Korah, Gatam, kugbe Amalẹk; enana keye ilori rẹ emọ rẹ Elifaz vwẹ otọ rẹ Idọm; keye emọ rẹ Adah.
GEN_036_017|data/processed/segments/GEN/GEN_036_017.wav|Enana emọ ri Roẹl, ọmọ rẹ Isọ: ilori rọye kẹ Nahath, Zerah, Shammah, kugbe Mizzah; enana keye ilori ri Roẹl vwẹ otọ rẹ Idọm; ayen kẹ emọ ri Basʼemath, aye rẹ Isọ.
GEN_036_018|data/processed/segments/GEN/GEN_036_018.wav|Enana emọ rẹ Oholibamah, aye rẹ Isọ: ilori rọye kẹ ena Jeush, Jalam, kugbe Korah, enana keye ilori rẹ Oholibamah, rẹ ọmọtẹ rẹ Anah, rẹ aye rẹ Isọ.
GEN_036_019|data/processed/segments/GEN/GEN_036_019.wav|Enana eye emọ rẹ Isọ (kọye Idọm), enana keye ilori rayen.
GEN_036_020|data/processed/segments/GEN/GEN_036_020.wav|Enana emọ ri Seir ohwo ri Họr, ri yere otọ na vẹrhe: Lotan, Shobal, Zibeọn, Anah,
GEN_036_021|data/processed/segments/GEN/GEN_036_021.wav|Dishon, Ezer, kugbe Dishan; enana ilori rẹ emọ ri Họr, rẹ emọ ri Sier vwẹ otọ rẹ Idọm.
GEN_036_022|data/processed/segments/GEN/GEN_036_022.wav|Emọ ri Lotan ki Hori kugbe Heman, oniọvo rẹ ọmọtẹ ri Lotan ki Timna.
GEN_036_023|data/processed/segments/GEN/GEN_036_023.wav|Enana keye emọ ri Shobal Alvan, Manahath, Ebal, Shefo kugbe Onam.
GEN_036_024|data/processed/segments/GEN/GEN_036_024.wav|Enana emọ ri Zibeọn, Ajah kugbe Anah, ọye Anah rọ mrẹ ogbugbu re tuabọ vwẹ evun rẹ aton na, rọ vwọ sẹro rẹ ekẹtẹkẹtẹ ri Zibeọn rẹ ọsẹ rọye.
GEN_036_025|data/processed/segments/GEN/GEN_036_025.wav|Enana emọ rẹ Anah Dishon kugbe Oholibamah rẹ ọmọtẹ ri Anah.
GEN_036_026|data/processed/segments/GEN/GEN_036_026.wav|Enana emọ ri Dishon: Hemdan, Eshban, Ithran, kugbe Cheran.
GEN_036_027|data/processed/segments/GEN/GEN_036_027.wav|Enana emọ rẹ Ezer. Bilhan, Zaavan, kugbe Akan.
GEN_036_028|data/processed/segments/GEN/GEN_036_028.wav|Enana emọ ri Dishan Uz kugbe Aran.
GEN_036_029|data/processed/segments/GEN/GEN_036_029.wav|Enana keye ilori rẹ emọ ri Họr: ilori na kẹ ena Lotan, Shobal, Zibeọn, Anah,
GEN_036_030|data/processed/segments/GEN/GEN_036_030.wav|Dishon, Ezer, kugbe Dishan, ena keye ilori rẹ emọ ri Họr, dohwo dẹgborho rọye vwẹ otọ ri Seir.
GEN_036_031|data/processed/segments/GEN/GEN_036_031.wav|Enana ke rha ivie re rere vwẹ otọ rẹ Idọm, tavwe ra ke mrẹ ne ovie rere vwe Izrẹl.
GEN_036_032|data/processed/segments/GEN/GEN_036_032.wav|Bẹla rẹ ọmọ ri Beor da re vwẹ Idọm, odẹ rẹ orere rọ da re ki Dinhabath.
GEN_036_033|data/processed/segments/GEN/GEN_036_033.wav|Bẹla de ghwu, Jobab rẹ ọmọ ri Zerah re ohwo ri Bozrah da re vwe asan ro nuru.
GEN_036_036|data/processed/segments/GEN/GEN_036_036.wav|Hada de ghwu, Samlah ri Masreʼkah da re vwẹ asan ro nuru.
GEN_036_039|data/processed/segments/GEN/GEN_036_039.wav|Baal-hanan rẹ ọmọ rẹ Akbor de ghwu, Hadar da re vwe asan ro nuru, odẹ rẹ orere rọye ki Pau; odẹ rẹ aye rọye ki Mẹhẹtabẹl, rẹ ọmọtẹ ri Matred, ọmọtẹ ri Mezhab.
GEN_036_040|data/processed/segments/GEN/GEN_036_040.wav|Enana keye ẹdẹ ri ilori rẹ emọ rẹ Isọ, uvwiuvwiẹ rayen kugbe irere rayen dia vẹ odẹ rayen ilori na kẹ ena: Timna, Alvah, Jetet,
GEN_036_041|data/processed/segments/GEN/GEN_036_041.wav|Oholibamah, Elah, Pinon,
GEN_036_042|data/processed/segments/GEN/GEN_036_042.wav|Kenaz, Temna, Mibzar,
GEN_036_043|data/processed/segments/GEN/GEN_036_043.wav|Magdiel, kugbe Iram; enana ilori re Idọm (kọye Isọ, ọsẹ rẹ Idọm), vẹ asansan rayen dia vwẹ otọ rayen kuara na.
GEN_037_001|data/processed/segments/GEN/GEN_037_001.wav|Jekọp da dia otọ rẹ ọsẹ rọye da ọrharha jovwo na, vwẹ otọ ri Kenan
GEN_037_002|data/processed/segments/GEN/GEN_037_002.wav|Ọnana kọye ikun rẹ uvwiẹ ri Jekọp. Josẹf vwọ ikpe ihwiori gbẹ ivẹ re, ko sun igodẹ rẹ ọsẹ rọye ọ vẹ imoni rọye, ọ vẹ emọ ri Bilhah kugbe Zilpah, eya rẹ ọsẹ rọye Josẹf; kọ rhia ayen vwọ kẹ ọsẹ rayen.
GEN_037_003|data/processed/segments/GEN/GEN_037_003.wav|Asakiephana ivun ri Josẹf vwerha Izrẹl gangan nọ emọ rọye ri chekọ na ejobi, kidie ọye ọmọ rẹ uyovwi esha rọye, o de ko ewun ogrogro ro te abọ re kẹ.
GEN_037_004|data/processed/segments/GEN/GEN_037_004.wav|Ẹkẹvuọvo rẹ imoni rọye ri chekọ vwọ mrẹ nẹ ivun rọye re ma vwerhe ọsẹ rayen, oma rọye ko tun ayen, ayen ke ta ota iphriphri kẹ.
GEN_037_005|data/processed/segments/GEN/GEN_037_005.wav|Vwẹ ọke nana Josẹf da vwerhe evwerhẹ, rọ vwọ ta evwerhẹ na kẹ imoni rọye kọ rhoma tun ayen oma dududu.
GEN_037_006|data/processed/segments/GEN/GEN_037_006.wav|Ọ da ta kẹ ayen, Wa kerhọ rẹ evwerhẹ nana re Me vwerhẹre
GEN_037_007|data/processed/segments/GEN/GEN_037_007.wav|nighe, avwanre ke gba eka vwe obo udju, e vwo ni, erhagha rẹ ọka mẹ de vrẹn mudia goro, nighere erhagha rẹ ovwan na de rhi bi riariẹ ọ mẹ na, i de gbe uyovwi kpotọ kẹ erhagha mẹ na.
GEN_037_008|data/processed/segments/GEN/GEN_037_008.wav|Imoni rọye da ta kẹ nẹ, Vwẹ ọ rẹ uyota na ko wẹ ri che sun avwanre? Eyẹ ko wẹ re cha re ovie vwẹ enu rẹ avwanre? Oma rọye de tun ayen phihọ fiki rẹ evwerhẹ rọye kugbe fiki rẹ eta rọye.
GEN_037_009|data/processed/segments/GEN/GEN_037_009.wav|Ọ da rhoma vwerhe evwerhẹ ọfa, ọ da je ta kẹ imoni rọye, ọ da ta, Nighere, Me rha vwerhe evwerhẹ ọfa re, mi vwo ni, ọnre, emeranvwe, kugbe isio uhwọvo da vwẹ uyovwi te otọ kẹ vwẹ.
GEN_037_010|data/processed/segments/GEN/GEN_037_010.wav|Ẹkẹvuọvo rọ vwọ ta kẹ ọsẹ rọye vẹ imoni rọye, ọsẹ rọye da ghwọ kuo, ọ da ta kẹ, Ọnana didi oka rẹ evwerhẹ wọ vwerhẹre na? Ko mẹvwẹ te oni wẹn kugbe imoni wẹn cha ghene vwẹ uyovwi te otọ ke wẹ?
GEN_037_011|data/processed/segments/GEN/GEN_037_011.wav|Imoni rọye ke rioma kpahọ, ẹkẹvuọvo ọsẹ rọye de phi eta na vwọ evun.
GEN_037_012|data/processed/segments/GEN/GEN_037_012.wav|Vwẹ ọke nana imoni rọye da ra ghẹrẹ igodẹ vwẹ asan rọ kẹrẹ Shikẹm.
GEN_037_013|data/processed/segments/GEN/GEN_037_013.wav|Izrẹl da ta ki Josẹf, Ọ dia imoni wẹn re ghẹrẹ igodẹ vwi Shikẹm na? Mọ ri mi ji we bru ayen ra. Ọ da ta kẹ, Mẹvwẹ na.
GEN_037_014|data/processed/segments/GEN/GEN_037_014.wav|Etiyin ọ da ta kẹ, Yanran, ra mrẹ imoni wẹn sẹ oma rayen dori, te uchuru na re wọ rhe vuẹ vwẹ. Etiyin o de jo nẹ iyara ri Hebrọn, o de rhi te Shikẹm.
GEN_037_015|data/processed/segments/GEN/GEN_037_015.wav|Ohwo ọvo da mrẹ ro beghe vwẹ evun rẹ ẹghwa, ohwo na da nọ, Die wọ guọnọ?
GEN_037_016|data/processed/segments/GEN/GEN_037_016.wav|Me guọnọ imoni mẹ mrẹ, ọ da ta, ta kẹ vwẹ, Me rẹ wẹ, tivọ ayen da ghẹrẹ uchuru na?
GEN_037_019|data/processed/segments/GEN/GEN_037_019.wav|Ayen da ta kẹ ohwohwo nẹ, Ọvwerhẹ evwerhẹ na cha re.
GEN_037_020|data/processed/segments/GEN/GEN_037_020.wav|A mọ, re hwe re mu orivwi rọye phihọ ọgọdọ ọvo, avwanre ke tanẹ eranvwe ẹvo re djoma hwere, avwanre ke mrẹ obo rẹ evwerhẹ rọye na ru kẹ.
GEN_037_021|data/processed/segments/GEN/GEN_037_021.wav|Ẹkẹvuọvo ọke ri Rubẹn vwo nyo, o de sivwo mie ayen tanẹ, E jẹn avwanre hwe-e
GEN_037_024|data/processed/segments/GEN/GEN_037_024.wav|ayen reyerọ ayen de muo phihọ ọgọdọ ọvo. Ọgọdọ na ọyaya, ame herọ-ọ.
GEN_037_026|data/processed/segments/GEN/GEN_037_026.wav|Etiyin Juda da ta kẹ imoni rọye, Didi erere ri te ohwo re de hwe omoni rẹ avwanre re de si ọbara rọye nu?
GEN_037_030|data/processed/segments/GEN/GEN_037_030.wav|o de rhivwi bru imoni rọye, ọ da ta, Ọmọ na gbe herọ-ọ; ko mẹvwẹ, ki tivọ Me ra?
GEN_037_031|data/processed/segments/GEN/GEN_037_031.wav|Etiyin ayen da reyọ ewun ri Josẹf, ayen de hwe ẹvwe, ayen da vwẹ ewun na gbunie ọbara na,
GEN_037_032|data/processed/segments/GEN/GEN_037_032.wav|ayen da reyọ ewun ogrogro na ro te abọ re na vwo rhe ọsẹ rayen, ayen da ta, Ọna kọye avwanre mrereọ, gbe no sẹ ọna ewun rẹ ọmọ wẹn eyẹ ẹjo.
GEN_037_033|data/processed/segments/GEN/GEN_037_033.wav|O de vughe, ọ da ta, Ọnana ewun rẹ ọmọ mẹ; eranvwe rọ djoma hwere re; ọ djaghọ Josẹf djaghe djaghe nure.
GEN_037_034|data/processed/segments/GEN/GEN_037_034.wav|Jekọp da bẹrẹ iwun rọye, ọ da vwẹ emwa rẹ uvweri rhuo, o de muomahọ kẹ ọmọ rọye ẹdẹ buebu.
GEN_037_035|data/processed/segments/GEN/GEN_037_035.wav|Emeshare rọye ejobi te emetẹ de vrẹn rhi bro uche, ọ da se nẹ e bro ọye uche-e, ọ da ta, Ẹjo, Me vwẹ oma rẹ uvweri na bru ọmọ mẹ kpo erivwi. Kẹnẹ ọsẹ rọye viẹ kẹ,
GEN_037_036|data/processed/segments/GEN/GEN_037_036.wav|Vwẹ uvwre rẹ ọke yena ihwo ri Midian na da shẹ kpo Ijipt vwọ kẹ Potifa, onotu ri Fero, olori rẹ ihwo re rhere.
GEN_038_001|data/processed/segments/GEN/GEN_038_001.wav|Vwẹ ọke yena Juda de vrẹn nẹ asan rẹ imoni rọye epha, ọ da vwẹriẹ asan rẹ ohwo rẹ Adulam ọvo, re se odẹ rọye Hirah.
GEN_038_002|data/processed/segments/GEN/GEN_038_002.wav|Etiyin Juda da mrẹ ọmọtẹ rẹ ohwo ri Kenan ọvo re se odẹ rọye Shua, ọ da rọvwọ ọ vọye da mroma,
GEN_038_003|data/processed/segments/GEN/GEN_038_003.wav|ọ da mrevun o de vwiẹ ọmọshare, o de se odẹ rọye Ẹr.
GEN_038_004|data/processed/segments/GEN/GEN_038_004.wav|Ọ da rhoma mrevun o de vwiẹ ọshare ọfa, o de se odẹ rọye Ọnan.
GEN_038_006|data/processed/segments/GEN/GEN_038_006.wav|Juda da reyọ aye vwọ kẹ Ẹr rẹ ọwanra rọye re se Tamar.
GEN_038_008|data/processed/segments/GEN/GEN_038_008.wav|Etiyin Juda da ta kẹ Ọnan, Bru aye rẹ oniọvo wẹ na ra, ru wo ru obo re ruẹ ke aye re oniọvo kẹ, rere wo vwiẹ ọmọ kẹ oniọvo wẹn.
GEN_038_009|data/processed/segments/GEN/GEN_038_009.wav|Ẹkẹvuọvo Ọnan riẹnre nẹ ọmọ na cha dia ọrọye-e; kọye ro vwo nene aye rẹ oniọvo rọye na mroma re, o de hwẹ ameoma na kufia rere aye re oniọvo rọye na vwo je vwiẹ.
GEN_038_012|data/processed/segments/GEN/GEN_038_012.wav|Emerha aye ri Juda, rẹ ọmọtẹ ri Shua, de ghwu, ọke rẹ ẹro vwọ hiẹ Juda nure, o de kpo Timnah ra mrẹ ihwo re bọrọ igodẹ rọye, te ọye te ugbeyan rọye Hirah rẹ ohwo rẹ Adulam.
GEN_038_013|data/processed/segments/GEN/GEN_038_013.wav|Ra vwọ ta ki Tamar nẹ, Ọsọrọvwe wẹn yanran kpo Timnah ra bọrọ igodẹ,
GEN_038_016|data/processed/segments/GEN/GEN_038_016.wav|Ọ da yanran bro kpo abọ rivẹ rẹ idjerhe na, ọ da ta kẹ, Yanrhe re Me vowẹ ruemu, kidie ọ rha riẹn nẹ aye rẹ ọmọ rọye-e. Ọ da ta, kidie wọ vwọ kẹ vwẹ, ri wo ki nene uvwe ruemu?
GEN_038_017|data/processed/segments/GEN/GEN_038_017.wav|Ọ da kpahe, Mi mu ẹmẹvwe nẹ usun rẹ uchuru mẹ na rhe we. Ọ da ta, Ku wọ vwẹ emu viẹnwa kẹ vwẹ, bẹsiẹ wo vwo muo rhe?
GEN_038_018|data/processed/segments/GEN/GEN_038_018.wav|Ọ da ta, Ki didi emu mi vwo viẹnwa kẹ wẹ? Ọ da kpahe, Isa wẹn kugbe eme wẹn, kugbe ọkpọ́ wẹn ro rhe we obọ na. Etiyin ọ da vwẹ ayen kẹ, ọ vọye da mroma, ọ da ghwa mrevun.
GEN_038_019|data/processed/segments/GEN/GEN_038_019.wav|Etiyin o vrẹnri ọ da yanran, ọ ghwiẹ oga na nu o de ku iwun rẹ uvweri rọye phihọ.
GEN_038_020|data/processed/segments/GEN/GEN_038_020.wav|Ri Juda vwọ reyọ ẹmẹvwe na vwo rhe ugbeyan rọye rẹ ohwo rẹ Adulam na, rere ọ reyọ ekuakua ro vwo viẹnwa na mie aye na, o gbe mrẹ-ẹ.
GEN_038_021|data/processed/segments/GEN/GEN_038_021.wav|Ọ da nọ ihwo rẹ asan na nẹ, Kẹ igberadja rọ Enaim na rhọ rọ oma rẹ idjerhe na? Ayen da tanẹ, Igberadja ọvuọvo etinẹ-ẹ.
GEN_038_022|data/processed/segments/GEN/GEN_038_022.wav|O de rhivwi bru Juda, ọ da ta, Me mrẹrẹ-ẹ, ihwo rẹ asan na je tanẹ, Igberadja ọvuọvo etinẹ-ẹ.
GEN_038_023|data/processed/segments/GEN/GEN_038_023.wav|Juda da kpahe, E gbe jọ yọnrọn ekuakua na kẹ oma rọye, a da rha hwẹ avwanre, wọ mrẹre, Me vwẹ ẹmẹvwe na rhe, yu wọ mrẹrẹ-ẹ.
GEN_038_024|data/processed/segments/GEN/GEN_038_024.wav|Kirẹ emeranvwe erha ka rhe ta ki Juda nẹ, Tamar rẹ aye rẹ ọmọ wẹn gbe igberadja; kidie ọ wan igberadja na mrevun Juda da ta, Reyọ rhe rere a torhẹ hwe.
GEN_038_025|data/processed/segments/GEN/GEN_038_025.wav|Ra vwọ reyọ cha re, o de ji ohwo ra vuẹ ọsorọvwe rọye nẹ, Ohwo ro vwo ekuakua nana, ọye re kẹ vwẹ evun na. Ọ da ta, Vughe te, Me rẹ wẹ, ono ri vwo enana isa na, eme na kugbe ọkpọ́ na.
GEN_038_026|data/processed/segments/GEN/GEN_038_026.wav|Juda de vughe ayen ọ da ta, Ọ dia ọvwata nọ vwẹ, kidie ọ rha guakẹ vwẹ vwọ kẹ Shelaha-a. O vọye gbe mroma ọfa-a.
GEN_038_029|data/processed/segments/GEN/GEN_038_029.wav|Ẹkẹvuọvo ro rhe vwo si obọ reyọ, nighere oniọvo rọye de ghwe ri shotọ; ọ da ta, Didi uphrophro wọ rha rharhe kẹ oma wẹn, fiki rẹ ọtiọye na e de se odẹ rọye Pẹrẹz.
GEN_038_030|data/processed/segments/GEN/GEN_038_030.wav|Emerha oniọvo rọye de rhi shotọ vẹ isene re churu muo obọ e de rhe se odẹ rọye Zerah.
GEN_039_001|data/processed/segments/GEN/GEN_039_001.wav|Vwẹ ọke nana a da reyọ Josẹf vwo kpo Ijipt, kọye Potifa, onotu ri Fero, olori rẹ ihwo re rhẹrẹ, okpuyovwi rọye ohwo rẹ Ijipt, da dẹ mie ihwo rẹ Ishmael ri ghoro rhe.
GEN_039_002|data/processed/segments/GEN/GEN_039_002.wav|Ọrovwohwo vi Josẹf herọ, ọ da rhe dia omamọ rẹ ohwo kẹ uwevwi rẹ onini rọye rẹ ohwo rẹ Ijipt na.
GEN_039_003|data/processed/segments/GEN/GEN_039_003.wav|Onini rọye da mrẹ vughe nẹ Ọrovwohwo vọye herọ, nẹ Ọrovwohwo re jabọ rẹ obo rọye ruẹ ejobi vwo yovwi kẹ.
GEN_039_006|data/processed/segments/GEN/GEN_039_006.wav|Kọye ọ da yan jobo ro vwori ejobi vwo ki Josẹf, ro vwo jẹn ayen vwo kẹ nu ọ gbe ro ẹnwa rẹ emuọvo jokpa re obo rọ ria ọvo. Josẹf re dje na ohwo erhuvwu gangan.
GEN_039_007|data/processed/segments/GEN/GEN_039_007.wav|Ọmọke vwọ wan nure aye rẹ onini rọye na kọ vwẹ ẹro guọnọ Josẹf, ọ da ta, Mọ ra vwerhẹ.
GEN_039_008|data/processed/segments/GEN/GEN_039_008.wav|Ẹkẹvuọvo ọ da se ọ da ta kẹ aye rẹ onini rọye na, Nighe, Me vwọ herọ na onini mẹ gbe ro ẹnwa rẹ emuọvo-o, o de phi kemu kemu na ejobi phihọ ovwẹ obọ.
GEN_039_009|data/processed/segments/GEN/GEN_039_009.wav|Ọ rhonọ vwẹ vwẹ uwevwi na-a, eyẹ o si emuọvo nu kẹ vwẹ-ẹ jokpa wẹ ọvo, fikiridie wẹ aye rọye, komavọ mi ru emu ọbrabra nana, ri mi ru umwemwu kpahe Ọghẹnẹ.
GEN_039_010|data/processed/segments/GEN/GEN_039_010.wav|Dede na ọ ta ki Josẹf kẹdẹ kẹdẹ na, jẹn ọ davwerhọ rọye-e, ro vwo nene shevwerhẹ eyẹ ro vwo si kẹrẹ-ẹ.
GEN_039_012|data/processed/segments/GEN/GEN_039_012.wav|O de shabọ phihọ ewun rọye, tanẹ, Mọ ra vwerhẹ Ẹkẹvuọvo ọ da djẹ je ewun rọye vwo kẹ, ọ da djẹ ro otafe nẹ evun rẹ uwevwi na.
GEN_039_013|data/processed/segments/GEN/GEN_039_013.wav|Rọ vwọ mrẹ nẹ Josẹf djẹ jẹ ewun rọye vwo kẹ rọ da dje ro otafe,
GEN_039_015|data/processed/segments/GEN/GEN_039_015.wav|ọke ro vwo nyo nẹ mi bunu, ọ da yan jẹ ewun rọye vwo kẹ vwẹ, ọ da djẹ nẹ uwevwi ro otafe.
GEN_039_016|data/processed/segments/GEN/GEN_039_016.wav|O de si ewun na nu bẹsiẹ rẹ onini rọye vwọ rhe uwevwi,
GEN_039_018|data/processed/segments/GEN/GEN_039_018.wav|Ẹkẹvuọvo Me ghwa vwọ kpare urhuru mi che vwo bunu, ọ da yan je ewun rọye vwo kẹ vwẹ, ọ da djẹ ruafe.
GEN_039_019|data/processed/segments/GEN/GEN_039_019.wav|Ọke rẹ onini rọye vwo nyo eta rẹ aye rọye ta kẹ, Ọnana obo rẹ odibo wẹn phọphọ ovwẹ, ophu de muo gangan.
GEN_039_020|data/processed/segments/GEN/GEN_039_020.wav|Onini ri Josẹf ghwa reyọ o de re muo phihọ uwodi, asan ra da karọ ekru rẹ ovie, kẹ Etiyin a kaerọ phihọ.
GEN_039_022|data/processed/segments/GEN/GEN_039_022.wav|Olori rẹ uwodi na da vwi kemu kemu rẹ uwodi na ejobi te ihwo vwọ kẹ Josẹf yọnre, obo re ruru ejobi ọye ri ru ayen.
GEN_040_001|data/processed/segments/GEN/GEN_040_001.wav|Ọmọke vwọ wanre, omuidi rẹ ovie rẹ Ijipt kugbe okakemu rọye da chọ urhi rẹ ọrovwayen ovie rẹ Ijipt na.
GEN_040_002|data/processed/segments/GEN/GEN_040_002.wav|Ivun de miovwo Fero kpahe inotu rọye ivẹ na, omuidi na kugbe okakemu na,
GEN_040_003|data/processed/segments/GEN/GEN_040_003.wav|o de mu ayen phihọ uwodi vwẹ uwevwi rẹ onotu rẹ idugbu na, vwẹ evun rẹ uwodi re ji mu Josẹf phihọ na.
GEN_040_005|data/processed/segments/GEN/GEN_040_005.wav|Ason ọvo ayen ivẹ na da vwerhẹ evwerhẹ - omuidi na kugbe okakemu na rẹ ovie rẹ Ijipt re mu phihọ uwodi na, dohwo devwerhẹ rọye, dohwo dotọ rọye.
GEN_040_006|data/processed/segments/GEN/GEN_040_006.wav|Ri Josẹf vwo bru ayen rhe irhiọke re mrẹ ayen, ayen de muomahọ.
GEN_040_008|data/processed/segments/GEN/GEN_040_008.wav|Ayen da ta kẹ, Avwanre vwerhẹ evwerhẹ, a rha mrẹ ohwo rọ faotọ rọye kẹ avwanre-e. Josẹf da ta kẹ ayen; Ọ dia Ọghẹnẹ re faotọ rẹ evwerhẹ? Gba ta kẹ vwẹ, Me rẹ wẹ.
GEN_040_009|data/processed/segments/GEN/GEN_040_009.wav|Kọye omuidi na da ta evwerhẹ rọye ki Josẹf, ọ da ta kẹ, Vwẹ evwerhẹ mẹ na urhé ri vain da obaro Me,
GEN_040_010|data/processed/segments/GEN/GEN_040_010.wav|vwẹ enu ri vain na eghọn erha da herọ; rọ ghwa vwọ kpa ipho na, ọ da ghwa mọ ibi, siẹvuọvo na ibi na da ghwa vware.
GEN_040_011|data/processed/segments/GEN/GEN_040_011.wav|Yẹ úko ri Fero rhe vwe obọ; Me da reyọ otie na mi de mi ayen phihọ uko ri Fero na, mi de mu uko na phihọ obọ ri Fero.
GEN_040_012|data/processed/segments/GEN/GEN_040_012.wav|Etiyin Josẹf da ta kẹ, Ọnana otọ rọye: eghọn erha na eye ẹdẹ erha;
GEN_040_013|data/processed/segments/GEN/GEN_040_013.wav|vwẹ evun rẹ ẹdẹ erha na Fero kọ kpare uyovwi wẹn kpenu kọ rhoma phi we phihọ edia wẹn, ku wo mu úko phihọ obọ ri Fero kirobo ri wo ruẹ jovwo, ọke ru wọ vwọ omuidi rọye.
GEN_040_014|data/processed/segments/GEN/GEN_040_014.wav|Ẹkẹvuọvo karo ovwẹ, ọke ro de yovwi kẹ wẹ, re wo ji ru ẹse na kẹ vwẹ, Me rẹ wẹ, re wọ fan odẹ mẹ ki Fero, re o si vwẹ nẹ uwevwi nana.
GEN_040_016|data/processed/segments/GEN/GEN_040_016.wav|Ọke rẹ olori rẹ ekakemu na vwọ mrẹ nẹ ọ fan otọ rọye yoyovwi, ọ da ta ki Josẹf, Me je vwerhẹ evwerhẹ rhe: ibere rẹ ikara erha da enu rẹ uyovwi mẹ,
GEN_040_017|data/processed/segments/GEN/GEN_040_017.wav|ọ rọ ka obenu ejobi da vọn vẹ emu ra kakere ki Fero, ẹkẹvuọvo ephran ke sohrọ ria vwẹ enu rẹ uyovwi mẹ.
GEN_040_018|data/processed/segments/GEN/GEN_040_018.wav|Josẹf da kpahe, Ọnana ye otọ rọye: ibere erha eye ẹdẹ erha;
GEN_040_020|data/processed/segments/GEN/GEN_040_020.wav|Vwẹ ẹdẹ rẹ erha, rọ dia eduvwiẹ ri Fero, o de chere emu kẹ idibo rọye ejobi, ọ da kpare uyovwi rẹ onotu rẹ omuidi na kpenu kugbe uyovwi rẹ onotu rọ kakemu na kpenu vwẹ usun rẹ idibo rọye na.
GEN_040_021|data/processed/segments/GEN/GEN_040_021.wav|Ọ da rhoma reyọ onotu rẹ omuidi na phihọ ako rẹ iruo rọye o de mu uko phihọ obọ ri Fero,
GEN_040_022|data/processed/segments/GEN/GEN_040_022.wav|ẹkẹvuọvo o de churu onotu rọ kakemu na si, kirobo ri Josẹf fan otọ rẹ evwerhẹ na kẹ ayen.
GEN_040_023|data/processed/segments/GEN/GEN_040_023.wav|Yẹ ẹkẹvuọvo onotu rẹ omuidi na gbe sa karophihọ Josẹfu-u, o da chọẹro.
GEN_041_004|data/processed/segments/GEN/GEN_041_004.wav|Irhuẹn re dọndọn grosi na de mu iride tubie tubie na rọ. Fero de gbunie rhọvwọ.
GEN_041_005|data/processed/segments/GEN/GEN_041_005.wav|O de sheruo ovwerhẹ o da vwerhẹ evwerhẹ obo rivẹ; o vwo ni, eduru rẹ eka ighwrẹ gbuke yoyovwi, da djẹ vwẹ ugbẹn rẹ ọka ọvo.
GEN_041_006|data/processed/segments/GEN/GEN_041_006.wav|Mi rhe vwo ni, eduru rẹ eka ighwrẹ re vwara ẹbe gẹngẹn rẹ odju bẹre de rhe mu kpahe erẹ ẹsosuọ na.
GEN_041_007|data/processed/segments/GEN/GEN_041_007.wav|Ere pha gẹngẹn na de mu ighwrẹ re pha gbuke na rọ Fero da rhọvwọ rhe,
GEN_041_008|data/processed/segments/GEN/GEN_041_008.wav|Rẹ ọke vwo rhie re, udu ko bro, o de re se ẹboepha rẹ Ijipt ejobi kugbe ebuiroro ejobi, Fero da ta evwerhẹ na vwọ kẹ ayen, ẹkẹvuọvo a mrẹ ohwo ọvuọvo rọ sa fan otọ rọye ki Fero-o.
GEN_041_009|data/processed/segments/GEN/GEN_041_009.wav|Etiyin onotu rẹ omuidi na da ta ki Fero, Me karophihọ obrabra mẹ nonẹ na.
GEN_041_011|data/processed/segments/GEN/GEN_041_011.wav|avwanre da vwerhẹ evwerhẹ vwẹ ason ọvuọvo na, te ọye te omẹvwẹ, dohwo devwerhẹ rọye dohwo dotọ rọye.
GEN_041_014|data/processed/segments/GEN/GEN_041_014.wav|Etiyin Fero de ji ikọ re se Josẹf, e de sio nẹ emwa na kpata kpata; rọ vwọ wanre etọ rọye nu ro vwo wene amwa rọye nu, o de rhi mudia obaro ri Fero.
GEN_041_015|data/processed/segments/GEN/GEN_041_015.wav|Fero da ta ki Josẹf, Me vwerhẹ evwerhẹ, a rha mrẹ ohwo ọvuọvo rọ sa fan otọ rọye-e; mi nyori nẹ a da ta evwerhẹ kẹ wẹ ku wọ sa fan otọ rọye.
GEN_041_016|data/processed/segments/GEN/GEN_041_016.wav|Josẹf da kpahe ki Fero, Ọ evun mẹẹ, Ọghẹnẹ re sa fan otọ rọ gbare ki Fero.
GEN_041_018|data/processed/segments/GEN/GEN_041_018.wav|irhuẹn ighwrẹ sọkọ sọkọ tubie tubie, de nẹ evun ri Nile rhe ke ria ẹgo vwẹ oma rẹ urhie;
GEN_041_020|data/processed/segments/GEN/GEN_041_020.wav|Irhuẹn ighwrẹ dọndọn grosi na de mu ere ẹsosuọ ighwrẹ na ri tubie tubie na rọ,
GEN_041_023|data/processed/segments/GEN/GEN_041_023.wav|eduru rẹ eka ighwrẹ efa, gẹngẹn, re vwara ẹbe, rẹ odju bẹre, ri mu kpahe ighwrẹ rẹ ẹsosuọ na,
GEN_041_024|data/processed/segments/GEN/GEN_041_024.wav|eduru rẹ eka re gẹngẹn na da rọ iri gbuke yoyovwi na. Me tarọ kẹ ẹboepha ejobi, ẹkẹvuọvo o vwo ohwo rọ sa fan otọ rọye kẹ vwẹ-ẹ.
GEN_041_025|data/processed/segments/GEN/GEN_041_025.wav|Etiyin Josẹf da ta ki Fero, Evwerhẹ ri Fero na ọvuọvo; Ọghẹnẹ vwọ phia ki Fero obo ro che ru.
GEN_041_026|data/processed/segments/GEN/GEN_041_026.wav|Irhuẹn ighwrẹ ri yoyovwi na eye ikpe ighwrẹ, eduru rẹ eka ighwrẹ ri yoyovwi na eye jẹ ikpe ighwrẹ; evwerhẹ na ọvuọvo
GEN_041_027|data/processed/segments/GEN/GEN_041_027.wav|Irhuẹn ighwrẹ re dọndọn grosi na, re vwọ kpahe ayen na eye ikpe ighwrẹ, vẹ eduru rẹ eka re gẹngẹn re vwara ẹbe na rẹ odju bẹre na, eye ikpe ighwrẹ rẹ owẹvwe
GEN_041_028|data/processed/segments/GEN/GEN_041_028.wav|Ọ pha kirobo re Me ta ki Fero na, Ọghẹnẹ rhe vwọ phia ki Fero obo ro che ru.
GEN_041_029|data/processed/segments/GEN/GEN_041_029.wav|Ikpe ighwrẹ rẹ ororo cha rhe vwẹ otọ rẹ Ijipt na ejobi,
GEN_041_030|data/processed/segments/GEN/GEN_041_030.wav|ẹkẹvuọvo ororo na de notọ nu ikpe ighwrẹ rẹ owẹvwe kọ cha rhe, okuvwe na ejobi ke cha chọẹro vwẹ otọ rẹ Ijipt na, owẹvwe na fi gangan vwẹ otọ na,
GEN_041_031|data/processed/segments/GEN/GEN_041_031.wav|ororo na a gbe karophihọ-ọ fiki re owẹvwe ọgangan ro che nene na, kidie ọ cha gan gangan.
GEN_041_032|data/processed/segments/GEN/GEN_041_032.wav|Evwerhẹ na rẹ ọhwọhwọ ivẹ na dje phia nẹ Ọghẹnẹ bru ẹdẹ na nure, Ọghẹnẹ kọ cha vwọ phia nanana.
GEN_041_033|data/processed/segments/GEN/GEN_041_033.wav|Ọtiọye na e gbe ji Fero sanọ ohwo rọ ghwanre vẹ ọhọ́, rere o vwo mu vwẹ Ijipt na ejobi.
GEN_041_034|data/processed/segments/GEN/GEN_041_034.wav|E gbe ji Fero vwẹ ilori mu buebu vwẹ otọ na, rere e toro ẹko-uri rẹ obo re vuru nẹ otọ rẹ Ijipt na rhe vwẹ ọke rẹ ikpe ighwrẹ rẹ ororo na.
GEN_041_035|data/processed/segments/GEN/GEN_041_035.wav|Ja ghwẹ emu nana re toro cha na ejobi koko vwẹ ọgangan ri Fero, vwẹ orere ọvuọvo, rere a sẹro rayen.
GEN_041_037|data/processed/segments/GEN/GEN_041_037.wav|Iroro nana de shephihọ ki Fero vẹ idibo rọye ejobi.
GEN_041_039|data/processed/segments/GEN/GEN_041_039.wav|Kọye Fero da ta ki Josẹf, Rẹ Ọghẹnẹ vwọ vwẹ emu na ejobi phia kẹ wẹ na, o rhe vwo ohwo ọvuọvo rọ ghwanre no wẹ-ẹ;
GEN_041_040|data/processed/segments/GEN/GEN_041_040.wav|ko wẹ re cha dia enu rẹ uwevwi mẹ, ihwo mẹ ke vwẹ oma kpotọ kẹ wẹ sun, jokpa rẹ obo ekete mẹ Me da rho nọ wẹ.
GEN_041_042|data/processed/segments/GEN/GEN_041_042.wav|Etiyin Fero da ghwiẹ isa nẹ obo rọye o de kuo phihọ obo ri Josẹf, o de ku adagba ọfuanfon phihọ oma, o de ku ọjọnrọn re oro phihọ ohọre;
GEN_041_043|data/processed/segments/GEN/GEN_041_043.wav|ọ da vwẹ idjighere rọye rivẹ kẹ nẹ ọgua, ayen de ghwoghwo nẹ, We shiguẹ. Enẹ a vwi Josẹf mu vwẹ enu rẹ Ijipt.
GEN_041_045|data/processed/segments/GEN/GEN_041_045.wav|Fero de se odẹ ri Josẹf Zafenatapanea; ọ da vwẹ Asenat, rẹ ọmọtẹ ri Potifera orherẹ ri On vwọ kẹ nẹ ọ vwọ rọvwọ. Kọye Josẹf de ki otọ rẹ Ijipt ejobi duvwu.
GEN_041_046|data/processed/segments/GEN/GEN_041_046.wav|Ikpe ọgban Josẹf teri ọke rọ vwọ ro iruo ri Fero ovie rẹ Ijipt. Josẹf da yan nẹ obaro ri Fero, o de ki otọ rẹ Ijipt na ejobi duvwu.
GEN_041_047|data/processed/segments/GEN/GEN_041_047.wav|Vwẹ ikpe ighwrẹ rẹ ororo na otọ na de yovwi emu gangan,
GEN_041_048|data/processed/segments/GEN/GEN_041_048.wav|o de koko emu vwẹ ikpe ighwrẹ rẹ ororo na vwẹ otọ rẹ Ijipt na ejobi, o de koko emu vwẹ irere na ejobi; a da ghwẹ emu na nẹ idju re riariẹ orere ọvuọvo na rhi koko.
GEN_041_049|data/processed/segments/GEN/GEN_041_049.wav|Josẹf de koko eka buebu gbidi kiri ehavwo rẹ urhie, o rhi te ukuko na a gbe sa vwavwe aye-en, kidie ibunọ.
GEN_041_050|data/processed/segments/GEN/GEN_041_050.wav|Tavwe rẹ ikpe rẹ owẹvwe na ki rhi te, Josẹf vwiẹ emeshare ivẹ nure, rẹ Asenat, rẹ ọmọtẹ ri Potifera rẹ orhere ri On, vwiẹ kẹ.
GEN_041_051|data/processed/segments/GEN/GEN_041_051.wav|Josẹf de se odẹ rẹ ọwanra rọye na Manasse, Kidie, ọ tare nẹ, Ọghẹnẹ nẹrhẹ ojá mẹ ejobi kugbe uwevwi mẹ chọ ovwẹ ẹro.
GEN_041_052|data/processed/segments/GEN/GEN_041_052.wav|Odẹ rẹ ọrivẹ o de se Ifrem, Kidie Ọghẹnẹ ru vwe phihọ ọmiọvwọ vwẹ otọ rẹ ukpokpogho mẹ.
GEN_041_053|data/processed/segments/GEN/GEN_041_053.wav|Ikpe ighwrẹ rẹ ororo na da rhe gba vwẹ otọ rẹ Ijipt na;
GEN_041_054|data/processed/segments/GEN/GEN_041_054.wav|ikpe ighwrẹ rẹ owẹvwe na ra rhẹrẹ cha, kirobo ri Josẹf tare. Owẹvwe de rhi fi vwẹ irere efa, ẹkẹvuọvo emuọre da rhe vọn otọ rẹ Ijipt.
GEN_041_055|data/processed/segments/GEN/GEN_041_055.wav|Ọke rẹ emuọre rẹ otọ rẹ Ijipt ejobi vwo re nu, ihwo na ejobi ki brenu rẹ emu hwe Fero, Fero da ta kẹ ihwo rẹ Ijipt, We bru Josẹf ra; obo rọ ta kẹ ovwan, we ru.
GEN_041_056|data/processed/segments/GEN/GEN_041_056.wav|Ọke rẹ owẹvwe na rhi vwo fi ruo otọ na ejobi re, Josẹf de rhie evun rọye ejobi phihọ, ọ da shẹ emu kẹ ihwo rẹ Ijipt, fikiridie owẹvwe na ganre vwẹ otọ rẹ Ijipt na gangan.
GEN_041_057|data/processed/segments/GEN/GEN_041_057.wav|Ọrọmarho, ihwo rẹ akpọ na ejobi de kpo Ijipt bru Josẹf ra dẹ ọka, kidie owẹvwe na pha gangan vwẹ akpọ na ejobi.
GEN_042_001|data/processed/segments/GEN/GEN_042_001.wav|Ọke ri Jekọp vwo nyo nẹ ọka Ijipt, ọ da ta kẹ emọ rọye, Die ovwan ohwohwo vwo nẹ ohwo?
GEN_042_002|data/processed/segments/GEN/GEN_042_002.wav|O da ta, Nighe, mi nyori nẹ ọka Ijipt, yanran wa ra dẹ ọka kẹ avwanre vwẹ oboyi, rere ma vwọ rhọ, re e je ghwo.
GEN_042_003|data/processed/segments/GEN/GEN_042_003.wav|Kọye ihwe rẹ emesẹ ri Josẹf da yanran kpo Ijipt ra dẹ oka.
GEN_042_005|data/processed/segments/GEN/GEN_042_005.wav|Kẹnẹ emọ rẹ Izrẹl yanran ra dẹ kugbe ihwo efa re je rhe dẹ, kidie owẹvwe na firi vwẹ otọ ri Kenan ejobi.
GEN_042_007|data/processed/segments/GEN/GEN_042_007.wav|Josẹf da mrẹ emesẹ rọye na, o de vughe ayen, ẹkẹvuọvo o de ru ayen kiri erhorha ọ da ta ota gbaegbae kẹ ayen. Tivọ we nurhe? ọ da ta. Ayen da ta, Nẹ otọ ri Kenan rhe, re de emu.
GEN_042_008|data/processed/segments/GEN/GEN_042_008.wav|Kẹnẹ Josẹf vughe emesẹ rọye, ẹkẹvuọvo jẹn ayen vughire-e.
GEN_042_009|data/processed/segments/GEN/GEN_042_009.wav|Josẹf da karohọ evwerhẹ rọ vwerhẹ kpahe ayen, ọ da ta kẹ ayen, Ovwan ogborhugborho, wa rhere re mrẹ ẹba rẹ otọ na.
GEN_042_010|data/processed/segments/GEN/GEN_042_010.wav|Ayen da ta kẹ, Ẹjo, ọrovwovwe, ẹkẹvuọvo e mu ọye idibo wẹn rhe dẹ.
GEN_042_012|data/processed/segments/GEN/GEN_042_012.wav|Ọ da ta kẹ ayen, Ẹjo, ẹba rẹ otọ na ọye ovwan rhe mrẹ.
GEN_042_013|data/processed/segments/GEN/GEN_042_013.wav|Ayen da ta, Avwanre, idibo wẹn, emesẹ ihwivẹ, emọ rẹ ọshare ọvo vwẹ otọ ri Kenan; gbe no, ọrẹ otete ejobi ọ vẹ ọsẹ rẹ avwanre obo uwevwi nonẹ na, ọro chekọ gbe herọ-ọ.
GEN_042_017|data/processed/segments/GEN/GEN_042_017.wav|O de mu ayen phihọ uwodi ẹdẹ erha.
GEN_042_022|data/processed/segments/GEN/GEN_042_022.wav|Rubẹn da kpahe kẹ ayen, Me ta kẹ ovwan dẹrhẹye nu we ruẹ umwemwu kpahe ọmọ na-a? Ẹkẹvuọvo wa davwerhọ-ọ. Etinẹ na ihri rẹ ọbara rọye kọye a ria mie avwanre na.
GEN_042_024|data/processed/segments/GEN/GEN_042_024.wav|O de chuko ku ayen ọ da viẹ, ro vwo rhivwi rhe ọ da ta ota kẹ ayen. Ọ da reyọ Simiọn ọ da gba vwẹ irharo rayen.
GEN_042_025|data/processed/segments/GEN/GEN_042_025.wav|Josẹf da ta kẹ emọ nẹ a ghwẹ eka vọ ebó rayen, re ji kru igho rayen phihọ ebo kẹ ayen, ra je vwẹ emu kẹ ayen re ayen re vwẹ idjerhe. E de ru Ọnana kẹ ayen.
GEN_042_028|data/processed/segments/GEN/GEN_042_028.wav|Ọ da ta kẹ emesẹ rọye, A rhoma kru igho mẹ phihọ unu rẹ ebó mẹ. Rẹ ayen vwo nyo Ọnana, ọfiavwe da fiavwe ayen, ayen ke phariẹ kẹ ohwohwo, tanẹ, Ọna kidie Ọghẹnẹ rhi ru kẹ avwanre na?
GEN_042_036|data/processed/segments/GEN/GEN_042_036.wav|Jekọp rẹ ọsẹ rayen da ta kẹ ayen, We rhe mie vwe emọ mẹ hwere: Josẹf gbe herọ-ọ, Simiọn gbe herọ-ọ, ovwan nẹ wa jẹn reyọ Bẹnjamin; enana ejobi kẹ omẹvwẹ emiavwa na.
GEN_042_037|data/processed/segments/GEN/GEN_042_037.wav|Rubẹn da ta kẹ ọsẹ rọye, Hwe emọ mẹ ivẹ suọ ọ da dianẹ Me gbe sa reyọ rhe we-e; phio phihọ obọ mẹ, ki mi vwo rhe we.
GEN_042_038|data/processed/segments/GEN/GEN_042_038.wav|Ẹkẹvuọvo ọ da ta, Ọmọ mẹ che nene ovwan ra-a, kidie oniọvo rọye ghwuru, kẹ ọye ọvo ri chekọ. Emu de ruo vwẹ oyan rẹ ovwan cha ra na, ku wa reyọ ovwẹ vẹ esha vẹ uvweri rhi kpo ushi.
GEN_043_003|data/processed/segments/GEN/GEN_043_003.wav|Ẹkẹvuọvo Juda da ta kẹ, Ohwo na kpokpa kẹ avwanre nẹ, jokpa nẹ ọmọsẹ wẹn na nene uwe.
GEN_043_006|data/processed/segments/GEN/GEN_043_006.wav|Izrẹl da ta, Die jabọ we vwo ru emu ogbegbo nana ru wa vwọ ta kẹ ohwo na nẹ we ji vwo ọmọsẹ ọfa?
GEN_043_009|data/processed/segments/GEN/GEN_043_009.wav|Me re esarobọ rọye; obọ mẹ wọ da nọ ekpẹn rọye; Ọ da dianẹ Me rha reyọ rhe re vwọ kẹ wẹ-ẹ, ko mẹvwẹ re ghwa abe rọye bẹdẹ,
GEN_043_012|data/processed/segments/GEN/GEN_043_012.wav|Wa ghwa ẹko re ighó ivẹ nene oma, reyọ igho re dẹvọ re kru phihọ unu rẹ ibo rẹ ovwan na, ọkeọvo yẹ ọ cho ayen ẹro.
GEN_043_015|data/processed/segments/GEN/GEN_043_015.wav|Kọye ihwo na da reyọ ọko na, ayen da reyọ igho na ẹko ivẹ na nene oma, kugbe Bẹnjamin; ayen de vrẹn yanran kpo Ijipt, ayen de mudia vwẹ obaro ri Josẹf.
GEN_043_016|data/processed/segments/GEN/GEN_043_016.wav|Ri Josẹf vwọ mrẹ Bẹnjamin vẹ ayen, ọ da ta kẹ omuemu rẹ uwevwi rọye, Reyọ ihwo na kpo obo uwevwi, hwe eranvwe vwo chere emu, kidie ihwo na vo vwẹ cha re emu oghẹruvo na.
GEN_043_017|data/processed/segments/GEN/GEN_043_017.wav|Ohwo na de ru kirobo ri Josẹf ta kẹ na, o da reyọ ihwo na rhe uwevwi ri Josẹf.
GEN_043_023|data/processed/segments/GEN/GEN_043_023.wav|Ọ da kpahe, Wa ruẹ ẹnwa-an, wa djẹ oshọọ, Ọghẹnẹ rẹ ovwan kugbe Ọghẹnẹ rẹ esẹ rẹ ovwan ọye ri si efe nana nu vwẹ ibo na kẹ ovwan, Me reyọ igho rẹ ovwan. Ọ da reyọ Simiọn vwọ phia kẹ ayen.
GEN_043_025|data/processed/segments/GEN/GEN_043_025.wav|ayen da nabọ rhuẹrẹ ọko na kpahe bẹsiẹ ri Josẹf vwọ rhe vwẹ oghẹruvo, kidie ayen nyori nẹ ayen cha re emu vwẹ Etiyin.
GEN_043_027|data/processed/segments/GEN/GEN_043_027.wav|Ọ da nọ ekpẹn rẹ oma rayen, ọ da nọ, Oma rẹ ọsẹ wẹn dori, ọmare rẹ ovwan ta kẹ vwẹ na? Ọ jẹn akpọ?
GEN_043_028|data/processed/segments/GEN/GEN_043_028.wav|Ayen da kpahe, Odibo wẹn ọsẹ rẹ avwanre na oma rọye dori, ọ jẹn akpọ? Ayen de gbe uyovwi kpotọ ayen da vwarọ.
GEN_043_030|data/processed/segments/GEN/GEN_043_030.wav|Etiyin Josẹf de bru okpakpa, kidie ọhoho rẹ oviẹ gbahọ udu fiki rẹ oniọvo rọye na, ọ da guọnọ asan rọ da viẹ. Ọ da ro uvun rọye ọ da viẹ.
GEN_043_031|data/processed/segments/GEN/GEN_043_031.wav|Ọ da hworhẹ opharo ọ da ro otafe; jẹ ochiri oma rọye ọ da ta, E ja jẹn emu rhe.
GEN_043_032|data/processed/segments/GEN/GEN_043_032.wav|Ayen da jẹn emu rọye san, a da rha jẹn ọrayen san, ihwo rẹ Ijipt re vẹ ayen gba ria na a da rha jẹn ọrayen san, fiki rẹ ihwo rẹ Ijipt vẹ ihwo ri Hibru ria emu kuẹgbe-e, kidie ọye ẹgua kẹ ihwo rẹ Ijipt.
GEN_043_033|data/processed/segments/GEN/GEN_043_033.wav|Ayen de tidia obaro rọye, ọkpọkpako kirobo rayen ghwote, ọmọmọ kirobo rẹ ayen boba te; o de gbe ihwo na unu ayen ohwohwo ki di nẹ ohwo.
GEN_043_034|data/processed/segments/GEN/GEN_043_034.wav|Imẹjẹ ri Josẹf kẹ Etiyin e de mu ẹkẹ emu rayen kẹ ayen, ẹkẹvuọvo ẹkẹ emu ri Bẹnjamin de bu te ọrayen ọvuọvo akuori. Etiyin ayen vọye da re da kugbe ghọghọ.
GEN_044_002|data/processed/segments/GEN/GEN_044_002.wav|phi uko mẹ, úko rẹ idọnọ na, phihọ unu rẹ ebó rẹ ọrotete na kugbe igho rọ rhe vwọ dẹ ọka na. O de ru kirobo ra vuẹrẹ na.
GEN_044_005|data/processed/segments/GEN/GEN_044_005.wav|O dia ọna ọrovwovwe vwọ da ame, ọ je dia ọna o vwọ bọ epha? Ọna we ruru na we ru chọ gangan.
GEN_044_006|data/processed/segments/GEN/GEN_044_006.wav|Rọ vwọ yan mu ayen nu, ọ da ta eta nana ke ayen.
GEN_044_007|data/processed/segments/GEN/GEN_044_007.wav|Ayen da ta ke, Die nẹrhẹ ọrovwovwe ta oghẹre re eta etiena? Idibo wẹn se ru oka re emu ọtiọna-a;
GEN_044_009|data/processed/segments/GEN/GEN_044_009.wav|Obọ ri kohwo kohwo ru wọ da mrẹ, e jo ghwu, avwanre ri chekọ na ke dia eviẹn rẹ ọrovwovwe.
GEN_044_010|data/processed/segments/GEN/GEN_044_010.wav|Ọ da ta, E jọ dia kirobo re wa tare na, ohwo ra mrẹrẹ vwẹ obo rọye kọ dia ọviẹn mẹ, otu ri chekọ ke riase.
GEN_044_011|data/processed/segments/GEN/GEN_044_011.wav|Etiyin ohwo ọvuọvo da rhan ebo rọye,
GEN_044_013|data/processed/segments/GEN/GEN_044_013.wav|Ayen da bẹrẹ emwa rayen, ohwo ọvuọvo de kru oghwá kpahe ekẹtẹkẹtẹ rọye, ayen de rhivwi rhe obo orere na.
GEN_044_014|data/processed/segments/GEN/GEN_044_014.wav|Ọke ri Juda vẹ emesẹ rọye rhi vwo te uwevwi ri Josẹf, yọ je Etiyin; ayen de diguẹ te otọ kẹ.
GEN_044_015|data/processed/segments/GEN/GEN_044_015.wav|Josẹf da ta kẹ ayen, Didi emu we ruru na? Wa rha riẹn nẹ ohwo ọtio mẹvwẹ na sa mraro?
GEN_044_017|data/processed/segments/GEN/GEN_044_017.wav|Ẹkẹvuọvo o da ta, Si ota yena nu oma mi se ru ọtiọye-e; Ohwo ra mrẹ uko na vwẹ obọ rọye ọye re dia ọviẹn mẹ; ẹkẹvuọvo vwọ kẹ wẹ, we kpo bru ọsẹ wẹn egberhẹnẹdẹ.
GEN_044_018|data/processed/segments/GEN/GEN_044_018.wav|Juda da yanran bro o da ta, E ọrovwovwe, jẹn odibo wẹn, Me rẹ wẹ, dje ota nana phihọ erhọn rẹ ọrovwovwe, wo jẹ ophu wẹn tua kpahe odibo wẹ-ẹn; kidie okpuyovwi wẹn họhọ Fero.
GEN_044_019|data/processed/segments/GEN/GEN_044_019.wav|Ọrovwovwe nọ idibo rọye nẹ, We ji vwo ọsẹ, eyẹ ọmọsẹ?
GEN_044_020|data/processed/segments/GEN/GEN_044_020.wav|Avwanre da ta kẹ ọrovwovwe, Avwanre vwo ọsẹ, ọmare, kugbe ọmọsẹ otete, ọmọ re esha rọye; oniọvo rọye o ghwuru, ọye ọvo kọye ọmọ rẹ oni rọye ro chekọ; ivun rọye vwerha ọsẹ rọye gangan.
GEN_044_023|data/processed/segments/GEN/GEN_044_023.wav|Etiyin wọ da ta kẹ idibo wẹn, jokpa ne ọmọsẹ rẹ ovwan rẹ otete na nene ovwan rhe-e, wa sa mrẹ opharo mẹ ọfa-a.
GEN_044_024|data/processed/segments/GEN/GEN_044_024.wav|Me vwo rhivwi bru odibo wẹn ọsẹ mẹ, avwanre da ta ota na ejobi kẹ, ọrovwovwe.
GEN_044_027|data/processed/segments/GEN/GEN_044_027.wav|Etiyin odibo wẹn ọsẹ mẹ da ta kẹ avwanre, Wa riẹnre nẹ aye mẹ vwiẹ emọ ivẹ kẹ vwẹ,
GEN_044_028|data/processed/segments/GEN/GEN_044_028.wav|ọvo yan ju vwe vwo, Me da ta, Uyota eranvwe rerọ nure, Me je mrẹ te ọke na-a.
GEN_044_029|data/processed/segments/GEN/GEN_044_029.wav|Ọ da dianẹ wa rhoma mie vwe Ọnana, emu de ruo, ẹro rẹ ọmọ mẹ na ko hwe vwe.
GEN_044_031|data/processed/segments/GEN/GEN_044_031.wav|rọ da mrẹ nẹ ọmọ na rhe nene avwanre rhe-e, ko ghwu, idibo wẹn ki vwẹ ẹro mu odibo wẹn ọsẹ rẹ avwanre, ko ghwu vẹ ojá.
GEN_044_032|data/processed/segments/GEN/GEN_044_032.wav|Odibo wẹn kọ re esarobọ rẹ ọmọ na kẹ ọsẹ mẹ tanẹ ọ da dianẹ Me rha reyọ ọmọ na rhe we-e, ke Me riabe rẹ ọsẹ mẹ vwẹ ẹdẹ rẹ akpọ mẹ ejobi.
GEN_044_033|data/processed/segments/GEN/GEN_044_033.wav|Vwẹ ọtiọye na, gbe jẹn odibo wẹn, Me rẹ wẹ, daji vwẹ ẹdia rẹ ọmọ na vwọ kẹ ọrovwovwe, Me dia ọviẹn kẹ wẹ rere ọmọ na vẹ emesẹ mẹ ri chekọ kpo.
GEN_044_034|data/processed/segments/GEN/GEN_044_034.wav|Komavọ mi se rhivwi bru ọsẹ mẹ rẹ ọmọ na gbi nene uvwe-e? Mi se yivwi mrẹ ughwu ro che hwe ọsẹ mẹ-ẹ.
GEN_046_001|data/processed/segments/GEN/GEN_046_001.wav|Etiyin Izrẹl de mu oyan te ọye te emu ro vwori ejobi, o de rhi te Bẹẹrsheba, o de ze izobo kẹ Ọghẹnẹ rẹ ọsẹ rọye Aizik.
GEN_046_002|data/processed/segments/GEN/GEN_046_002.wav|Ọghẹnẹ da ta ota kẹ Izrẹl vwẹ evwerhẹ vwẹ ason, ọ da ta, Jekọp, Jekọp o de nyo nẹ, Mẹvwẹ na.
GEN_046_007|data/processed/segments/GEN/GEN_046_007.wav|emọ rọye rẹ emeshare, kugbe emọ rẹ emọ rọye, emetẹ rọye kugbe emọ rẹ emetẹ rọye ejobi, uvwiẹ rọye ejobi vẹ ọye usun re gba rhe Ijipt.
GEN_046_009|data/processed/segments/GEN/GEN_046_009.wav|kugbe emọ ri Rubẹn: Hanọk, Pallu, Hezron, vi Karmi.
GEN_046_010|data/processed/segments/GEN/GEN_046_010.wav|Emọ ri Simiọn Jemuel, Jamin, Ohad, Jakin, Zohar, vi Shaul ọmọ rẹ aye rẹ ohwo ri Kenan.
GEN_046_011|data/processed/segments/GEN/GEN_046_011.wav|Emọ ri Livae; Gẹrshọn, Kohat, vi Merari.
GEN_046_012|data/processed/segments/GEN/GEN_046_012.wav|Emọ ri Juda: Ẹr, Ọnan, Shelah, Pẹrẹz, vi Zerah (ẹkẹvuọvo Ẹr vẹ Ọnan de ghwu vwẹ otọ ri Kenan); emọ ri Pẹrẹz ke rha Hezron vi Hamul.
GEN_046_013|data/processed/segments/GEN/GEN_046_013.wav|Emọ rẹ Isaka: Tola, Puvah, Jashub, kugbe Shimrọn.
GEN_046_014|data/processed/segments/GEN/GEN_046_014.wav|Emọ ri Zẹbulọn: Serẹd, Elọn, vi Jahleel
GEN_046_015|data/processed/segments/GEN/GEN_046_015.wav|(enana emọ ri Leah, ro vwiẹ ki Jekọp vwi Padanaram, vi Dinah rẹ ọmọtẹ rọye; ayen ejobi te emeshare vẹ emetẹ rọye da dia ọgban gbẹ erha).
GEN_046_016|data/processed/segments/GEN/GEN_046_016.wav|Emọ ri Gad: Zifion, Haggi, Shuni, Ezbon, Eri, Arodi, vi Areli.
GEN_046_017|data/processed/segments/GEN/GEN_046_017.wav|Emọ ri Asha; Imnah, Ishvah, Ishvi, Beriah, vi Serah rẹ oniọvo rọye. Emọ ri Beriah Heber vi Malkiel.
GEN_046_018|data/processed/segments/GEN/GEN_046_018.wav|(Enana emọ ri Zilpah, ri Laban vwọ kẹ Leah rẹ ọmọtẹ rọye, enana keye o vwiẹ ki Jekọp ihwe gbẹ esán).
GEN_046_019|data/processed/segments/GEN/GEN_046_019.wav|Emọ ri Rachel, rẹ aye ri Jekọp: Josẹf kugbe Bẹnjamin.
GEN_046_020|data/processed/segments/GEN/GEN_046_020.wav|Vwẹ obo otọ rẹ Ijipt Josẹf de vwiẹ Manasse kugbe Ifrem, rẹ Asenath, rẹ ọmọtẹ ri Potifera re orherẹn ri On, vwiẹ kẹ.
GEN_046_021|data/processed/segments/GEN/GEN_046_021.wav|Emọ ri Bẹnjamin: Bẹla, Becher, Ashbel, Gera, Naaman, Ehi, Rosh, Muppim, Huppim, vẹ Ard
GEN_046_022|data/processed/segments/GEN/GEN_046_022.wav|(enana emọ ri Rachel, ro vwiẹ ki Jekọp - ayen ejobi ihwo ihwẹne).
GEN_046_023|data/processed/segments/GEN/GEN_046_023.wav|Emọ ri Dan: Hushim.
GEN_046_024|data/processed/segments/GEN/GEN_046_024.wav|Emọ ri Naftali Jahzeel, Guni, Jezer, vi Shillem
GEN_046_025|data/processed/segments/GEN/GEN_046_025.wav|(enana emọ ri Bilhah, ri Laban vwọ ki Rachel ọmọtẹ rọye, enana keye o rhe vwiẹ ki Jekọp - ayen ihwo ighwrẹ).
GEN_046_026|data/processed/segments/GEN/GEN_046_026.wav|Ihwo ejobi ri Jekọp vwori re rhe otọ rẹ Ijipt, re dia emọ rẹ orhẹn rọye, e kere eya rẹ emọ ri Jekọp kugbe-e, ayen ejobi da dia ujọ́rha gbẹ esán;
GEN_046_027|data/processed/segments/GEN/GEN_046_027.wav|emọ ri Josẹf, ro vwiẹri vwẹ Ijipt, da dia ivẹ, ihwo rẹ uwevwi ri Jekọp ejobi re rhe otọ rẹ Ijipt da dia ujorha gbẹ ihwe.
GEN_046_029|data/processed/segments/GEN/GEN_046_029.wav|Etiyin Josẹf da rhuẹrẹ idjighere rọye ọ da ra vwa Izrẹl ọsẹ rọye vwi Goshẹn: ọ da vwẹ oma nẹ, o da gbanọ ohọre, ọ da viẹ kuo ohọre krekri.
GEN_046_030|data/processed/segments/GEN/GEN_046_030.wav|Izrẹl da ta ki Josẹf, Asakiephana gbe ju vwe ghwu, re Me vwọ mrẹ opharo wẹn nure na, Me ke rha riẹn nẹ wọ je akpọ.
GEN_046_031|data/processed/segments/GEN/GEN_046_031.wav|Josẹf da ta kẹ emesẹ rọye, kugbe evwruwevwi rayen, Me yanran re Me ra vuẹ Fero, re Me ta kẹ nẹ, Ọsẹ mẹ vẹ emesẹ mẹ vẹ evwruwevwi rayen ejobi, re otọ ri Kenan bru vwe rhe,
GEN_046_032|data/processed/segments/GEN/GEN_046_032.wav|ihwo na ichuru igodẹ ayen ruẹ, kidie uchuru ayen churẹ, ayen je ghwa uchuru rayen rhe, te eranvwe rayen, kugbe obo rẹ ayen vwori ejobi.
GEN_046_033|data/processed/segments/GEN/GEN_046_033.wav|Ọke ri Fero de se we, rọ da tanẹ, Didi iruo ovwan ruẹ?
GEN_046_034|data/processed/segments/GEN/GEN_046_034.wav|ku wo tanẹ, Idibo wẹn eranvwe ichurẹ nẹ ọke-emọ rhe ri te ọke na, te avwanre te ese rẹ avwanre, rere wa mrasa dia otọ ri Goshẹn na, kidie osuigodẹ kosuigodẹ ẹgua kẹ ihwo rẹ Ijipt.
GEN_047_001|data/processed/segments/GEN/GEN_047_001.wav|Etiyin Josẹf da yanran ra ta ki Fero, Ọsẹ mẹ vẹ emesẹ mẹ vẹ uchuru rayen vẹ eranvwe kugbe eyere rayen ejobi, nẹ otọ ri Kenan rhire, ayen obi Goshẹn Asakiephana.
GEN_047_003|data/processed/segments/GEN/GEN_047_003.wav|Fero da ta kẹ emesẹ rọye, Didi iruo we ruẹ? Aye da kpahe ki Fero, Idibo wẹn isuigodẹ kirobo rẹ esẹ rẹ avwanre ruru.
GEN_047_004|data/processed/segments/GEN/GEN_047_004.wav|Ayen da ta ki Fero, Avwanre rhe ukane vwẹ otọ na, kidie a rha mrẹ egbri vwọ kẹ igodẹ rẹ idibo wẹ-ẹn, fiki rẹ owẹvwe na ganọ vwẹ obo otọ ri Kenan, Asakiephana avwanre rẹ wẹ, jẹn idibo wẹn dia otọ ri Goshẹn na.
GEN_047_005|data/processed/segments/GEN/GEN_047_005.wav|Etiyin Fero da ta ki Josẹf, Ọsẹ wẹn vẹ emesẹ wẹn bru vwe rhe.
GEN_047_007|data/processed/segments/GEN/GEN_047_007.wav|Josẹf da reyọ ọsẹ rọye Jekọp rhe o de mudia vwẹ obaro ri Fero, Jekọp da nẹ ẹrhovwo ki Fero.
GEN_047_008|data/processed/segments/GEN/GEN_047_008.wav|Fero da ta ki Jekọp, Bro ikpe wọ dia akpọ re?
GEN_047_009|data/processed/segments/GEN/GEN_047_009.wav|Jekọp da ta ki Fero, Me akpọ ikpe ujosan gbẹ ihwe re, ehahavwe e ke je vọn vẹ ọdjarhe, vwẹ enana ejobi na Me je tọn te esẹ mẹ-ẹ.
GEN_047_011|data/processed/segments/GEN/GEN_047_011.wav|Etiyin Josẹf da vwẹ asan kẹ ọsẹ rọye vẹ emesẹ rọye dia, ọ da ghare ẹkẹn kẹ ayen vwẹ otọ rẹ Ijipt, asan ro Me yovwi vwẹ otọ na, vwẹ otọ ri Ramsis, kirobo ri Fero dje kẹ.
GEN_047_012|data/processed/segments/GEN/GEN_047_012.wav|Josẹf kọye re ghẹrẹ ọsẹ rọye vẹ emesẹ rọye kugbe evwruwevwi rẹ ọsẹ rọye ejobi, ọtiobo rẹ unu re ria emu vwẹ uwevwi rayen bute.
GEN_047_013|data/processed/segments/GEN/GEN_047_013.wav|Asakiephana emuọre rha otọ na ejobi-i, kidie owẹvwe na firi gangan, etiọye na te otọ rẹ Ijipt vẹ otọ ri Kenan de rhi vwioro ku fiki rẹ owẹvwe na.
GEN_047_014|data/processed/segments/GEN/GEN_047_014.wav|Josẹf de koko igho ra mrẹre vwẹ otọ re Ijipt na ejobi kugbe otọ ri Kenan na ejobi, igho rẹ ọka ra dẹre, Josẹf da ghwẹ igho na phihọ uwevwi ri Fero.
GEN_047_016|data/processed/segments/GEN/GEN_047_016.wav|Josẹf da kpahe, Kẹ vwẹ uchuru wẹn, ki mi vwẹ emuọre wene uchuru na kẹ wẹ, o da dianẹ igho wẹn reri.
GEN_047_017|data/processed/segments/GEN/GEN_047_017.wav|Etiyin ayen da ghwẹ uchuru rayen rhe Josẹf; Josẹf da vwẹ emuọre wene iyesi, igodẹ, uchuru vẹ ekẹtẹkẹtẹ rayen, ọ da vwẹ emu wene uchuru rayen ejobi ukpe yena.
GEN_047_020|data/processed/segments/GEN/GEN_047_020.wav|Ọtiọye na Josẹf da dẹ etọ rẹ Ijipt vwọ ki Fero, kidie ihwo rẹ Ijipt ejobi shẹ etọ rayen re, fiki rẹ owẹvwe na firi gangan. Etọ na ejobi ke ri Fero,
GEN_047_021|data/processed/segments/GEN/GEN_047_021.wav|vwọ kẹ irere na, ọ da vwẹ ayen ru eviẹn nẹ oba rẹ Ijipt ọvo re te ọrivẹ.
GEN_047_022|data/processed/segments/GEN/GEN_047_022.wav|Etọ rẹ irherẹn ọvo ọye o jẹ dẹ; kidie irherẹn na vwo uchosa ri Fero hwa kẹ ayen: fiki rẹ ọtiọye na ayen gbe shẹ etọ rayen.
GEN_047_023|data/processed/segments/GEN/GEN_047_023.wav|Etiyin Josẹf da ta kẹ ihwo na, Nighe, nonẹ na Me dẹ ovwan vẹ etọ rẹ ovwan vwọ ki Fero. Enana ibi rẹ emamọ na, ovwan gba kọn otọ na.
GEN_047_024|data/processed/segments/GEN/GEN_047_024.wav|Vwẹ ọke orhọ we gbe toro akuori vwọ ki Fero, akuẹne ri chekọ ke re ovwan, kẹ Etiyin wa da re kugbe Etiyin wa da je kọn, Etiyin uwevwi rẹ ovwan da re kugbe imitete rẹ ovwan ejobi.
GEN_047_025|data/processed/segments/GEN/GEN_047_025.wav|Ayen da ta, Wo Sivwi avwanre nure, gbe je o je ọrovwovwe, avwanre ke dia eviẹn ri Fero.
GEN_047_026|data/processed/segments/GEN/GEN_047_026.wav|Ọtiọye Josẹf vwi ro ru urhi vwẹ otọ rẹ Ijipt, urhi na ji mudia rhi te nonẹ, nẹ, Fero gbe vwo akuori rẹ orhọ, otọ rẹ irherẹn na ọvo kọye je ọ ri Fero ẹdia.
GEN_047_028|data/processed/segments/GEN/GEN_047_028.wav|Jekọp da dia otọ rẹ Ijipt ikpe ihwe gbẹ ighwrẹ; ọtiọye ẹdẹ ri Jekọp, kugbe ikpe rọ tọn te da dia ikpe ujughwrẹ gbẹ ighwrẹ
GEN_047_030|data/processed/segments/GEN/GEN_047_030.wav|ẹkẹvuọvo shi vwe kẹrẹ esẹ mẹ, mu vwe nẹ Ijipt rere wo shi vwe phihọ ogbẹ rayen. O da kpahe nẹ, Mi ru kirobo wọ tare.
GEN_048_001|data/processed/segments/GEN/GEN_048_001.wav|Rẹ Ọnana vwọ wan nu ka ta ki Josẹf nẹ, Nighe, ọsẹ wẹn herọ mwa, Etiyin ọ da reyọ emọ rọye ivẹ, Manasse vẹ Ifrem
GEN_048_002|data/processed/segments/GEN/GEN_048_002.wav|Ka vuẹ Jekọp nẹ, Ọmọ wẹn Josẹf rhe mrẹ wẹ; Etiyin Izrẹl da vwẹ ẹgbẹgba vrẹn, o de Tidia ehwa.
GEN_048_004|data/processed/segments/GEN/GEN_048_004.wav|ọ da ta kẹ vwẹ, Nighe, mi ru we ogbaọmiovwọ, ki mi ru we bu, ki mi ru we urogho rẹ ihwo, ke Me vwẹ otọ na kẹ uvwiẹ wẹn rọ cha vwẹ obuko wẹ re ọ dia ẹkẹn rayen bẹdẹ.
GEN_048_005|data/processed/segments/GEN/GEN_048_005.wav|Asakiephana emọ wẹn ivẹ na, ru wo vwẹriẹ vwẹ otọ rẹ Ijipt na tavwe re Me ke rhe Ijipt na, e mẹ; Ifrem vi Manasse ke dia e mẹ, kirobo ri Rubẹn vi Simiọn epha.
GEN_048_007|data/processed/segments/GEN/GEN_048_007.wav|Kidie ọke mi vwo nẹ Padan cha, Rachel da va vwẹ abọ ghwu vwẹ otọ ri Kenan vwẹ idjerhe, yẹ asan na vẹ Ephrat ji oshesheri, mi de sho vwẹ idjerhe rẹ Ephrat (kọye Bẹtlẹhẹm).
GEN_048_008|data/processed/segments/GEN/GEN_048_008.wav|Ọke rẹ Izrẹl vwọ mrẹ emọ ri Josẹf, ọ da ta, Ena amono?
GEN_048_009|data/processed/segments/GEN/GEN_048_009.wav|Josẹf da ta kẹ ọsẹ rọye, Ena emọ mẹ, rẹ Ọghẹnẹ vwọ kẹ vwẹ etinẹ. Ọ da ta kẹ, Reyọ ayen rhe vwe, Me rẹ wẹ, rere Me nẹ ẹrhovwo kẹ ayen.
GEN_048_010|data/processed/segments/GEN/GEN_048_010.wav|Asakiephana ẹro rẹ Izrẹl djeri fiki rẹ oghwo, o gbi jọ mrẹrẹ-ẹ. Etiyin Josẹf da reyọ ayen kẹrẹ; ọ da fiọnfiọn ayen unu ọ da gbanọ ayen.
GEN_048_011|data/processed/segments/GEN/GEN_048_011.wav|Izrẹl da ta ki Josẹf, Mi gbi roro jovwo nẹ Me mrẹ opharo wẹn vẹrhe-e, gbe nighere, Ọghẹnẹ kọye jabọ Me sa vwọ mrẹ emọ wẹn rhe.
GEN_048_012|data/processed/segments/GEN/GEN_048_012.wav|Etiyin Josẹf de mu ayen nẹ igbo rọye, o de diguẹ bọvwọ opharo rhu otọ.
GEN_048_013|data/processed/segments/GEN/GEN_048_013.wav|Josẹf da reyọ ayen ivẹ na, Ifrem da obọrhe rọye kọye obọhwẹre rẹ Izrẹl, Manasse da obọhwẹre rọye kọye obọrhe rẹ Izrẹl, o de si ayen kẹrẹ.
GEN_048_014|data/processed/segments/GEN/GEN_048_014.wav|Izrẹl da riẹn obọrhe rọye vwọ kpahe Ifrem uyovwi, rọ dia omotete, ọ da ghwẹ obọhwẹre rọye kpahe uyovwi ri Manasse ọ da vwẹ obọ wan ohwohwo, kidie Manasse ọye ọwanra.
GEN_048_015|data/processed/segments/GEN/GEN_048_015.wav|Ọ nẹ ẹrhovwo ki Josẹf, ọ da ta, Ọghẹnẹ rẹ Ebraham vẹ Aizik rẹ esẹ mẹ yan nene, Ọghẹnẹ ro sun vwe vwẹ akpọ mẹ rhi te nonẹ,
GEN_048_016|data/processed/segments/GEN/GEN_048_016.wav|amakashe rọ tan vwẹ nẹ idẹbono ejobi, bruphihọ kẹ emọ nana; jẹn odẹ mẹ wan oma rayen va phia, kugbe odẹ rẹ esẹ mẹ Ebraham vẹ Aizik; jẹn ayen bu phihọ ẹgborho vwẹ enu rẹ akpọ na.
GEN_048_018|data/processed/segments/GEN/GEN_048_018.wav|Josẹf da ta kẹ ọsẹ rọye, Ọ dia ọtiọye-e, baba, fikiridie Ọnana ọye ọmọkpako, Ghwẹ obọrhe wẹn kpahe uyovwi rọye.
GEN_048_019|data/processed/segments/GEN/GEN_048_019.wav|Ẹkẹvuọvo ọsẹ rọye da sen tanẹ, Me riẹnre mọmẹ, Me riẹnre, okpuyovwi rọye je cha dia ohwo rhe, ọ je cha rho; dede na oniọvo rọye rẹ otete na cha rhonọ, uvwiẹ rọye che hirhe ẹgborho rode.
GEN_048_020|data/processed/segments/GEN/GEN_048_020.wav|Ọtiọye kọye ọ nẹ ẹrhovwo kẹ ayen vwẹ ẹdẹ yena tanẹ, Oma wẹ yẹ Izrẹl wan nẹ ẹrhovwo tanẹ, Ọghẹnẹ ru we kiri Ifrem vi Manasse; kẹ etiọye ọ vwẹ Ifrem ka obaro ki Manasse.
GEN_048_021|data/processed/segments/GEN/GEN_048_021.wav|Etiyin Izrẹl da ta ki Josẹf, Nighe, mi muegbe rẹ ughwu re, ẹkẹvuọvo Ọghẹnẹ nene uwe dia, rọ je vwo wẹ rhivwi rhi te otọ rẹ esẹ wẹn.
GEN_050_001|data/processed/segments/GEN/GEN_050_001.wav|Josẹf da gbanọ ọsẹ rọye ọ da vwẹ opharo te, ọ da viẹ, ọ da fiọnfiọn.
GEN_050_002|data/processed/segments/GEN/GEN_050_002.wav|Josẹf da kẹ idibo rọye rẹ ẹbo nẹ ayen vwẹ umwu pharọ orivwi rẹ ọsẹ rọye Ọtiọye na ẹbo na da pharọ orivwi rẹ Izrẹl,
GEN_050_003|data/processed/segments/GEN/GEN_050_003.wav|ẹdẹ ujuvẹ eruo, kidie ekuakua ra vwọ pharọ pha buebu. Ihwo rẹ Ijipt na da viẹ ẹdẹ ujorha gbẹ ihwe.
GEN_050_004|data/processed/segments/GEN/GEN_050_004.wav|Ẹdẹ rẹ uvweri na ejobi vwọ ghwiẹ nu, Josẹf da ta kẹ ekru ri Fero nẹ, Ọ da dianẹ ivun mẹ vwerhe ovwan, gba ta, Me rẹ wẹ, ki Fero nyo nẹ,
GEN_050_006|data/processed/segments/GEN/GEN_050_006.wav|Fero da kpahe kẹ, Yanran re shi ọsẹ wẹn, kirobo rọ tanẹ wo duvwu iyori kẹ ọye na.
GEN_050_007|data/processed/segments/GEN/GEN_050_007.wav|Kọye Josẹf da yanran re shi ọsẹ rọye, idibo ri Fero ejobi de nene yanran, kugbe ekpako rẹ Ijipt ejobi,
GEN_050_008|data/processed/segments/GEN/GEN_050_008.wav|etiọye ji te uwevwi ri Josẹf, emesẹ rọye, kugbe uwevwi rẹ ọsẹ rọye ejobi, jokpa rẹ imitete na ọvo, uchuru rayen, vẹ eranvwe rayen ọvo ri chekọ vwi Goshẹn.
GEN_050_009|data/processed/segments/GEN/GEN_050_009.wav|Te idjighere rẹ ofovwi te iyesi vẹ otu re gua iyi nenire, usun grogro rọghọ rọghọ.
GEN_050_010|data/processed/segments/GEN/GEN_050_010.wav|Rẹ ayen rhi vwo te uwevwi rẹ ewunye rẹ Atad, rọ abọ oboyi ri Jọdan, Etiyin ayen da viẹ oviẹ rode, oviẹ rẹ uvwerhe, o de muomahọ urhughwrẹ soso vwọ ke ọsẹ rọye.
GEN_050_013|data/processed/segments/GEN/GEN_050_013.wav|kidie emọ rọye muro rhe otọ ri Kenan, ayen de rhi sho phihọ ẹmwa rọ aghwa ri Mak-pela, rọ obọrhe ri Mamre, rẹ Ebraham dẹre kugbe udju mie Efrọn ohwo ri Hẹt, rọ dia ẹkẹn rẹ ogbẹ.
GEN_050_014|data/processed/segments/GEN/GEN_050_014.wav|Ro vwo shi ọsẹ rọye nu. Josẹf de rhivwi kpo Ijipt vẹ emesẹ rọye kugbe ihwo ejobi ri nenire ra re shi ọsẹ rọye.
GEN_050_015|data/processed/segments/GEN/GEN_050_015.wav|Ọke rẹ emesẹ ri Josẹf vwọ mrẹ nẹ ọsẹ rayen ghwure, ayen da ta, Ọke ọvo evun rẹ avwanre Me rhoma ri miovwo Josẹf, ọ Me rhe hwosa rẹ imwemwu ri Me ruro kẹ avwanre.
GEN_050_018|data/processed/segments/GEN/GEN_050_018.wav|Emesẹ rọye na ọvo da yan rhe ri shiguẹ kẹ, ayen da ta, Nighe, avwanre idibo wẹn.
GEN_050_019|data/processed/segments/GEN/GEN_050_019.wav|Ẹkẹvuọvo Josẹf da ta kẹ ayen, Wa djẹ oshọ-ọ fikiridie kẹ ẹdia rẹ Ọghẹnẹ mi epha?
GEN_050_022|data/processed/segments/GEN/GEN_050_022.wav|Ọtiọye na Josẹf da dia otọ rẹ Ijipt, te ọye vẹ uwevwi rọye ejobi, Josẹf da dia ikpe ujori gbẹ ihwe.
GEN_050_023|data/processed/segments/GEN/GEN_050_023.wav|Josẹf da mrẹ ivwrọmọ rẹ erha rẹ Ifrem, ji te emọ ri Machir rẹ ọmọ ri Manasse re vwẹriẹ phihọ awọ ri Josẹf.
GEN_050_024|data/processed/segments/GEN/GEN_050_024.wav|Josẹf da ta kẹ emesẹ rọye, Mi che ghwu reọ, ẹkẹvuọvo Ọghẹnẹ che bru ovwan rhe, rọ da reyọ ovwan nẹ otọ nana vwo kpo otọ re veri kẹ Ebraham, Aizik, kugbe Jekọp.
GEN_050_025|data/processed/segments/GEN/GEN_050_025.wav|Josẹf de tanẹ, emọ rẹ Izrẹl duvwu iyori, tanẹ, Ọghẹnẹ mrẹ ovwan, ovwan Me ghwa ibeku mẹ nẹ etinẹ.
GEN_050_026|data/processed/segments/GEN/GEN_050_026.wav|Josẹf de ghwu, rọ vwọ tọn ẹgbukpe ujori gbẹ ihwe nu, ayen da vwẹ umwu phare orivwi rọye, e de muo phihọ okọ vwẹ Ijipt.
